tree
version=v4
num_class=1
num_tree_per_iteration=1
label_index=0
max_feature_idx=13
objective=binary sigmoid:1
feature_names=Column_0 Column_1 Column_2 Column_3 Column_4 Column_5 Column_6 Column_7 Column_8 Column_9 Column_10 Column_11 Column_12 Column_13
feature_infos=[0:1] [-1:1] [5.4961832061057265:98.292682926831532] [0:100] [0.030290179923668746:6.1845058200424905] [0.00048142857142860089:0.0065228571428571315] [0:0.99999997214484759] none [-1:1] [0.13620981387475972:6.3667574931880537] [0:1] [0:1] [0:1] [5.8554679763597175:85.134852599228637]
tree_sizes=3423 3415 3299 3452 3423 3435 3410 3428 3410 3440 3429 3411 3421 3429 3408 3443 3424 3419 2873 3423 2780 3406 3429 2671 2571 3437 3436 3408 3411 3429 2260 2469 3419 3428 3129 3422 3431 3092 2459 3096 3421 2158 3439 2658 3427 2260 2686 3395 3213 2259 2568 3430 2890 3187 2673 2355 3209 3445 2157 2042 3401 3100 2698 3449 3410 3309 3430 2664 2045 3414 3440 2040 3010 3092 2167 2170 3209 2131 2059 3409 3411 2551 2764 3433 3413 3432 3217 3449 2043 3417 2872 3434 3417 2905 2977 3415 3435 2143 3414 3409 2880 3106 2349 3411 3444 3407 3408 2347 3196 3423 2470 3433 3302 2247 2478 1314 2365 2786 2360 2473 2479 3410 3425 2698 2240 3426 2904 3428 2783 1425 2056 2868 2468 2475 2252 2240 2055 3402 2269 2908 3430 1950 3405 2907 2158 2055 3125 3439 1436 3424 2565 2577 2968 3119 3425 2239 3425 3301 2702 2140 2899 1934 3322 3104 3430 1430 2471 1746 3188 2480 3447 2148 1844 2254 2681 2676 3197 3297 2467 2270 2336 1938 3008 1854 1935 2366 3303 2573 1751 2494 1937 2349 3302 3420 3318 1437 3120 3440 2574 1310

Tree=0
num_leaves=31
num_cat=0
split_feature=3 4 2 4 6 6 13 5 4 13 4 2 4 6 6 2 13 4 5 5 5 5 4 4 5 5 6 6 5 4
split_gain=35.7572 19.8898 16.8628 15.2582 10.3596 9.57963 9.21658 8.86205 8.59502 7.94287 7.3391 13.154 10.6224 9.92465 10.5885 8.41049 12.4892 7.94934 6.04885 5.93483 6.86759 5.8137 5.08839 5.6008 4.92646 5.2166 4.76056 3.79031 3.68829 3.12128
threshold=32.121883917831035 0.10985849801372735 53.124639474116684 1.1809121366169169 0.23076921203154513 0.90120730326000187 33.208788725496213 0.0014464285714285948 0.16292593362408311 46.491731937417683 0.64319559953600736 72.135489024729921 0.66613616639502715 0.30232552866407797 0.35149981635189942 62.917948159260426 49.881297144744941 1.2161533718392104 0.0010492857142857289 0.001177500000000014 0.001743571428571424 0.0016407142857142573 0.52035610873923099 0.57362087583082266 0.0018696428571428616 0.001743571428571424 0.15384614550836759 0.45690319040499017 0.0025960714285714263 1.0119354568036945
decision_type=2 2 2 2 2 2 2 2 2 2 2 2 2 2 2 2 2 2 2 2 2 2 2 2 2 2 2 2 2 2
left_child=2 5 3 4 19 -2 7 -6 -8 24 11 13 27 18 -15 16 -14 -17 -3 29 -21 -11 26 -24 25 -5 -13 -12 -26 -1
right_child=1 10 -4 9 6 -7 8 -9 -10 21 12 22 15 14 -16 17 -18 -19 -20 20 -22 -23 23 -25 28 -27 -28 -29 -30 -31
leaf_value=0.057840079413924064 0.063791924979635442 0.049819291025462835 -0.044637357493981282 -0.00059526465207809093 -0.0040037380200664925 -0.014521381359429958 0.083929015685062752 0.019624313748625482 0.022352132743413348 0.05881718160477245 -0.066800146408008826 0.0097616895705894338 -0.014168889151683966 -0.045289542232926923 0.0018227044344695758 -0.0091762913377883126 0.016909173765745987 0.0072182628835399595 0.013343948444169756 0.0097616895705894338 0.042144630718027785 -0.0045880057976075833 0.038926434510793938 -0.023304639482409448 -0.03000638229262589 0.038684435824660995 -0.043314975068847114 -0.026030943792587854 0.0088521860882912941 0.024774246432444698
leaf_weight=24.965247467160225 15.226622849702837 13.983234137296675 13.514518931508062 141.00202278792858 93.008964076638222 5.2518355697393408 6.2374009042978278 69.217309683561325 61.966665863990784 9.7362178713083249 9.0144927799701708 4.9988256841897956 425.39507102966309 12.763912886381148 181.74203093349934 148.28275093436241 34.985762923955917 147.47438298165798 60.730497390031815 39.990605473518372 27.721882000565529 5.7506351023912421 5.7446182370185843 9.7554718405008298 23.516983792185787 8.9916286915540677 27.278437629342079 15.509717062115667 8.2482428848743421 9.9940412491559965
leaf_count=100 61 56 54 564 372 21 25 277 248 39 36 20 1701 51 727 593 140 590 243 160 111 23 23 39 94 36 109 62 33 40
internal_value=1.40835e-08 -0.00511484 0.0105157 0.0119212 0.0184473 0.043708 0.0125615 0.00607768 0.0279835 0.000900049 -0.0060257 0.000390261 -0.00863097 0.00468097 -0.00126891 -0.00758059 -0.0118072 -0.00100142 0.0201706 0.0316571 0.0230195 0.0352733 -0.0237874 -0.00024066 -0.00202874 0.00175942 -0.0350949 -0.0410167 -0.0199163 0.0483873
internal_weight=1662 1118.14 543.862 530.348 333.102 20.4785 230.43 162.226 68.2041 197.246 1097.66 316.997 780.662 269.22 194.506 756.138 460.381 295.757 74.7137 102.672 67.7125 15.4869 47.7774 15.5001 181.759 149.994 32.2773 24.5242 31.7652 34.9593
internal_count=6648 4472 2176 2122 1333 82 922 649 273 789 4390 1268 3122 1077 778 3024 1841 1183 299 411 271 62 191 62 727 600 129 98 127 140
is_linear=0
shrinkage=1


Tree=1
num_leaves=31
num_cat=0
split_feature=2 4 4 6 4 9 4 4 13 2 2 13 6 6 13 13 2 5 13 6 9 6 2 6 6 4 9 8 13 4
split_gain=31.2597 22.4833 17.7295 12.3088 9.30644 10.9762 9.35308 9.95529 9.04494 11.8383 11.6891 10.029 6.43818 6.28662 6.83441 7.27977 6.9757 7.37875 5.72759 5.26111 7.86101 5.86527 9.08445 4.48872 4.22159 4.10317 3.9666 3.84569 3.65883 3.58565
threshold=44.560304660193424 1.262556342100343 0.10985849801372735 0.8614730069600639 1.3120550432221803 1.0201119578135704 2.5046424174972821 1.8544344602095417 21.690021148978222 29.880634285744815 41.891912387356378 40.393372450952867 0.38038112218008729 1.0000000180025095e-35 29.750772063765815 26.14109868174447 47.284513029014853 0.00078214285714285831 26.865044720153154 0.9411764184604462 1.0670672710873541 0.89698293093576409 35.904838041096937 0.29837650736348226 0.79838440557663748 1.262556342100343 0.59584221599853715 -1.0000000180025095e-35 25.722287544728818 1.0865486976633869
decision_type=2 2 2 2 2 2 2 2 2 2 2 2 2 2 2 2 2 2 2 2 2 2 2 2 2 2 2 2 2 2
left_child=1 3 24 8 23 -6 7 -7 12 11 -11 -10 29 -4 15 25 26 -18 -17 21 28 22 -5 -3 -2 -15 -16 -14 -21 -1
right_child=2 4 13 19 5 6 -8 -9 9 10 -12 -13 27 14 16 18 17 -19 -20 20 -22 -23 -24 -25 -26 -27 -28 -29 -30 -31
leaf_value=0.013656826290047242 0.06137881438920683 -0.011320950202503757 0.039258187499679145 0.037463049521919131 -0.027107322475967678 -0.001691788314497668 -0.029661827282545628 0.025899604931508498 0.054164147360115059 0.01018476468087361 0.040431813663881648 0.013216982525485022 -0.020789657471023321 -0.0086614905267261236 -0.06915285318223216 0.035286483820853219 -0.048952246584503062 -0.0084789590939868872 0.0032077087704588548 -0.035861706483532971 0.058549160849348462 -0.045898957373327248 -0.050129243380251043 -0.065567846233808194 0.015398665341432957 0.00052773148194986265 -0.025861906045740596 0.0052049934681584397 0.0091198948176292854 0.046907782882302157
leaf_weight=55.716406032443047 11.221793919801714 6.7512156516313544 7.4915729612112036 7.2431207895278948 35.020117834210396 91.997787833213806 18.512163460254669 50.714208275079727 47.928010523319244 139.19088585674763 41.454237684607506 21.735309928655624 22.009743392467499 416.54997558891773 6.5100542753934851 16.984481677412987 11.762437686324118 264.28466881811619 76.989830449223518 7.0058571398258271 5.9913355857133856 13.76389020681381 5.0059051811695099 8.7633471786975843 8.9921625256538373 171.4916919618845 28.264646381139755 40.242734491825104 12.744747593998907 9.4884690791368467
leaf_count=223 45 27 30 29 140 368 74 203 192 557 166 87 88 1666 26 68 47 1057 308 28 24 55 20 35 36 686 113 161 51 38
internal_value=2.76598e-08 0.00865095 -0.00543596 0.0152246 -0.00468265 -0.00173543 0.00377569 0.0081131 0.0183575 0.0238783 0.0171258 0.0413884 0.0075153 -0.00637278 -0.00671709 -0.00391656 -0.0128621 -0.0102035 0.00900548 -0.00764304 0.00838229 -0.0235014 0.00166602 -0.0419621 0.0409246 -0.00598162 -0.0339663 -0.00398557 -0.0068358 0.0184954
internal_weight=1661.82 641.279 1020.54 429.521 211.759 196.244 161.224 142.712 377.766 250.308 180.645 69.6633 127.457 1000.33 992.838 682.016 310.822 276.047 93.9743 51.7549 25.7419 26.0129 12.249 15.5146 20.214 588.042 34.7747 62.2525 19.7506 65.2049
internal_count=6648 2566 4082 1719 847 785 645 571 1512 1002 723 279 510 4001 3971 2728 1243 1104 376 207 103 104 49 62 81 2352 139 249 79 261
is_linear=0
shrinkage=0.05


Tree=2
num_leaves=30
num_cat=0
split_feature=3 4 2 4 5 5 6 6 2 13 4 2 9 6 6 4 2 9 13 13 3 5 3 4 13 6 13 13 3
split_gain=30.1583 16.5552 14.8559 13.7449 10.8959 13.0784 8.36278 7.46432 7.23411 7.00219 6.61733 11.7189 11.1041 8.77825 9.61471 8.67492 7.79022 6.35254 6.25473 5.97169 5.83849 5.50552 4.6881 4.59257 5.28392 4.26267 3.55107 2.95569 0.734994
threshold=32.121883917831035 0.10985849801372735 53.124639474116684 0.5626332631471388 0.001459642857142856 0.0012849999999999886 0.79838440557663748 0.29463019311432725 51.964405862874365 46.491731937417683 0.64319559953600736 72.135489024729921 0.395001010371207 0.30232552866407797 0.35149981635189942 0.66613616639502715 60.57780066279841 1.4089191706800179 33.382015228011561 15.122668760384922 6.6397803840676408 0.0010492857142857289 9.713257965056556 0.52035610873923099 18.118754848087573 0.15384614550836759 34.638060998438313 19.1191654387322 70.806168764184051
decision_type=2 2 2 2 2 2 2 2 2 2 2 2 2 2 2 2 2 2 2 2 2 2 2 2 2 2 2 2 2
left_child=2 6 3 4 5 7 28 -1 9 20 11 13 -12 21 -15 26 -17 -11 -7 -6 -5 -3 -21 25 -25 -13 -14 -4 -2
right_child=1 10 27 8 19 18 -8 -9 -10 17 12 23 15 14 -16 16 -18 -19 -20 22 -22 -23 -24 24 -26 -27 -28 -29 -30
leaf_value=0.049946248752551353 0.079371701374699691 0.047480300139119268 -0.022719131641717589 0.017564431090728302 -0.0013316351771053133 -0.049774063052876912 0.0038174667549541819 0.010826040714879331 0.063297749384230009 0.015170117550758337 -0.070643602389738866 0.0094377017167957926 -0.023689855419418065 -0.042942447753450977 0.001964574438736101 -0.011105273503849281 -0.000863189717947153 0.066353173190144873 0.013964250674863069 0.02113940282488579 0.00057430745287601981 0.012672448262619691 0.055035716978911235 0.035655643491315683 -0.023871387745330892 -0.040790693915462861 -0.065134191186491941 -0.070318628477070752 0.053805570691844641
leaf_weight=17.960042864084244 6.4664364904165286 13.974540024995802 7.9997367113828641 60.943798825144768 7.4984028339385977 10.760054662823679 8.9926400482654554 37.976786330342293 5.4909752011299124 25.228536278009415 7.0108932107686988 4.9985142499208441 15.498925194144251 12.755857169628142 181.72622111439705 413.05152083933353 337.2397329211235 7.9797513335943213 5.9926248937845221 13.732143476605414 296.90406188368797 60.72241698205471 39.666470617055893 6.2431186288595191 9.2533631771802884 27.260438159108162 7.7545078247785559 5.5060046762228012 4.9733031988143921
leaf_count=72 26 56 32 244 30 43 36 152 22 101 28 20 62 51 727 1652 1349 32 24 55 1188 243 159 25 37 109 31 22 20
internal_value=8.39071e-08 -0.0046974 0.00965983 0.0109791 0.0248503 0.01178 0.0398961 0.0233866 0.00630625 0.00550601 -0.00552761 0.000565347 -0.00800158 0.00461501 -0.000980826 -0.00743383 -0.00650168 0.0274691 -0.0269741 0.0404515 0.00346784 0.0191844 0.0463188 -0.022261 0.000110463 -0.0330078 -0.0375106 -0.0421244 0.0682571
internal_weight=1661.56 1117.92 543.639 530.134 133.587 72.6895 20.4324 55.9368 396.547 391.056 1097.49 316.934 780.556 269.179 194.482 773.545 750.291 33.2083 16.7527 60.897 357.848 74.697 53.3986 47.7554 15.4965 32.259 23.2534 13.5057 11.4397
internal_count=6648 4472 2176 2122 535 291 82 224 1587 1565 4390 1268 3122 1077 778 3094 3001 133 67 244 1432 299 214 191 62 129 93 54 46
is_linear=0
shrinkage=0.05


Tree=3
num_leaves=31
num_cat=0
split_feature=0 3 3 13 4 4 5 6 13 6 13 5 5 5 6 5 11 5 13 13 5 3 6 3 5 5 6 4 13 3
split_gain=51.7447 49.1046 30.0399 15.5097 14.1429 10.1653 10.6752 9.43867 9.42697 12.1648 8.81757 8.79938 6.56354 6.51687 9.63801 6.74612 6.46761 8.49376 6.3847 6.23243 10.921 5.82203 5.55222 8.82231 5.48562 7.50951 6.97374 5.43148 5.93249 5.35276
threshold=1.0000000180025095e-35 32.121883917831035 46.823732658122275 38.601684892963966 0.55605186797863049 0.16292593362408311 0.0010035714285714689 0.12084223430770488 14.888447898203385 0.52941169463668392 22.351502105508221 0.00079214285714285248 0.0038596428571428614 0.00080500000000000027 0.45322912464430504 0.0023696428571428545 1.0000000180025095e-35 0.0020028571428571478 28.659473259622892 25.202006248139416 0.0016328571428571425 26.374379948100085 0.67352220683354846 17.566504742075391 0.0022449999999999974 0.0018525000000000032 0.89698293093576409 2.2935236122243388 24.952972541462977 41.326986170522538
decision_type=2 2 2 2 2 2 2 2 2 2 2 2 2 2 2 2 2 2 2 2 2 2 2 2 2 2 2 2 2 2
left_child=1 4 3 12 10 -4 8 19 9 -7 -1 -9 16 14 -6 21 18 -18 -2 20 -3 -15 -12 -24 25 -8 -26 28 -13 -21
right_child=2 7 5 -5 13 6 24 11 -10 -11 22 27 -14 15 -16 -17 17 -19 -20 29 -22 -23 23 -25 26 -27 -28 -29 -30 -31
leaf_value=0.00086208700636688769 0.032506647423102421 -0.047719088655313741 0.036748735303220509 0.051703726199803735 -0.0088952651782350251 0.027724873366985398 -0.00081950016257171642 -0.056892783298529807 0.023755635107827681 -0.05150563335668791 0.041923741468982922 -0.029906893884128025 -0.036347979836556202 0.0049781261538493216 -0.090531496815497034 -0.026954008837426824 0.013643469857381905 -0.037920701451832323 0.0066689397564542651 -0.017706401163319466 0.033612469598511586 -0.016139846689110424 -0.034270784727425417 0.035371959966731446 0.0041931316522922568 -0.018495624892779779 0.046105657237939877 -0.053077054490541613 -0.015724718346452535 0.030449709297529194
leaf_weight=38.960759505629539 94.862343445420265 13.256949514150621 20.905432730913162 39.404470056295395 12.992800191044809 8.9871437698602694 369.40566590428352 20.268591791391373 80.680843010544777 10.510311484336851 40.617084980010986 124.54891683161259 5.5030758380889884 214.3625183403492 5.0093801468610755 22.250849366188049 70.699994370341301 9.0032765567302686 31.966677591204643 8.4985588341951388 5.9935332089662543 38.498391792178154 7.2450388669967678 12.213498339056967 57.733489021658897 71.758682951331139 11.985001906752585 14.263753443956373 180.7482597976923 17.976673170924187
leaf_count=156 380 53 84 158 52 36 1478 81 323 42 163 498 22 858 20 89 283 36 128 34 24 154 29 49 231 287 48 57 723 72
internal_value=1.70566e-07 -0.00940521 0.00828018 0.0228975 0.00305257 0.00246439 0.00129146 -0.0220761 0.0162156 -0.0149852 0.0193881 -0.0249457 0.0175442 -0.00246684 -0.0316118 -0.000559715 0.0189802 0.00781878 0.0259944 -0.000748955 -0.0223969 0.00176289 0.0314028 0.00944173 -0.00163499 -0.00369465 0.0113981 -0.0229195 -0.0215105 0.0149916
internal_weight=1661.11 777.706 883.406 251.44 392.15 631.967 611.061 385.555 100.178 19.4975 99.0364 339.83 212.035 293.114 18.0022 275.112 206.532 79.7033 126.829 45.7257 19.2505 252.861 60.0756 19.4585 510.883 441.164 69.7185 319.561 305.297 26.4752
internal_count=6648 3112 3536 1007 1570 2529 2445 1542 401 78 397 1359 849 1173 72 1101 827 319 508 183 77 1012 241 78 2044 1765 279 1278 1221 106
is_linear=0
shrinkage=0.05


Tree=4
num_leaves=31
num_cat=0
split_feature=0 2 2 3 4 4 2 4 4 4 13 6 5 4 6 4 4 6 5 6 13 2 6 2 4 2 2 5 4 13
split_gain=46.7133 46.0474 33.2911 13.0056 12.1731 11.5793 11.3575 11.3361 11.1219 11.0022 9.50144 9.32379 9.26568 8.34854 7.63214 8.73283 7.57301 11.6925 9.29612 7.41697 6.8574 6.58308 6.2764 6.03733 6.6278 5.72309 5.69339 8.63723 7.37719 5.63904
threshold=1.0000000180025095e-35 45.16573908815257 44.560304660193424 32.121883917831035 0.76463552850662231 1.2497090500998598 75.903347251829857 1.8544344602095417 1.1084966458054963 0.36900620144776425 13.672439286579486 0.037617918624470219 0.0017349999999999868 1.0573234229679405 0.90980517934161176 0.40383570702752331 1.4398751671571217 0.15135134317022755 0.0011228571428571401 0.83999991599991763 24.39725682002334 19.675213675215563 0.89043487129040622 42.042200354056064 1.2096122491924906 33.444973938110266 54.894144322286657 0.0010907142857143023 0.24512304115904363 38.849620600288127
decision_type=2 2 2 2 2 2 2 2 2 2 2 2 2 2 2 2 2 2 2 2 2 2 2 2 2 2 2 2 2 2
left_child=1 3 5 4 14 22 9 29 -8 -4 -5 -3 -9 26 20 -16 18 -18 -11 -10 -1 -6 -2 25 -25 -12 28 -28 -13 -7
right_child=2 11 6 10 21 7 8 12 19 16 23 13 -14 -15 15 -17 17 -19 -20 -21 -22 -23 -24 24 -26 -27 27 -29 -30 -31
leaf_value=0.0080320562481933887 0.039918674837869927 0.014363052234282098 0.025959137882745703 -0.055179382152376805 0.022165352761565268 -0.016113165208097413 -0.023958990724502985 0.065133820826914463 -0.0060262623636456701 0.011652103379453285 0.0058466759072443057 -0.05539368636210177 -0.01430142806295135 -0.036277012821319128 0.019474598932346397 -0.070912024568031515 -0.033142910459298958 0.020578354379642953 -0.0046262528109922941 0.031717378042286172 0.031926396039036548 -0.0049787367337717579 -0.00058396278513325598 0.026516011919142737 -0.018362268408354251 -0.022161452321237552 -0.060906186985629475 -0.019100468776809786 -0.0072993684538996337 0.040062587934067556
leaf_weight=53.934168010950089 107.98859241604805 14.73032535612583 62.312541782855988 11.754101425409315 25.467834964394569 30.499381244182587 69.22331477701664 12.217431887984278 44.003885999321938 128.40849781036377 24.730758383870125 8.7442838549613935 5.2479388415813437 122.27336664497852 5.7357294708490354 5.0034454166889191 11.255431592464445 101.18351449072361 276.67798279225826 18.483253329992294 67.739430367946625 181.67883837223053 10.494523197412489 21.722204834222794 13.242164388298987 69.483465269207954 17.257351353764534 43.492525398731232 90.443438872694969 5.2339538633823386
leaf_count=216 433 59 250 47 102 122 277 49 176 514 99 35 21 489 23 20 45 405 1107 74 272 727 42 87 53 278 69 174 362 21
internal_value=2.0363e-07 -0.00893809 0.00786784 0.000627963 0.00592753 0.0276301 0.00309961 0.00825131 -0.0101545 0.00611029 -0.0121407 -0.0244173 0.0412654 -0.0264415 0.0177685 -0.0226371 0.0037204 0.0152007 0.000533829 0.00513804 0.0213348 -0.00164148 0.0363312 -0.00822452 0.00951912 -0.0148095 -0.0189222 -0.0309763 -0.0115393 -0.00788496
internal_weight=1660.66 777.433 883.23 480.492 339.559 171.682 711.548 53.1987 131.71 579.838 140.933 296.941 17.4654 282.211 132.413 10.7392 517.525 112.439 405.086 62.4871 121.674 207.147 118.483 129.179 34.9644 94.2142 159.938 60.7499 99.1877 35.7333
internal_count=6648 3112 3536 1924 1360 688 2848 213 527 2321 564 1188 70 1129 531 43 2071 450 1621 250 488 829 475 517 140 377 640 243 397 143
is_linear=0
shrinkage=0.05


Tree=5
num_leaves=31
num_cat=0
split_feature=0 3 3 13 4 4 5 13 8 5 13 13 10 13 9 4 13 3 5 9 5 3 5 13 13 4 5 5 13 4
split_gain=42.1794 40.1016 25.2752 13.6315 11.9072 8.88031 9.13778 8.53072 8.94154 8.12021 10.3324 7.44101 6.85797 7.79097 6.74627 6.18419 6.8782 6.15962 6.65112 6.12466 5.80997 9.03174 6.08457 5.54697 6.2167 5.67207 5.33564 8.74663 8.32039 8.15316
threshold=1.0000000180025095e-35 32.121883917831035 46.823732658122275 38.601684892963966 0.55605186797863049 0.16292593362408311 0.0010035714285714689 14.888447898203385 1.0000000180025095e-35 0.001295714285714297 41.758680655529268 22.351502105508221 1.0000000180025095e-35 18.118754848087573 1.966952209926941 1.8544344602095417 36.37417307639987 58.398182220342974 0.00092071428571428274 0.58522589786147061 0.00080500000000000027 18.971647747886458 0.0023696428571428545 31.10983679836135 9.7237512720838666 0.64319559953600736 0.0015103571428571568 0.0015803571428571635 15.657518503713938 0.62923914953435267
decision_type=2 2 2 2 2 2 2 2 2 2 2 2 2 2 2 2 2 2 2 2 2 2 2 2 2 2 2 2 2 2
left_child=1 4 3 14 11 19 7 8 -7 10 12 -1 -3 -14 15 16 -2 -12 -19 -4 21 -6 -22 24 -8 -25 28 -28 -11 -29
right_child=2 9 5 -5 20 6 23 -9 -10 26 17 -13 13 -15 -16 -17 -18 18 -20 -21 22 -23 -24 25 -26 -27 27 29 -30 -31
leaf_value=0.00076179172008657668 0.017177811976052962 -0.040527544551500323 0.015081504184279036 0.047944791414861049 -0.0023724978875939318 0.029235623492832253 -0.022789464443853741 0.022029923844266001 -0.040864615823320183 -0.047982604134197693 0.018335718972687213 0.028836771369538768 -0.057977446953694181 -0.0055671778113118887 -0.029919718841819987 0.04913544229756623 -0.030952105291941846 -0.064422523967259268 -0.004128325082252378 0.072584524848650786 0.0017099563388983602 -0.075539862681117453 -0.025564906073258387 0.007012963898384861 0.0031304694209815334 -0.016551014685252878 -0.049349425226666334 0.0067336139070940495 0.0058187976437478004 -0.022076589003476439
leaf_weight=38.952780514955521 181.89206916093826 103.66788841784 13.901738733053209 39.289803072810173 11.241724252700807 7.2361395210027704 24.754951968789101 80.669941440224648 12.249696418642998 8.2456343472003919 16.716974854469299 59.884751632809639 8.997046694159506 33.46823912858963 7.7468308061361304 14.46036785840988 7.7389200478792182 6.4910169094800976 15.486030176281927 6.9434995949268332 252.80408716201782 6.7503200173377982 22.247145682573318 34.476484820246696 353.0703402608633 98.499946370720863 19.749010607600212 35.206175610423088 55.927624076604843 81.184299260377884
leaf_count=156 729 415 56 158 45 29 99 323 49 33 67 241 36 134 31 58 31 26 62 28 1012 27 89 138 1413 394 79 141 224 325
internal_value=2.4068e-07 -0.00849586 0.00747721 0.0208955 0.00276488 0.00214372 0.00104878 0.0148581 -0.0148326 -0.0199537 -0.0275118 0.0177722 -0.0335951 -0.0166713 0.0158787 0.0176171 0.0152136 -0.00453769 -0.0219365 0.0342356 -0.00229676 -0.0298237 -0.000496134 -0.0016589 0.00143221 -0.0104416 -0.0129798 -0.0185825 -0.00109415 -0.013362
internal_weight=1659.95 777.021 882.931 251.128 391.881 631.803 610.958 100.156 19.4858 385.14 184.827 98.8375 146.133 42.4653 211.838 204.091 189.631 38.694 21.977 20.8452 293.043 17.992 275.051 510.802 377.825 132.976 200.313 136.139 64.1733 116.39
internal_count=6648 3112 3536 1007 1570 2529 2445 401 78 1542 740 397 585 170 849 818 760 155 88 84 1173 72 1101 2044 1512 532 802 545 257 466
is_linear=0
shrinkage=0.05


Tree=6
num_leaves=31
num_cat=0
split_feature=0 3 3 13 4 6 4 13 13 13 13 9 13 3 4 9 3 3 10 13 3 4 9 6 4 4 13 4 6 3
split_gain=38.0912 36.2357 22.8405 12.4264 10.761 8.07721 8.03924 6.73896 6.24327 6.88294 7.41082 6.11302 5.88429 5.62585 6.68804 9.81907 6.02538 6.50526 5.60923 6.30612 6.81913 6.04366 5.58544 6.12514 5.47866 6.05098 5.36974 5.74716 4.87818 8.14005
threshold=1.0000000180025095e-35 32.121883917831035 46.823732658122275 40.176248387084577 0.55605186797863049 0.12084223430770488 0.16292593362408311 22.351502105508221 9.7237512720838666 31.10983679836135 30.724850426649503 1.966952209926941 44.222246798515663 6.3137132772748545 1.262556342100343 0.74924996600622018 10.962380573248932 22.751536719510629 1.0000000180025095e-35 14.650979332728051 85.661449764084082 0.47778924280537621 0.58522589786147061 0.79838440557663748 1.8544344602095417 0.26821116747565005 25.202006248139416 0.69163451897101158 0.67352220683354846 17.566504742075391
decision_type=2 2 2 2 2 2 2 2 2 2 2 2 2 2 2 2 2 2 2 2 2 2 2 2 2 2 2 2 2 2
left_child=1 4 3 11 7 26 22 -1 -8 10 -10 24 -11 14 15 -6 -15 -18 21 -20 -21 -7 23 -4 25 -2 27 -3 -9 -30
right_child=2 5 6 -5 13 18 8 28 9 12 -12 -13 -14 16 -16 -17 17 -19 19 20 -22 -23 -24 -25 -26 -27 -28 -29 29 -31
leaf_value=0.00072371107499257653 0.04413723916322472 0.013073697933638074 0.040190699215776629 0.047415317262991474 -0.01522197581631524 0.011038607805385237 -0.021347116515368775 0.037356591673878933 0.0047181330417756448 -0.012983376544658531 0.063191463162519237 -0.026844459865851884 0.0080703847791587287 -0.022231039721738826 -0.0058555710858070736 0.049355541302972511 0.0057031997838892547 -0.012913977581740907 -0.053639233942818998 -0.0036824957302174438 -0.04252478015365431 -0.027806894645031423 0.069372450546093867 -0.028313739874966926 0.046765751264140329 0.012156327326209714 0.015372573109084207 -0.042411897447103997 -0.035128976106869284 0.031835427289387479
leaf_weight=38.952311739325523 16.140081167221069 7.9853667616844204 8.6476490199565905 35.197560727596283 8.4904748797416705 10.489740505814551 29.742082759737968 40.361009374260902 416.72361531853676 111.71873959898949 5.4900281280279151 8.2463174313306791 47.212596446275711 43.745451584458351 25.743420630693436 19.192028507590294 117.89515906572342 77.943421542644501 8.4823862165212613 86.87977309525013 12.988814577460287 220.24987937510014 6.9027355760335913 5.240345984697341 14.434056609869002 176.89040824770927 26.460430487990379 11.23043070733547 7.2394569069147137 12.162198975682257
leaf_count=156 65 32 35 142 34 42 119 163 1668 447 22 33 189 175 103 77 472 312 34 348 52 883 28 21 58 709 106 45 29 49
internal_value=1.89857e-07 -0.00807698 0.00710641 0.0198689 0.0026278 -0.0189753 0.00203704 0.0169054 0.000996436 0.00213994 0.00547846 0.0153741 -0.00672909 -0.00218231 0.0124892 0.029549 -0.00545398 -0.00170641 -0.0216342 -0.0122497 -0.00873429 -0.0260409 0.0326127 0.014342 0.0170522 0.0148304 0.000763183 -0.0193542 0.0274523 0.0068486
internal_weight=1659.08 776.492 882.586 250.908 391.725 384.767 631.678 98.715 610.887 581.145 422.214 215.711 158.931 293.01 53.4259 27.6825 239.584 195.839 339.091 108.351 99.8686 230.74 20.7907 13.888 207.465 193.03 45.6762 19.2158 59.7627 19.4017
internal_count=6648 3112 3536 1007 1570 1542 2529 397 2445 2326 1690 865 636 1173 214 111 959 784 1359 434 400 925 84 56 832 774 183 77 241 78
is_linear=0
shrinkage=0.05


Tree=7
num_leaves=31
num_cat=0
split_feature=0 2 2 4 2 4 4 4 4 4 6 5 5 6 5 3 2 13 5 6 2 6 6 2 13 6 12 13 13 13
split_gain=34.4036 37.2298 27.0259 10.589 9.85377 10.1775 9.61327 9.30568 9.1511 8.41149 10.5346 9.52193 8.38387 8.98146 8.31659 8.04455 7.34372 6.69107 7.19775 6.61858 6.50438 6.3433 6.34093 5.78095 5.68611 5.61492 5.60605 5.50295 5.49289 5.39566
threshold=1.0000000180025095e-35 45.16573908815257 44.560304660193424 1.2497090500998598 75.903347251829857 1.1084966458054963 1.8544344602095417 0.76463552850662231 0.50012933139191096 1.4398751671571217 0.15135134317022755 0.0011121428571428556 0.00084642857142855756 0.037617918624470219 0.0017349999999999868 37.088928227049578 19.675213675215563 23.76383470226753 0.00094071428571427097 0.82623789039989182 42.217030114226496 0.27272724837660445 0.31938605216769217 32.503018818977118 16.720114274944482 0.89043487129040622 1.0000000180025095e-35 26.865044720153154 15.414153739502511 10.163275430723868
decision_type=2 2 2 2 2 2 2 2 2 2 2 2 2 2 2 2 2 2 2 2 2 2 2 2 2 2 2 2 2 2
left_child=1 7 3 25 8 28 -5 15 22 11 -11 -10 21 -14 -8 17 -9 18 -1 -7 23 -3 -4 -17 -24 -2 -21 -19 -6 -15
right_child=2 12 4 6 5 19 14 16 9 10 -12 -13 13 29 -16 20 -18 27 -20 26 -22 -23 24 -25 -26 -27 -28 -29 -30 -31
leaf_value=-0.037871168957834316 0.036339470937486761 -0.012126680749488444 0.037791312567441948 -0.0088043396644186863 4.2624215941623202e-05 -0.0067215096565781621 0.05931280692031049 0.020914422117444903 0.010787455857386396 -0.031880181721579727 0.019138712446586742 -0.0071163531354509263 0.020193631262172117 -0.065154119826126899 -0.016078319602395454 0.024637800730006893 -0.007214016054924801 0.050275740922942416 0.0094206426900635826 0.042992302387969236 0.022319311829656588 -0.062695773808104524 -0.0091502475138477337 -0.033396428098764662 0.019177526517198201 -0.0019914177347837574 -0.016815086583239616 0.017781452202609963 -0.031674482685382234 -0.019790231657145264
leaf_weight=9.4885940551757795 107.55918225646019 8.9637637734413165 29.636898890137672 35.688241630792618 18.711343377828598 41.747147396206856 12.12034146487713 25.446161687374115 106.63272453844547 11.242826744914053 101.13397090137005 244.64079448580742 13.963975444436072 6.7340460568666449 5.2392543256282798 5.2393742352724102 263.35399480164051 15.874525576829909 52.910181641578674 15.472236558794977 10.968960642814634 20.122620329260826 24.930222600698471 23.709737956523895 61.204119205474854 10.485391467809675 5.2469529360532752 72.695425778627396 50.471770122647285 246.35558788478374
leaf_count=38 433 36 119 143 75 167 49 102 427 45 405 979 56 27 21 21 1055 64 212 62 44 81 100 95 246 42 21 293 202 988
internal_value=3.61373e-07 -0.00767984 0.00675479 0.0245961 0.00246196 -0.00988621 0.00604062 0.000926177 0.00526756 0.00212767 0.0140345 -0.00168147 -0.0216199 -0.0188434 0.0365592 0.00949214 -0.00473562 0.0147702 0.00222927 0.00474424 -0.0104693 -0.0471115 0.0178425 -0.0228931 0.0109785 0.0329347 0.0278466 0.0236055 -0.0230962 -0.0209972
internal_weight=1657.99 775.827 882.163 171.092 711.071 131.649 53.0478 479.687 579.422 463.65 112.377 351.274 296.14 267.054 17.3596 190.887 288.8 150.969 62.3988 62.4663 39.9181 29.0864 115.771 28.9491 86.1343 118.045 20.7192 88.57 69.1831 253.09
internal_count=6648 3112 3536 688 2848 527 213 1924 2321 1856 450 1406 1188 1071 70 767 1157 607 250 250 160 117 465 116 346 475 83 357 277 1015
is_linear=0
shrinkage=0.05


Tree=8
num_leaves=31
num_cat=0
split_feature=0 2 2 13 2 9 4 4 4 9 2 2 9 4 2 13 4 4 9 9 13 3 9 9 2 2 2 13 3 13
split_gain=31.0761 33.747 24.5758 16.1708 10.8658 9.81545 8.61911 8.48761 8.08969 7.59331 6.10578 12.6949 11.0232 8.0499 6.06571 7.86774 6.69187 5.36441 9.95129 7.92312 5.03223 5.49424 7.42309 4.8745 4.62872 4.35821 5.76192 4.34477 7.83064 7.63063
threshold=1.0000000180025095e-35 44.046856898969601 38.243116471933035 19.512131997162303 75.903347251829857 1.3471123154990909 0.53710806856561921 0.24512304115904363 0.79165089616497075 1.1432037176133332 31.479511867442699 38.861944354672367 1.2468939622623283 0.63857974489728775 53.954096860756231 26.030456173963827 0.32334784093442387 1.262556342100343 1.2714453326969584 0.87577098733461489 65.086856919310236 37.423127711749565 0.30992987366703911 0.79016831552529765 41.512790717400627 61.774106837398513 65.924336353521014 29.087082019616577 83.731840152308465 26.310657064748696
decision_type=2 2 2 2 2 2 2 2 2 2 2 2 2 2 2 2 2 2 2 2 2 2 2 2 2 2 2 2 2 2
left_child=1 6 3 8 7 -6 20 25 -2 14 17 12 -12 -13 16 -16 -3 18 -8 -19 21 22 -1 -18 -23 -4 -27 29 -29 -9
right_child=2 9 4 -5 5 -7 10 27 -10 -11 11 13 -14 -15 15 -17 23 19 -20 -21 -22 24 -24 -25 -26 26 -28 28 -30 -31
leaf_value=0.06212409559248025 0.04190135018429432 -0.03775685512970043 0.043132624010630782 0.047064317762975996 -0.017930725204643918 0.012456122995446881 0.0083823999604841042 0.0055940802557007093 -0.019487070642646265 -0.030578443353996523 -0.029306135931264538 -0.049289147035937751 0.0021601035115156714 0.010730979828803762 -0.038780936700241408 -0.0088881547617760282 0.0063073578405370605 -0.061994131728720425 0.066076126199064888 0.00062367628630154289 0.063029840273026175 -0.028969037824273899 0.011926024166955356 -0.015547281245763831 0.027558693009528686 -0.032551965105333716 0.030315387905743098 0.0042722000624666684 -0.018976252463416322 0.028130583618045681
leaf_weight=8.153152644634245 7.7040440291166332 15.450803220272062 22.681198507547379 57.362293496727943 94.62801431119442 36.953318804502487 64.319365262985229 381.47535385191441 17.687889039516449 108.19072756171227 79.134194612503052 5.9935633093118659 42.933050155639648 82.246253982186317 45.288172349333763 42.828075528144836 63.074569076299667 5.5042263567447653 8.4568787664175016 61.450943157076836 4.9472745805978766 13.23264116048813 76.14835587143898 42.845815733075142 4.9859238415956488 5.477281108498576 10.893035665154455 158.07122787833214 46.986398354172707 41.662239462137222
leaf_count=33 31 62 92 232 379 148 258 1528 71 435 317 24 172 330 182 172 253 22 34 246 20 53 307 172 20 22 44 634 188 167
internal_value=4.29551e-07 -0.00730224 0.00642174 0.032359 0.00373478 -0.00939688 0.00139098 0.00632435 -0.000861506 -0.0198218 -0.00241164 -0.00779438 -0.0182389 0.0066542 -0.0142665 -0.0242518 -0.00701712 0.0056898 0.0150866 -0.00452399 0.0137767 0.0113999 0.0167809 -0.00253305 -0.0134989 0.028942 0.00928084 0.00491833 -0.00105489 0.00781303
internal_weight=1656.77 775.184 881.582 82.7542 798.828 131.581 457.506 667.247 25.3919 317.678 350.038 210.307 122.067 88.2398 209.487 88.1162 121.371 139.731 72.7762 66.9552 107.467 102.52 84.3015 105.92 18.2186 39.0515 16.3703 628.195 205.058 423.138
internal_count=6648 3112 3536 334 3202 527 1836 2675 102 1276 1403 843 489 354 841 354 487 560 292 268 433 413 340 425 73 158 66 2517 822 1695
is_linear=0
shrinkage=0.05


Tree=9
num_leaves=31
num_cat=0
split_feature=0 3 3 13 4 5 4 6 5 13 6 9 5 5 9 5 4 5 5 4 3 3 6 6 5 6 5 5 11 5
split_gain=28.0709 27.99 17.7738 11.007 8.30592 7.1049 7.15562 6.91146 6.82595 6.78533 11.5494 8.54116 6.78344 13.5664 7.83646 5.99725 6.29374 5.72941 5.56754 7.37467 5.28852 9.79836 5.21149 5.15801 5.10474 8.40814 5.35026 5.22598 5.04527 7.06741
threshold=1.0000000180025095e-35 32.121883917831035 46.823732658122275 38.601684892963966 0.55605186797863049 0.0010035714285714689 0.43470423697896599 0.12084223430770488 0.00079214285714285248 14.888447898203385 0.52941169463668392 0.91381707818982683 0.0014774999999999968 0.0012849999999999886 0.60820775185624087 0.0015753571428571305 0.10985849801372735 0.0038596428571428614 0.0022449999999999974 2.0428422202361629 95.372962452357356 86.023180458622036 0.89043487129040622 0.29463019311432725 0.00080500000000000027 0.45322912464430504 0.0023696428571428545 0.002189999999999994 1.0000000180025095e-35 0.0020028571428571478
decision_type=2 2 2 2 2 2 2 2 2 2 2 2 2 2 2 2 2 2 2 2 2 2 2 2 2 2 2 2 2 2
left_child=1 4 3 17 12 9 15 -3 -9 10 -4 -12 13 23 -15 -7 -17 28 19 -8 21 -11 -20 -1 25 -6 27 -26 -2 -30
right_child=2 7 5 -5 24 6 18 8 -10 20 11 -13 -14 14 -16 16 -18 -19 22 -21 -22 -23 -24 -25 26 -27 -28 -29 29 -31
leaf_value=0.039677200211524294 0.020457577410558064 0.0017271704914235426 0.02772423826482235 0.041867005942507973 -0.0063906754545986731 0.024638593717798675 -0.007608095426120131 -0.047360061035832998 -0.017228437734786998 0.027185681002295958 -0.095749051316824138 -0.0054196540351860376 0.029574432590273588 -0.07495241942909292 0.0060231321733736718 0.035585516285227714 -0.013973824315548559 -0.03748911924148756 0.0038041646575000193 0.016879313304875083 0.061805688691586105 -0.013927916897248205 0.041023582840349244 0.0032892516556839359 0.00076698256289322176 -0.082847236500959306 -0.023589322643671889 0.043890164397373185 0.0096986108291056989 -0.03736747383518587
leaf_weight=15.534934192895888 126.10329701006413 45.602592542767525 9.451386973261835 38.801691576838493 12.96664495766163 46.740706905722618 349.77739429473877 19.977122247219086 317.81931193172932 54.611355274915695 5.0010523647069913 5.4895758330821991 44.201125457882881 7.4809085577726346 4.9746250659227371 8.3342667073011381 27.690676182508469 5.4960977733135215 52.207000568509102 33.709777668118477 6.9764612019062033 19.726474419236183 11.471702769398687 26.102381616830826 245.38630859553814 4.9758272916078559 22.220542132854462 7.2327168285846701 70.490885734558105 8.9936051964759809
leaf_count=63 508 183 38 158 52 188 1400 81 1278 219 20 22 179 30 20 34 111 22 209 135 28 79 46 105 983 20 89 29 283 36
internal_value=5.4076e-07 -0.00694378 0.00610469 0.0173913 0.0024678 0.00163636 -0.00068248 -0.0165438 -0.0190104 0.0137722 -0.0123641 -0.0484811 0.0150438 0.0031703 -0.0426115 0.0128225 -0.00250841 0.0128921 -0.0031821 -0.00545557 0.020182 0.0162757 0.0105092 0.0168656 -0.00175426 -0.0275937 -6.7368e-05 0.00200164 0.014239 0.00437312
internal_weight=1655.55 774.475 881.073 249.886 391.076 631.188 529.932 383.399 337.796 101.256 19.942 10.4906 98.294 54.0928 12.4555 82.7656 36.0249 211.084 447.166 383.487 81.3143 74.3378 63.6787 41.6373 292.782 17.9425 274.84 252.619 205.588 79.4845
internal_count=6648 3112 3536 1007 1570 2529 2123 1542 1359 406 80 42 397 218 50 333 145 849 1790 1535 326 298 255 168 1173 72 1101 1012 827 319
is_linear=0
shrinkage=0.05


Tree=10
num_leaves=31
num_cat=0
split_feature=0 2 2 4 4 2 9 5 4 13 5 13 4 9 5 5 12 2 13 13 13 9 5 5 2 2 5 5 2 4
split_gain=25.3593 29.0458 21.4579 9.20959 8.67624 7.80491 8.72047 7.78625 7.76426 8.5972 10.7792 7.60272 7.49788 10.7698 7.42791 7.13884 6.30756 5.42324 5.26386 9.84802 6.40859 6.27817 5.48315 5.63291 5.16828 4.99375 4.8746 6.36211 5.67026 6.54297
threshold=1.0000000180025095e-35 45.16573908815257 44.560304660193424 1.2497090500998598 1.6983178620848711 75.903347251829857 1.3471123154990909 0.00095785714285715319 0.87880653236279194 24.804547355511385 0.00098428571428568388 34.638060998438313 0.50012933139191096 0.395001010371207 0.0016521428571428561 0.00084642857142855756 1.0000000180025095e-35 35.097370535132647 15.122668760384922 17.781666986821453 16.187167316600323 0.93910074610582683 0.0013632142857142712 0.0018914285714286075 42.88968300897303 80.105795481697598 0.0013350000000000148 0.0012442857142856585 38.243116471933035 0.84622638229474167
decision_type=2 2 2 2 2 2 2 2 2 2 2 2 2 2 2 2 2 2 2 2 2 2 2 2 2 2 2 2 2 2
left_child=1 8 3 26 7 12 14 -5 9 -1 -11 17 -4 -14 -7 -3 -15 -6 22 20 -20 -21 -10 -24 -12 -16 27 -2 29 -28
right_child=2 15 5 4 11 6 -8 -9 18 10 24 -13 13 16 25 -17 -18 -19 19 21 -22 -23 23 -25 -26 -27 28 -29 -30 -31
leaf_value=-0.0035606969070731786 0.025762757855715912 -0.042608671592730143 0.015884916092513673 0.031427245947745583 0.051355456227664437 -0.029422549066740272 0.01159134836948662 -0.030606299009124916 -0.044399926362260783 0.053050340730368573 0.0069084889696922119 0.065460051325991628 -0.049055235734969657 -0.000186166261324962 -0.025527424409252705 -0.0163897893035184 0.014488029216834189 -0.010449696656650799 -0.0016871552239859978 -0.01963794560008798 0.058334354985941972 -0.00032141497173612571 0.040439928627665808 -0.034778948525523615 0.042796620732439325 0.011210458490712146 0.07295247023600962 -0.023691209049341633 0.024433329072299496 0.021420650492588646
leaf_weight=93.648596435785294 53.365573346614838 28.768431439995766 115.42037145793438 6.7202904522419002 4.9290741384029451 53.172960132360458 36.932893455028534 20.455327317118645 15.963915497064592 17.339782431721687 97.524213418364525 8.0683678090572339 10.243930324912069 361.27965320646763 13.954788163304327 266.13925309479237 91.84803718328476 12.680144444108008 7.7334459871053722 57.378349050879478 10.465596571564673 157.60705730319023 4.984704449772833 4.9711772352457047 11.182196572422979 27.435600385069847 18.85365974903107 7.4058935940265647 28.489166632294655 9.1488069593906385
leaf_count=376 216 117 465 27 20 213 148 82 64 70 394 33 41 1447 56 1071 368 51 31 230 42 632 20 20 45 110 77 30 115 37
internal_value=5.99494e-07 -0.00660343 0.00580428 0.0217545 0.00442594 0.00198415 -0.00901202 -0.015266 0.000999648 0.00791431 0.0164399 0.0252667 0.00448238 0.00164214 -0.0170589 -0.0189475 0.00278826 0.00685046 -0.0048633 -0.00248728 0.032829 -0.00547688 -0.0262389 0.00288159 0.0106002 -0.00117574 0.0295649 0.0197361 0.0401383 0.0561163
internal_weight=1654.11 773.707 880.405 170.116 52.8532 710.288 131.496 27.1756 478.799 219.695 126.046 25.6776 578.792 463.372 94.5633 294.908 453.128 17.6092 259.104 233.184 18.199 214.985 25.9198 9.95588 108.706 41.3904 117.263 60.7715 56.4916 28.0025
internal_count=6648 3112 3536 688 213 2848 527 109 1924 885 509 104 2321 1856 379 1188 1815 71 1039 935 73 862 104 40 439 166 475 246 229 114
is_linear=0
shrinkage=0.05


Tree=11
num_leaves=31
num_cat=0
split_feature=2 4 4 2 6 2 5 4 9 4 4 5 6 4 9 6 3 3 6 3 6 2 3 5 5 3 9 9 4 6
split_gain=16.0024 10.4215 10.3745 8.32654 7.94578 7.9697 8.02972 7.14603 8.41081 7.81782 8.72287 5.80311 4.91373 4.85785 4.72044 4.67537 4.45241 4.18574 3.58642 3.40893 3.32546 3.25778 4.02029 3.13222 5.40315 4.44249 11.626 10.3287 4.43341 3.7837
threshold=44.046856898969601 1.262556342100343 0.10985849801372735 43.124205505003985 0.89408501601896895 31.157937602014425 0.0020817857142857131 1.3120550432221803 1.0201119578135704 2.5046424174972821 1.8544344602095417 0.0013821428571428559 0.93417104199219869 0.84622638229474167 1.040413020107781 1.0000000180025095e-35 51.210791619919284 40.376617784871122 0.54257286868796639 34.28540705693721 0.79838440557663748 35.545473095972589 17.566504742075391 0.002224999999999993 0.0019535714285714117 86.287315815011354 0.48599346178569375 1.1801004259775496 0.64319559953600736 0.88737052047399134
decision_type=2 2 2 2 2 2 2 2 2 2 2 2 2 2 2 2 2 2 2 2 2 2 2 2 2 2 2 2 2 2
left_child=1 3 20 4 5 6 -1 14 21 10 -10 -7 -6 -14 -3 -4 17 18 -5 -11 -2 22 -9 24 28 27 -27 -25 -17 -26
right_child=2 7 15 16 12 11 -8 8 9 19 -12 -13 13 -15 -16 23 -18 -19 -20 -21 -22 -23 -24 25 29 26 -28 -29 -30 -31
leaf_value=0.026573374659281321 0.050111179180107893 0.0021924077783812292 0.034933979083999769 0.019919026176589666 -0.040576250771139084 -0.0013630888278848645 -0.011821433317480777 -0.01535414886725507 -0.00055326424058826885 -0.012926015662127966 0.025796629546186479 0.014716697704930752 -0.012496158344983596 0.039697067869385483 -0.058251483195399439 0.0012566236264290413 0.070110603913584535 -0.011788204386913933 0.073878082054577562 -0.061524981982404504 0.009043913639493353 -0.0075206119280230126 -0.064160839201057057 0.0071968237218273702 -0.014226770970803158 -0.049585795574557223 0.034109656700375419 -0.037302487995956132 -0.0068649464705815323 -0.047338569617403077
leaf_weight=107.10669782757759 11.109790220856668 4.9714879542589179 7.4610446691513053 8.1719284206628853 11.205449283123015 124.69588366150856 15.600925236940382 8.9691421687603015 89.538577631115913 13.222500428557398 48.37802791595459 102.01341070234776 20.126131772994999 5.7266875356435767 9.2216868549585325 233.71784771978855 7.7106442451477042 5.4779930710792533 4.9415940791368476 4.9625545293092719 8.8612378984689695 17.427054539322853 7.9672757834196082 56.317065209150314 63.579846531152725 4.9982410818338421 24.426774948835373 16.969277694821358 597.90473467111588 9.9821682721376401
leaf_count=433 46 20 30 33 45 503 63 36 359 53 195 412 81 23 37 939 31 22 20 20 36 70 32 226 255 20 98 68 2402 40
internal_value=7.84543e-07 0.00637167 -0.00379861 0.0109457 0.00909308 0.0114279 0.0216919 -0.00285365 -0.000303187 0.00462658 0.00868968 0.00587241 -0.0129213 -0.000934777 -0.0370796 -0.00450055 0.038167 0.0249187 0.0402525 -0.0261883 0.0318894 -0.0226974 -0.0383139 -0.00479247 -0.00573139 0.00348214 0.0198928 -0.00310689 -0.00458247 -0.01872
internal_weight=1652.76 617.436 1035.33 412.777 386.475 349.417 122.708 204.658 190.465 156.102 137.917 226.709 37.0583 25.8528 14.1932 1015.36 26.3022 18.5915 13.1135 18.1851 19.971 34.3635 16.9364 1007.9 905.185 102.711 29.425 73.2863 831.623 73.562
internal_count=6648 2488 4160 1666 1560 1411 496 822 765 627 554 915 149 104 57 4078 106 75 53 73 82 138 68 4048 3636 412 118 294 3341 295
is_linear=0
shrinkage=0.05


Tree=12
num_leaves=31
num_cat=0
split_feature=0 3 3 13 5 4 4 5 10 13 3 13 13 4 5 5 6 5 5 9 3 4 4 13 4 13 3 6 13 3
split_gain=23.5931 23.0748 14.6534 8.21317 8.12439 7.86703 7.60438 6.32499 9.70687 6.0505 5.51092 6.07162 5.1316 5.05958 8.9833 6.99934 6.00798 5.0851 4.86552 6.24115 4.75168 4.6022 4.39863 5.74801 5.75782 4.2254 4.12983 4.11974 3.96219 3.8636
threshold=1.0000000180025095e-35 26.374379948100085 64.007575757576248 54.149228771336276 0.00079214285714285248 2.2935236122243388 0.23182482914813121 0.00089142857142859074 1.0000000180025095e-35 69.025114522140868 10.538127413126643 24.024790853753746 10.163275430723868 0.38069873719298758 0.0023696428571428545 0.002224999999999993 0.28134353247540239 0.002559285714285701 0.0017807142857142707 0.70673893268651955 11.620405101273603 2.5046424174972821 2.0216544161037495 29.087082019616577 1.8777635440681593 42.599802831581094 67.902204734793131 0.69491516590061109 25.627827723947174 57.627288648304777
decision_type=2 2 2 2 2 2 2 2 2 2 2 2 2 2 2 2 2 2 2 2 2 2 2 2 2 2 2 2 2 2
left_child=1 13 3 6 29 9 -2 8 -4 12 11 -8 -6 18 15 16 -15 -16 19 20 -1 -12 23 24 -9 27 -25 -24 -19 -3
right_child=2 4 7 -5 5 -7 10 22 -10 -11 21 -13 -14 14 17 -17 -18 28 -20 -21 -22 -23 25 26 -26 -27 -28 -29 -30 -31
leaf_value=0.027843619450485149 0.040058785331114302 -0.025255951770098945 0.035765190168745291 0.063557706312720966 -0.049623371272453344 -0.04646368107626328 0.0096867960572044817 0.0013385400239058431 -0.018373266498714628 0.040368857932012892 0.0089848573446562399 0.055912808383215488 -0.010651637441302764 0.010730808379401574 -0.0608618780017035 0.059781848840549781 -0.0044785034728528055 0.016843827933311246 0.0473184235492514 0.052583633602758341 -0.020505057066054995 -0.035254070163263491 -0.015593804201823352 0.02252941303194855 -0.049173682300195788 0.058130085584913949 -0.015320474682188912 0.023934309682313287 -0.039583523371047806 -0.065158360438142535
leaf_weight=7.8646363914012971 22.30363130569458 15.037596836686136 26.905131816864014 7.7930871546268454 8.6339490264654142 16.044963732361794 15.356792584061624 291.00178092718124 11.960046917200087 5.7036580592393866 331.16380751132965 13.217335432767866 389.71473631262779 122.41820140182972 8.2302204519510287 5.4761978387832633 138.26791256666183 6.4861895442008954 11.778462797403334 6.416000932455062 14.361828252673147 5.9851472228765479 10.994004830718042 7.7234089076519004 5.7531766891479483 4.9883151948451987 107.74658393859863 16.46162536740303 5.978394404053688 10.168682441115378
leaf_count=32 92 61 108 32 35 65 62 1167 48 23 1333 54 1570 492 33 22 555 26 48 26 58 24 44 31 23 20 432 66 24 42
internal_value=8.89875e-07 -0.00637405 0.00560177 0.0127356 -0.013782 -0.0121277 0.0117149 -0.000237956 0.0191051 -0.0107642 0.00998634 0.0310692 -0.0114963 0.0037054 0.00137173 0.00383897 0.00266379 -0.0303603 0.0202668 0.0091426 -0.00339731 0.00819952 -0.00192859 -0.0033237 0.000359262 0.0157974 -0.0127888 0.00810614 -0.0102204 -0.0413533
internal_weight=1651.94 772.582 879.354 395.82 445.304 420.097 388.027 483.534 38.8652 404.052 365.723 28.5741 398.349 327.278 286.857 266.162 260.686 20.6948 40.4209 28.6425 22.2265 337.149 444.669 412.225 296.755 32.4439 115.47 27.4556 12.4646 25.2063
internal_count=6648 3112 3536 1597 1796 1693 1565 1939 156 1628 1473 116 1605 1316 1152 1069 1047 83 164 116 90 1357 1783 1653 1190 130 463 110 50 103
is_linear=0
shrinkage=0.05


Tree=13
num_leaves=31
num_cat=0
split_feature=0 2 2 13 2 4 5 6 5 13 4 5 5 2 4 5 9 4 2 4 4 9 6 5 6 9 2 6 5 6
split_gain=21.3136 23.828 17.9968 13.3229 8.38144 8.25883 8.08163 7.73448 7.24124 6.84949 6.68296 6.44662 7.63787 6.71072 6.3436 11.2833 7.11349 6.19276 6.12699 5.89089 5.50765 7.70589 6.38393 5.94042 5.39701 5.53082 5.10976 5.08854 5.03841 6.71969
threshold=1.0000000180025095e-35 44.046856898969601 38.243116471933035 19.512131997162303 75.903347251829857 1.1084966458054963 0.0013432142857142989 0.11593043985188911 0.0018696428571428616 29.908590165360081 0.79165089616497075 0.00078214285714285831 0.00083857142857144253 39.391737138828582 0.40383570702752331 0.0014646428571428729 0.38324082040465662 0.36900620144776425 54.364149609583329 0.39248646576231411 0.64319559953600736 0.37657686573018995 0.18610835003451265 0.0016407142857142573 0.83999991599991763 0.8992631636092393 52.924882400253459 0.56097547293308903 0.0011228571428571401 0.52479499484279835
decision_type=2 2 2 2 2 2 2 2 2 2 2 2 2 2 2 2 2 2 2 2 2 2 2 2 2 2 2 2 2 2
left_child=1 11 3 10 17 -6 19 8 9 18 -2 13 -13 27 15 -14 -16 -4 -3 -5 21 -9 -22 -23 25 -7 -11 -1 29 -19
right_child=2 7 4 6 5 24 -8 20 -10 26 -12 12 14 -15 16 -17 -18 28 -20 -21 22 23 -24 -25 -26 -27 -28 -29 -30 -31
leaf_value=-0.021962924414290846 0.03663814210511792 0.0010408286982109419 0.019229980381450167 -0.025548522779011887 -0.020428825197520123 0.038788165608962498 0.059276866493493389 -0.053582230324371108 0.057003483934012514 -0.0053155366223698233 -0.019390927959087173 0.039356928840691703 -0.0058747759623280701 0.023894995348140512 -0.042994355901341104 0.036120215010260859 -7.3322318852591561e-05 0.020910692996091731 -0.051776600613939731 0.03305493397433653 -0.054278729303723988 -0.011199223573430324 -0.021573655660234368 0.0230278768745215 0.027404368609698249 -0.01204985721368637 0.055368323315076545 -0.083248968977019139 0.00056664472914356773 0.0017105512277157187
leaf_weight=9.6998970061540621 7.6215696185827282 12.687802791595461 71.36719411611557 5.3563768863678005 68.979981273412704 6.2340223044157019 29.500975295901299 8.6811043769121152 5.4775379300117484 7.4796297103166562 17.639948576688766 13.628590852022169 30.959597483277321 4.9373919963836661 9.9283402562141401 33.090584084391594 348.64543676376343 84.297367364168167 9.6797736883163434 21.502967491745949 16.32098725438118 58.813599854707718 173.94877858459949 16.160283967852592 18.411962285637856 37.726698458194733 6.4692233353853226 5.204103708267211 410.99119700491428 99.192223832011223
leaf_count=39 31 51 290 22 277 25 122 35 22 30 71 55 125 20 40 135 1401 339 39 88 66 237 705 65 74 151 26 21 1648 398
internal_value=9.27953e-07 -0.00606179 0.00532542 0.0276867 0.00303595 -0.00850692 0.0412109 -0.0166211 0.00341414 -0.00466863 -0.00248658 0.00124759 0.00251531 -0.0266259 0.00132726 0.0158213 -0.00126174 0.00531302 -0.0218164 0.021368 -0.0196779 -0.00898551 -0.024379 -0.00382173 0.0046779 -0.00484057 0.0228285 -0.0433625 0.0036423 0.0105313
internal_weight=1650.64 771.813 878.822 81.6218 797.201 131.353 56.3603 315.719 41.794 36.3164 25.2615 456.094 436.253 19.8414 422.624 64.0502 358.574 665.848 22.3676 26.8593 273.925 83.655 190.27 74.9739 62.3727 43.9607 13.9489 14.904 594.481 183.49
internal_count=6648 3112 3536 334 3202 527 232 1276 168 146 102 1836 1756 80 1701 260 1441 2675 90 110 1108 337 771 302 250 176 56 60 2385 737
is_linear=0
shrinkage=0.05


Tree=14
num_leaves=31
num_cat=0
split_feature=0 2 2 2 9 5 9 6 2 2 4 6 5 4 5 5 2 4 2 2 9 4 3 2 9 9 5 4 2 2
split_gain=19.2586 21.5755 16.3582 7.56856 7.80188 7.75534 6.63057 7.40399 7.99218 6.30216 6.9162 6.51594 6.10123 9.46128 13.4798 5.994 5.89829 5.67871 4.46169 6.38102 4.34842 6.44007 4.25702 4.21994 11.5783 6.91872 4.175 5.98224 4.04414 3.86173
threshold=1.0000000180025095e-35 45.16573908815257 38.243116471933035 75.903347251829857 1.1288888888887576 0.0016521428571428561 1.966952209926941 0.10909090082642982 48.737891015715682 20.771590506259731 0.77723992997566704 0.059831420691032249 0.0013432142857142989 0.84622638229474167 0.0019160714285714278 0.00089857142857140745 54.364149609583329 0.24512304115904363 40.301925487068466 44.216713747150798 0.37657686573018995 0.64319559953600736 22.751536719510629 38.861944354672367 1.1288888888887576 1.1597142977895769 0.0015549999999999891 0.10985849801372735 31.479511867442699 78.797530524640578
decision_type=2 2 2 2 2 2 2 2 2 2 2 2 2 2 2 2 2 2 2 2 2 2 2 2 2 2 2 2 2 2
left_child=1 9 12 17 5 -5 7 8 -3 -1 11 -11 22 -14 28 -6 -10 26 -19 -20 -9 -22 -2 24 -12 -25 -4 -28 -15 -17
right_child=2 6 3 4 15 -7 -8 20 16 10 23 -13 13 14 -16 29 -18 18 19 -21 21 -23 -24 25 -26 -27 27 -29 -30 -31
leaf_value=0.01868079649234845 0.027524077311389394 -0.034522592745799517 0.039494970174470567 -0.031697978185557717 0.054375007136274613 -0.0005159594377321631 -0.051011665151916935 -0.052188691757187058 0.049248511172215549 0.040887021694358101 -0.025143985576623687 0.0038430229282569307 0.066734899243298604 0.084543535930736352 -0.028302842509401561 -0.022945522438559681 0.00074077917758293371 -0.019605285166553448 0.020535900194808426 0.0030078213139496358 -0.0037723802578002309 -0.021886511325005159 -0.0050683580139222351 0.018052005660510486 0.0010444480198847194 -0.010580368214401307 0.033265921606489703 -0.023801232137323797 0.028195054880890993 0.01003987543464329
leaf_weight=44.613206833600998 21.971220254898071 8.7194723784923536 20.036372691392899 44.559105738997459 5.965403124690055 36.09128075838089 13.244189083576201 8.8891361057758314 10.701132059097292 12.788615360856054 77.47583419084549 165.41297450661659 18.331739917397499 5.2639784216880825 9.1726883351802808 12.21732786297798 15.123218923807142 19.550525024533272 57.333257645368576 550.26002772152424 69.468905135989189 167.08182600140572 18.416476041078568 39.546705603599548 92.708308324217796 45.227856710553169 9.8010921478271502 8.641127333045004 8.0593446493148786 32.41651277244091
leaf_count=180 90 35 82 179 24 145 54 36 43 52 311 668 77 22 37 49 61 79 232 2206 280 679 75 159 372 182 41 35 33 130
internal_value=1.00404e-06 -0.00576535 0.00506413 0.00288544 -0.00808811 -0.0177439 -0.0164419 -0.0148066 0.00686661 0.000787261 -0.00105568 0.00650148 0.026441 0.0400713 0.0183435 0.00730235 0.0208415 0.00504924 0.00390529 0.00466179 -0.017857 -0.0165669 0.0126622 -0.0063377 -0.0108778 0.00277642 0.0236939 0.00652703 0.0504581 0.001011
internal_weight=1649.09 771.001 878.087 796.872 131.25 80.6504 293.228 279.984 34.5438 477.774 433.16 178.202 81.2154 40.8278 22.496 50.5992 25.8244 665.622 627.144 607.593 245.44 236.551 40.3877 254.959 170.184 84.7746 38.4786 18.4422 13.3233 44.6338
internal_count=6648 3112 3536 3202 527 324 1188 1134 139 1924 1744 720 334 169 92 203 104 2675 2517 2438 995 959 165 1024 683 341 158 76 55 179
is_linear=0
shrinkage=0.05


Tree=15
num_leaves=31
num_cat=0
split_feature=0 2 2 2 9 6 5 9 9 5 5 2 5 4 5 4 5 9 4 5 6 4 6 5 2 5 5 6 5 2
split_gain=17.4038 19.6778 14.8825 6.83539 7.13478 6.37658 6.49813 5.89298 11.5513 5.8034 6.95163 6.0308 5.62481 8.77369 12.265 5.43887 10.1996 6.51058 5.22346 4.96425 5.68554 4.90364 4.71183 4.65028 7.65936 4.72031 4.55556 6.0613 5.91888 4.49272
threshold=1.0000000180025095e-35 44.046856898969601 38.243116471933035 75.903347251829857 0.74377172293946869 0.11593043985188911 0.0018696428571428616 0.90376367340330288 1.040413020107781 0.00078214285714285831 0.00083857142857144253 39.391737138828582 0.0013432142857142989 0.84622638229474167 0.0019160714285714278 0.40383570702752331 0.0014646428571428729 0.38324082040465662 0.36900620144776425 0.00084642857142855756 0.27272724837660445 1.1084966458054963 0.30661797323320888 0.001833928571428556 82.614760454691975 0.001203571428571439 0.0011228571428571401 0.52479499484279835 0.0011403571428571515 48.737891015715682
decision_type=2 2 2 2 2 2 2 2 2 2 2 2 2 2 2 2 2 2 2 2 2 2 2 2 2 2 2 2 2 2
left_child=1 9 12 18 23 6 29 21 -9 11 -11 22 -2 -14 -15 16 -12 -17 -4 20 -7 -6 -1 25 -25 -5 27 -20 -28 -3
right_child=2 5 3 4 7 19 -8 8 -10 10 15 -13 13 14 -16 17 -18 -19 26 -21 -22 -23 -24 24 -26 -27 28 -29 -30 -31
leaf_value=-0.0102625766360175 0.012051493274650434 -0.030489188381762525 0.017609106827745715 -6.4305986908330776e-05 0.0066545114584316695 0.0051574694414590339 0.053864586857527152 -0.045042738225667844 0.0045488901727305893 0.037512967284791109 -0.0059366761324705537 0.022541457538953449 0.064365044469232954 0.048382154614939867 -0.026866253391876951 -0.041091957210333763 0.034046795047177787 -3.4348623735548573e-05 0.01968771818021342 -0.015665935714180759 -0.050563059829730472 0.065298367009754818 -0.066850803255513847 -0.029016615405859786 0.047197668319767246 -0.047357399474042744 -0.036291655272395508 0.0014448919477394139 0.0013256287199025301 0.007383456446675144
leaf_weight=6.7181961089372662 40.317211449146271 11.442577362060545 71.07596743106842 6.9563637971878078 9.4331785738468152 5.8634687513113048 5.4760640710592261 14.704169124364851 58.294737234711647 13.622148290276526 30.953430071473122 4.9373773634433737 18.063174471259117 13.204496011137964 9.1798074394464475 9.9305595159530622 32.906777933239937 348.52240863442421 84.181630745530128 245.96405594050884 20.883012741804123 5.7298081070184699 8.1303117722272855 8.9504976868629438 5.2186166048049918 21.84373252093792 10.737499773502348 99.174132168292999 400.21033392846584 24.807478398084641
leaf_count=27 165 46 290 28 38 24 22 59 234 55 125 20 77 55 37 40 135 1401 339 997 87 23 33 36 21 88 43 398 1605 100
internal_value=1.23462e-06 -0.00548363 0.00481638 0.00274263 -0.00769105 -0.0151053 0.00309772 0.000451222 -0.00544035 0.00115512 0.00235718 -0.0253296 0.0252679 0.0384418 0.0175228 0.0012232 0.0146666 -0.00117181 0.00479887 -0.0178905 -0.0383478 0.0288149 -0.0412475 -0.0243969 -0.000946186 -0.0359342 0.00326683 0.00982047 0.000342741 -0.0045713
internal_weight=1647.43 770.158 877.275 796.511 131.131 314.437 41.7261 88.1619 72.9989 455.721 435.935 19.7859 80.7647 40.4475 22.3843 422.313 63.8602 358.453 665.38 272.711 26.7465 15.163 14.8485 42.9692 14.1691 28.8001 594.304 183.356 410.948 36.2501
internal_count=6648 3112 3536 3202 527 1276 168 354 293 1836 1756 80 334 169 92 1701 260 1441 2675 1108 111 61 60 173 57 116 2385 737 1648 146
is_linear=0
shrinkage=0.05


Tree=16
num_leaves=31
num_cat=0
split_feature=0 3 2 2 4 4 5 13 13 4 3 5 2 13 9 6 5 5 13 5 5 2 4 9 3 4 2 9 6 4
split_gain=15.7272 17.901 13.5741 10.5929 7.41628 7.3608 6.23472 6.04032 5.94447 5.75105 5.74218 5.62936 13.1833 9.26964 7.21926 6.86829 5.45565 6.67683 6.41766 6.00167 5.3131 5.22764 5.58185 8.81608 5.83504 5.13148 4.92305 4.90864 4.75359 4.74017
threshold=1.0000000180025095e-35 32.121883917831035 44.560304660193424 54.364149609583329 1.2497090500998598 1.8954557908114842 0.00088678571428571897 16.072747273570535 29.908590165360081 0.70506598758378869 10.038123668999178 0.001295714285714297 65.142437145174924 41.758680655529268 0.55817386038422334 0.75416777751039854 0.0015057142857142771 0.0015803571428571635 15.657518503713938 0.0017521428571428532 0.00078214285714285831 75.903347251829857 0.50601771900464143 0.395001010371207 91.823769972907442 0.55605186797863049 61.078501879755301 2.3776002952323263 0.89043487129040622 0.4941797448345942
decision_type=2 2 2 2 2 2 2 2 2 2 2 2 2 2 2 2 2 2 2 2 2 2 2 2 2 2 2 2 2 2
left_child=1 3 4 20 28 10 7 -4 -7 29 -6 12 13 15 -15 -3 18 -18 -13 -19 -1 22 24 -24 -8 -22 -20 -23 -2 -9
right_child=2 11 6 -5 5 8 21 9 -10 -11 -12 16 -14 14 -16 -17 17 19 26 -21 25 27 23 -25 -26 -27 -28 -29 -30 -31
leaf_value=-0.025359339063493577 0.027667127732470181 -0.029060708401141847 -0.017240197510429198 -0.068894940746861852 0.028205342605522318 0.0056836699945044967 0.0086135912350064053 0.026424548678846832 0.068776203318277593 0.036731285681690005 -0.02058121722194476 -0.036955583344505577 -0.062198324985551806 -0.046783789815546893 0.016975292012738518 -0.0043223471016568251 -0.038103656019823039 0.0088521264901707478 0.0033918207317232179 -0.015657266223483134 0.01458454628473288 -0.011395056417604608 -0.047949737388285771 0.00083030588965048678 0.047576999653325701 0.0010359958375785901 0.03994264692425737 0.036021040142165402 -0.0077825900062391531 -0.0380674336432026
leaf_weight=15.549059495329855 104.82528673112392 88.880516737699509 9.9380502551794034 5.1532175838947287 7.6086383908987036 9.4962814450263959 99.201969876885414 5.930426284670828 6.1518577039241782 32.285109207034111 29.095084190368652 7.8408772498369208 16.301121234893799 5.2044341415166846 30.212347865104675 41.000014975667 21.701665714383125 36.607104226946831 41.608826830983162 78.621810525655746 93.688508927822113 115.58172836899757 9.4742304682731611 414.58812236785889 10.639366686344145 275.09468407928944 11.832342445850371 5.7287297099828711 10.394325748085974 5.4838313460350037
leaf_count=63 433 362 40 21 31 39 402 24 26 130 117 32 67 21 123 167 88 148 168 318 382 465 38 1661 43 1104 48 23 42 22
internal_value=1.27632e-06 -0.0052158 0.00458066 0.00231602 0.0173788 0.0017739 0.00155521 0.0179444 0.0304877 0.0259461 -0.0104678 -0.0129395 -0.019299 -0.0150684 0.00760601 -0.0212514 -0.00711299 -0.0126624 0.00528671 -0.00787087 0.00327084 0.000213544 0.00234241 -0.000259518 0.0123876 0.00447797 0.0114845 -0.00915589 0.0244691 -0.00455978
internal_weight=1645.72 769.297 876.423 389.485 167.571 52.3519 708.852 53.6374 15.6481 43.6994 36.7037 379.811 181.598 165.297 35.4168 129.881 198.213 136.931 61.282 115.229 384.332 655.214 533.904 424.062 109.841 368.783 53.4412 121.31 115.22 11.4143
internal_count=6648 3112 3536 1570 688 213 2848 216 65 176 148 1542 740 673 144 529 802 554 248 466 1549 2632 2144 1699 445 1486 216 488 475 46
is_linear=0
shrinkage=0.05


Tree=17
num_leaves=31
num_cat=0
split_feature=0 2 2 13 5 6 5 13 3 2 9 5 2 13 2 2 3 5 2 13 5 6 9 9 2 13 13 13 3 5
split_gain=14.214 16.7958 12.6754 11.2509 6.40401 5.81677 5.8643 6.04243 7.66497 5.55814 6.42021 5.8027 5.4889 5.28776 5.0035 4.87964 5.23247 4.51483 4.50608 4.42091 4.39938 5.30809 4.26495 4.37402 4.1559 4.07344 8.13601 6.42823 8.2078 5.43263
threshold=1.0000000180025095e-35 44.046856898969601 38.243116471933035 19.512131997162303 0.0013271428571428445 0.11593043985188911 0.0018696428571428616 29.908590165360081 42.46102930947314 75.903347251829857 1.3471123154990909 0.0016521428571428561 54.364149609583329 65.086856919310236 20.771590506259731 43.124205505003985 37.423127711749565 0.0017092857142857072 78.797530524640578 12.136741443167184 0.00084642857142855756 0.27272724837660445 0.37657686573018995 0.79016831552529765 80.105795481697598 29.087082019616577 26.030456173963827 46.036821613143893 39.885074528425498 0.0038596428571428614
decision_type=2 2 2 2 2 2 2 2 2 2 2 2 2 2 2 2 2 2 2 2 2 2 2 2 2 2 2 2 2 2
left_child=1 13 3 19 -5 6 7 12 -9 25 11 -11 -3 14 -1 16 -16 18 -12 -2 21 -7 -22 -24 -13 26 29 -27 -29 -4
right_child=2 5 9 4 -6 20 -8 8 -10 10 17 24 -14 -15 15 -17 -18 -19 -20 -21 22 -23 23 -25 -26 27 -28 28 -30 -31
leaf_value=0.01641795411776157 0.036883120344204649 0.0017006326997059424 0.0053681001341910244 0.017731233948972244 0.051958637128430879 0.0061293881978915065 0.051766669761386941 -0.023994314998731458 0.051936311708478816 -0.024878620669181985 -0.015505310111402682 -0.022138773205650032 -0.048432006741989372 0.037479782995404692 0.00014729844355423834 0.021913124461541859 -0.014833551131359932 -0.01375774046613603 0.035160052887815894 -0.015115089944571728 -0.048625286564247826 -0.047868317479422516 -0.0047285656312022637 -0.018654278065422952 0.011443954835855731 -0.0056952507188731951 0.026388806264715976 0.060884959311119403 0.00540946244883118 -0.044707665551268899
leaf_weight=43.797106117010117 5.1440431177616146 12.652090325951578 394.42762890458107 25.604561075568199 29.309762552380562 5.8436039388179806 5.4719570130109778 5.4798726290464392 8.4468448758125287 52.790831103920937 5.7393003553152111 13.88192108273506 9.6047263443469983 9.8108870685100538 308.43071037530899 21.292467355728149 71.869061082601547 12.463177934288977 18.645968377590179 19.904799833893776 8.8025058507919294 20.578541979193687 92.917671129107475 143.42941273748875 27.387379720807076 172.205661714077 48.383545279502869 8.1828156411647779 36.005709633231163 5.4916156977415076
leaf_count=177 21 51 1586 106 126 24 22 22 34 213 23 56 39 40 1243 86 290 50 75 81 36 87 376 585 110 693 195 34 145 22
internal_value=1.07764e-06 -0.00496166 0.00435654 0.0233328 0.0359996 -0.013873 0.00352457 -0.00377098 0.0220592 0.00244931 -0.00696771 -0.0138983 -0.0199337 0.00117028 0.000370465 -0.00137965 -0.00268378 0.0107233 0.0232355 -0.00443671 -0.0165415 -0.035926 -0.0144523 -0.0131795 0.000147597 0.00430395 0.00702336 -0.00132985 0.0156824 0.00468047
internal_weight=1644 768.427 875.569 79.9632 54.9143 313.227 41.6555 36.1835 13.9267 795.606 130.909 94.0601 22.2568 455.2 445.389 401.592 380.3 36.8484 24.3853 25.0488 271.572 26.4221 245.15 236.347 41.2693 664.697 448.303 216.394 44.1885 399.919
internal_count=6648 3112 3536 334 232 1276 168 146 56 3202 527 379 90 1836 1796 1619 1533 148 98 102 1108 111 997 961 166 2675 1803 872 179 1608
is_linear=0
shrinkage=0.05


Tree=18
num_leaves=26
num_cat=0
split_feature=4 3 6 13 4 6 6 13 13 13 13 13 13 3 4 4 11 4 4 6 4 3 3 4 6
split_gain=10.5033 9.03087 6.57112 5.51393 6.07501 10.1386 6.58769 6.25029 4.89632 4.64493 4.48018 5.66711 4.42581 4.27726 3.95755 3.84489 3.75689 2.61046 5.10998 2.55784 2.54234 2.48707 4.10969 1.26659 1.20146
threshold=0.10985849801372735 26.730871649209671 0.79838440557663748 47.252539920607738 1.1809121366169169 0.23076921203154513 0.19487640192074443 34.852789077765969 61.604533345418311 9.9365606741954178 29.268283803592055 26.030456173963827 25.202006248139416 29.153062557136408 1.4140672506372902 1.2161533718392104 1.0000000180025095e-35 0.73881290233481256 0.42060392335874175 0.52043651742340735 1.8544344602095417 19.697864606998369 9.1200813275277159 0.076844693090041619 0.6246386126246396
decision_type=2 2 2 2 2 2 2 2 2 2 2 2 2 2 2 2 2 2 2 2 2 2 2 2 2
left_child=2 3 19 4 5 6 -2 -7 9 14 11 -11 -4 -12 16 -6 -3 18 -5 -1 -17 22 -19 -21 -10
right_child=1 8 12 17 15 7 -8 -9 24 10 13 -13 -14 -15 -16 20 -18 21 -20 23 -22 -23 -24 -25 -26
leaf_value=0.024684084261344955 0.017483471037618124 -0.016369142078240615 -0.027618939707665321 0.03932439866347405 -0.040362517256680788 -0.0030620304675981051 0.05907230459392511 0.02267363437060383 0.036049999489082905 -0.0021364608963145636 -0.033288907754855344 0.010178046374304257 0.029988134036882205 -0.0058294554579076787 0.015191620912767753 -0.0065428118023265315 -0.052682080278471599 0.015934466550054139 -0.015449003960026015 0.076405105590489131 0.007678056559907759 0.0086819130476364845 0.070087443044716924 0.042485976108266751 0.010449762245665767
leaf_weight=7.5241584628820446 71.663274392485619 31.697755709290504 6.613579183816908 7.8408087641000774 6.905687376856803 133.3946852684021 10.980830088257788 28.661283195018768 8.8342353403568286 598.63851921260357 14.727913573384283 110.70259329676628 6.7238151282072067 382.24131271243095 7.4071078300476065 102.76594336330891 9.1871320605277997 6.0508490353822735 9.3191061764955503 6.6147421449422819 45.274334594607353 5.8770056068897238 8.322134852409361 4.7133388072252274 9.5242067426443082
leaf_count=32 292 128 27 33 28 540 45 117 36 2417 60 448 28 1546 30 413 37 25 38 28 183 24 34 20 39
internal_value=1.11062e-06 -0.000564298 0.0282809 0.0055704 0.00385214 0.00875759 0.0230093 0.00148959 -0.00285014 -0.00325749 -0.0025949 -0.00021461 0.00142266 -0.00684823 -0.0184365 -0.00389484 -0.0245289 0.0239263 0.00957838 0.0472823 -0.00219372 0.0360849 0.0472897 0.0622922 0.0227688
internal_weight=1642.21 1610.02 32.1896 437.056 399.646 244.7 82.6441 162.056 1172.96 1154.6 1106.31 709.341 13.3374 396.969 48.292 154.946 40.8849 37.4099 17.1599 18.8522 148.04 20.25 14.373 11.3281 18.3584
internal_count=6648 6513 135 1772 1618 994 337 657 4741 4666 4471 2865 55 1606 195 624 165 154 71 80 596 83 59 48 75
is_linear=0
shrinkage=0.05


Tree=19
num_leaves=31
num_cat=0
split_feature=0 2 2 13 5 6 13 2 2 6 5 2 5 2 8 13 2 9 9 6 9 9 13 13 2 2 13 5 6 9
split_gain=13.292 14.8452 11.2351 10.1304 8.64878 8.25184 6.72097 6.64684 6.53359 7.36016 9.23468 6.14057 5.96092 5.81818 5.47415 5.14633 5.01565 6.23504 4.84075 4.82249 4.5394 6.89873 6.85141 4.02865 3.88532 5.75782 4.33132 4.18199 3.69695 3.18763
threshold=1.0000000180025095e-35 51.182631380585555 38.243116471933035 19.512131997162303 0.00097071428571429317 0.10174564955387982 65.086856919310236 51.827688699825416 31.479511867442699 0.90120730326000187 0.0020817857142857131 31.885572027046823 0.0013432142857142989 59.56939115326152 1.0000000180025095e-35 18.735047335414979 75.903347251829857 2.525446239205333 1.0567109777015407 0.97308550620899348 0.74377172293946869 0.90376367340330288 29.087082019616577 12.136741443167184 40.301925487068466 44.216713747150798 44.945983844151847 0.00088678571428571897 0.037617918624470219 0.66231136499269283
decision_type=2 2 2 2 2 2 2 2 2 2 2 2 2 2 2 2 2 2 2 2 2 2 2 2 2 2 2 2 2 2
left_child=1 6 3 23 -3 13 8 -7 9 10 -1 -10 14 28 18 -9 24 20 -5 -13 22 -22 -18 -2 -4 26 -26 -27 -6 -8
right_child=2 4 16 12 5 7 29 15 11 -11 -12 19 -14 -15 -16 -17 17 -19 -20 -21 21 -23 -24 -25 25 27 -28 -29 -30 -31
leaf_value=0.012805845342616615 0.035346998777978464 -0.040419067815843888 -0.016895542511857525 0.060542669265575999 0.029595481169950724 -0.067064085159387207 0.067590218585054276 -0.031193280145975756 -0.060519182676828945 -0.032225400828446299 -0.026260994680330614 -0.0055731446607541401 0.05040455033608178 0.065029493414505521 -0.013174741699002998 -0.00786927769585208 -0.013971900167419771 0.047045174507227741 0.0071456565046466164 0.027174510975112361 0.028595514818872965 -0.0087491887594680229 -0.071989696712981319 -0.014328819522638493 0.015644314621017563 0.01811992834780915 0.065147364077217704 0.0021422930441227692 -0.027416166374296252 0.014943658670479585
leaf_weight=150.50668676197529 5.1328840851783779 33.200640752911568 21.159006506204605 8.6240081191062945 5.6876550763845461 6.1642942875623694 4.8156974315643293 31.83697634935379 4.9724543690681449 11.648498997092245 16.816927075386047 379.88245822489262 27.889175027608871 5.1780011653900138 9.4746530354022997 91.969043880701065 36.837550818920135 5.214380055665969 8.3578452020883542 11.585043400526045 15.133906513452528 67.631626576185226 5.9041664600372306 19.923721075057983 55.537790775299072 44.325466811656952 4.800668701529502 538.46151897311211 5.6864250302314758 7.1353256553411484
leaf_count=608 21 139 86 36 23 25 20 131 20 47 68 1536 122 21 39 375 149 21 35 47 61 272 24 81 226 179 20 2164 23 29
internal_value=1.43989e-06 -0.00480232 0.0042156 0.0221493 -0.0173768 -0.0121557 -0.000954725 -0.0163901 -0.00172553 0.00620409 0.00887942 -0.00530535 0.0342761 0.0210941 0.0172743 -0.0138671 0.00242444 -0.00652821 0.0342626 -0.00460401 -0.00875399 -0.00192061 -0.0219862 -0.00415265 0.0041862 0.00487979 0.0195829 0.00335752 0.00109274 0.0361577
internal_weight=1641.49 767.086 874.408 79.4023 179.723 146.522 587.363 129.97 575.412 178.972 167.324 396.44 54.3457 16.5521 26.4565 123.806 795.006 130.722 16.9819 391.468 125.507 82.7655 42.7417 25.0566 664.284 643.125 60.3385 582.787 11.3741 11.951
internal_count=6648 3112 3536 334 737 598 2375 531 2326 723 676 1603 232 67 110 506 3202 527 71 1583 506 333 173 102 2675 2589 246 2343 46 49
is_linear=0
shrinkage=0.05


Tree=20
num_leaves=25
num_cat=0
split_feature=2 2 6 13 5 5 6 13 13 9 5 6 9 13 5 5 13 5 13 5 2 5 2 6
split_gain=8.02382 6.62637 6.33746 6.11371 5.87176 10.5356 10.1546 5.65363 5.46514 6.92511 6.865 8.54311 6.83682 6.81325 6.15832 3.97258 6.65439 4.33894 3.63156 3.62254 4.54757 2.57109 1.98148 0.774883
threshold=31.479511867442699 31.885572027046823 1.0000000180025095e-35 61.604533345418311 0.0020817857142857131 0.002559285714285701 0.91696975115866641 30.903142002492697 40.661216438758387 0.92817963524749292 0.0011700000000000204 0.40694476248151251 1.0248561115989039 23.468998103507527 0.001295714285714297 0.002224999999999993 43.829083677689368 0.0021735714285714019 32.323064912045474 0.0016025000000000147 48.737891015715682 0.0013471428571428725 27.69757844588111 0.44865799005307616
decision_type=2 2 2 2 2 2 2 2 2 2 2 2 2 2 2 2 2 2 2 2 2 2 2 2
left_child=4 -2 21 15 6 18 8 -8 9 13 11 -10 -11 -1 -12 17 -17 -4 23 20 -5 -3 -7 -6
right_child=1 2 3 19 5 22 7 -9 10 12 14 -13 -14 -15 -16 16 -18 -19 -20 -21 -22 -23 -24 -25
leaf_value=0.01296370493228928 -0.051110052097301101 0.011182994219474433 -0.0023858851468043264 0.069966638403649362 -0.072172972007833111 0.044651065627706384 -0.066040677747036786 0.0057358566725528026 0.0050567203920801364 -0.025942156322775325 0.062099593191144047 -0.08410415670339523 0.015487585921626896 0.045094379197368313 -0.0010657209768239763 0.0092249171857701848 -0.030036578251047441 -0.028701868160727895 -0.0056596300068198517 -0.0099308773871861506 0.013847291087188504 0.058038438742362967 0.0017118311966988699 -0.044167884431280197
leaf_weight=29.298423320055008 6.6582666784524909 5.6436548233032209 1229.2217006236315 6.5231401771307018 4.9689768999815005 5.6470933109521848 6.1823623776435834 4.9321886003017426 5.8601038455963117 11.833829224109648 4.9163054674863842 4.9610917717218399 62.818811804056168 37.766327440738678 17.938016280531883 132.82915878295898 11.746729865670202 15.865515768527983 4.9152837246656409 5.1298412680625907 8.083000645041464 6.0839725732803345 5.125050351023674 4.9114812612533569
leaf_count=119 27 23 4979 27 20 23 25 20 24 48 20 20 254 156 74 537 48 64 20 21 33 25 21 20
internal_value=1.55759e-06 -0.00134638 -0.00111323 -0.00141781 0.00907649 -0.0133938 0.0121569 -0.0341892 0.0150938 0.0193962 -0.00301204 -0.03582 0.0089202 0.0310575 0.0125221 -0.00181026 0.00603494 -0.00272122 -0.0407803 0.0262154 0.0389103 0.0354903 0.0242219 -0.0582519
internal_weight=1639.86 1427.78 1421.13 1409.4 212.075 25.5679 186.507 11.1146 175.393 141.717 33.6755 10.8212 74.6526 67.0648 22.8543 1389.66 144.576 1245.09 14.7957 19.736 14.6061 11.7276 10.7721 9.88046
internal_count=6648 5784 5757 5709 864 104 760 45 715 577 138 44 302 275 94 5628 585 5043 60 81 60 48 44 40
is_linear=0
shrinkage=0.05


Tree=21
num_leaves=31
num_cat=0
split_feature=0 2 2 13 4 4 13 6 13 6 6 2 4 6 3 6 12 4 2 2 13 13 3 4 3 13 6 2 6 6
split_gain=12.2587 13.2803 10.0886 9.1257 5.2436 4.9456 6.9982 6.67971 4.81764 4.86287 4.74203 4.58717 5.83826 4.58522 4.57834 4.57529 4.63661 4.573 4.52851 7.49087 4.41664 10.5826 4.68494 4.40399 4.33859 4.2903 4.26442 5.77108 4.19233 7.73121
threshold=1.0000000180025095e-35 45.16573908815257 38.243116471933035 19.512131997162303 0.79165089616497075 0.87880653236279194 24.804547355511385 0.04459865319831071 26.703695069539808 0.91325246159197548 0.86535214257470938 75.903347251829857 1.1084966458054963 0.037617918624470219 49.465399465400317 0.82623789039989182 1.0000000180025095e-35 1.0573234229679405 46.708772116441693 47.813473379210841 15.657518503713938 17.781666986821453 19.324287091886447 0.24512304115904363 76.493258975513683 15.414153739502511 0.43295822447682536 62.20006057852472 0.9043443493908857 0.83333315696659682
decision_type=2 2 2 2 2 2 2 2 2 2 2 2 2 2 2 2 2 2 2 2 2 2 2 2 2 2 2 2 2 2
left_child=1 5 3 4 -2 6 7 -1 -8 -10 -5 23 25 14 -3 24 -17 28 -19 -20 -7 -22 -23 26 -14 -13 -4 -28 29 -15
right_child=2 13 11 10 -6 20 8 -9 9 -11 -12 12 15 17 -16 16 -18 18 19 -21 21 22 -24 -25 -26 -27 27 -29 -30 -31
leaf_value=0.042287343265785093 0.031289501325846361 -0.01136902623528541 0.050982125643638243 0.037413937713655608 -0.018720265343599895 -0.022919587946936371 0.040955204739827569 -0.0081428439855659764 0.013860124560376995 -0.020322653931084088 -0.014293994385025186 0.0042092406282377868 0.039100553585193126 -0.0097586725142757916 0.044870860781767351 0.038014637340113483 -0.016543356438963139 -0.050727130339989379 0.032968132900869133 -0.022026481507098197 0.037447692789875496 0.0030544074638351234 -0.011764378479552499 0.0030394382165066223 -0.010612523474197312 -0.023937046080293123 0.030557698108386863 -0.01441228865222377 -0.030874960359921322 0.030153221333665287
leaf_weight=7.1083237379789344 7.4675605893135097 7.9399645626544935 8.844101354479788 48.893830969929695 17.583711206912994 27.97857965528965 14.453817203640936 86.102177798748016 98.659107714891434 11.631015196442602 4.8761382699012747 18.591620787978172 4.9863617569208136 124.47150512039661 6.6492466926574707 15.349016234278681 5.2181620746850959 12.235817417502401 6.6031746417284003 99.442583203315735 15.92125929892063 100.56754869222641 113.56462852656841 626.09106616675854 36.623299762606621 49.817728653550148 16.698664456605915 12.455948069691656 19.078636050224304 13.443904727697371
leaf_count=29 31 32 37 212 71 113 59 347 403 47 20 75 20 507 27 62 21 50 27 412 64 404 458 2517 147 202 70 51 78 55
internal_value=1.77735e-06 -0.00461581 0.00405031 0.0211123 -0.0038128 0.00052229 0.00606773 -0.00429699 0.0138124 0.0102553 0.0327248 0.002358 -0.00620868 -0.0130531 0.0142631 0.00488068 0.0241726 -0.0145008 -0.0219253 -0.0186021 -0.00416183 -0.00188056 -0.00480471 0.00404254 -0.00465508 -0.0162877 0.0205703 0.0113448 -0.00890704 -0.00586809
internal_weight=1639.35 765.851 873.497 78.8212 25.0513 475.986 217.954 93.2105 124.744 110.29 53.77 794.676 130.586 289.865 14.5892 62.1768 20.5672 275.276 118.282 106.046 258.032 230.053 214.132 664.09 41.6097 68.4093 37.9987 29.1546 156.994 137.915
internal_count=6648 3112 3536 334 102 1924 885 376 509 450 232 3202 527 1188 59 250 83 1129 489 439 1039 926 862 2675 167 277 158 121 640 562
is_linear=0
shrinkage=0.05


Tree=22
num_leaves=31
num_cat=0
split_feature=0 3 2 2 4 4 5 13 3 5 13 4 5 2 13 9 5 5 5 13 5 5 2 2 13 13 4 4 4 9
split_gain=11.0798 12.3915 9.27962 8.85202 6.29547 6.92693 7.27005 5.81336 5.27033 5.1074 5.43994 5.06017 4.78368 11.5686 7.93759 6.72796 5.68572 5.03597 6.16047 5.63978 5.55439 4.62873 4.53108 4.50786 4.32248 6.16373 6.11873 4.28464 4.73733 4.2262
threshold=1.0000000180025095e-35 32.121883917831035 44.560304660193424 54.364149609583329 1.262556342100343 1.6983178620848711 0.00095785714285715319 34.638060998438313 12.810744382022298 0.00088678571428571897 16.072747273570535 0.70506598758378869 0.001295714285714297 65.142437145174924 41.758680655529268 0.58522589786147061 0.001203571428571439 0.0015057142857142771 0.0015803571428571635 16.321466498137799 0.0017521428571428532 0.00078214285714285831 35.097370535132647 44.956628252880982 29.087082019616577 26.030456173963827 0.64743180780812837 1.2014252238682228 1.0790746604262256 1.1004936755690367
decision_type=2 2 2 2 2 2 2 2 2 2 2 2 2 2 2 2 2 2 2 2 2 2 2 2 2 2 2 2 2 2
left_child=1 3 4 21 -2 6 -6 22 -8 10 -4 -12 13 14 16 -16 -3 19 29 -14 -20 -1 -7 -11 25 -25 -26 28 -23 -19
right_child=2 12 9 -5 5 7 8 -9 -10 23 11 -13 17 -15 15 -17 -18 18 20 -21 -22 27 -24 24 26 -27 -28 -29 -30 -31
leaf_value=-0.024039880500216406 0.02090895173896375 -0.013941320931859983 -0.017165496211652812 -0.063950539127266295 0.028853123584056551 0.043817514528857494 0.0044156275217803421 0.054779390459526213 -0.052820847473994327 -0.047429473683493074 -0.0048123441150065482 0.034006443609668979 -0.030153953149969544 -0.057463086697597338 -0.041755704275871025 0.017799542210778264 -0.042511715965453153 -0.047381858257519241 0.0098954498745344472 0.01278309462483508 -0.013734677972601845 0.0055696011827454936 -0.01350137593731833 0.0011587544994785593 0.0085690751882021767 0.020077600509727699 -0.011375762373930544 -0.0031429043887739659 0.028897753266695515 0.005635363615402505
leaf_weight=15.476416438817976 115.66676707565784 107.85299289226532 9.9272877275943738 5.040232151746749 5.9445222020149258 4.7503314316272798 5.8887647837400463 7.5531671941280356 12.686580345034598 4.9409463554620734 11.367321684956549 32.105992436408997 8.9660460799932462 15.903555139899252 5.6487513929605475 29.550420969724655 20.766751781105995 16.622674942016605 36.475842401385307 52.017575323581696 78.145797833800316 206.56347917020321 12.57454840838909 410.00640632212162 53.349536761641502 48.103117167949677 137.72483398020267 136.65872402489185 24.325575798749924 4.8572215735912314
leaf_count=63 485 444 40 21 24 20 24 33 51 20 46 130 37 67 23 121 85 68 148 211 318 839 51 1649 216 194 553 549 98 20
internal_value=1.84369e-06 -0.00439115 0.00385254 0.00187997 0.0145277 -0.000414256 -0.019274 0.0181739 -0.0346757 0.00136204 0.0162302 0.0238562 -0.0108496 -0.0167491 -0.0127966 0.00824214 -0.0185543 -0.00546982 -0.0108199 0.00647033 -0.0062149 0.00274623 0.00221497 0.000148254 0.000510369 0.0031453 -0.005807 0.00387412 0.00802736 -0.0353931
internal_weight=1637.46 764.872 872.59 388.064 165.065 49.3979 24.5199 24.878 18.5753 707.525 53.4006 43.4733 376.808 179.722 163.819 35.1992 128.62 197.085 136.102 60.9836 114.622 383.024 17.3249 654.125 649.184 458.11 191.074 367.548 230.889 21.4799
internal_count=6648 3112 3536 1570 688 203 99 104 75 2848 216 176 1542 740 673 144 529 802 554 248 466 1549 71 2632 2612 1843 769 1486 937 88
is_linear=0
shrinkage=0.05


Tree=23
num_leaves=24
num_cat=0
split_feature=4 2 2 6 4 4 5 4 4 2 13 6 13 6 6 13 9 13 2 4 13 2 9
split_gain=9.0724 6.49881 6.18486 5.78378 5.4741 5.19544 4.42549 4.34634 6.83046 5.48128 4.01466 3.51745 3.45536 3.2999 3.24197 2.84083 7.64289 7.60315 7.24415 6.58019 4.1799 3.69504 2.20583
threshold=0.10985849801372735 44.046856898969601 43.124205505003985 0.79838440557663748 2.5046424174972821 1.3848660165063738 0.0014414285714285699 1.8954557908114842 1.262556342100343 32.995778427250492 25.202006248139416 0.52043651742340735 39.425181327769529 0.41078346518623249 1.0000000180025095e-35 29.087082019616577 0.56943900031717842 26.14109868174447 71.400231595364502 0.64743180780812837 26.865044720153154 44.396306677457552 2.1499982411707461
decision_type=2 2 2 2 2 2 2 2 2 2 2 2 2 2 2 2 2 2 2 2 2 2 2
left_child=3 2 4 6 7 12 -1 8 -2 -9 -5 -8 13 -4 -3 17 18 21 -17 -18 -19 -16 -6
right_child=1 14 5 10 22 -7 11 9 -10 -11 -12 -13 -14 -15 15 16 19 20 -20 -21 -22 -23 -24
leaf_value=0.0040790885692507566 0.0052609609782190295 0.030077553201258479 0.005605225046918857 -0.026302986010028773 -0.043856318190025986 -0.0091329881678074709 0.028691521679870925 0.035143799651383797 -0.008162643886171092 0.00049894055281543808 0.028698138478800123 0.080547781313841341 0.070783078314973588 0.043092853764397469 -0.04037644619334043 -0.017301569820626802 0.012880300890626318 0.035387882567124045 -0.07465729545129364 -0.0071643433979355761 0.0072552204742156292 -0.0028707869534990143 -0.0081061439522625133
leaf_weight=4.9452424347400727 368.22660060226917 7.3657386302947989 11.02944558858872 6.6136580705642682 8.369131341576578 9.4193868190050107 5.5311030596494657 22.972230851650238 127.60611447691917 22.696661770343781 6.6575564742088318 7.9998608976602554 5.1450375318527213 12.550028145313261 6.6416459232568732 53.706936955451965 50.311342149972916 16.762745350599289 6.1339726746082297 219.88454549014568 62.180294558405876 584.12154653668404 8.906606510281561
leaf_count=21 1508 30 45 27 34 38 24 94 515 93 28 35 21 51 27 217 203 68 25 893 252 2363 36
internal_value=1.54605e-06 -0.000522316 0.00361159 0.0264695 0.00228184 0.0230913 0.0445567 0.00316579 0.0018063 0.0179259 0.00128854 0.0593503 0.0336584 0.0255578 -0.00297251 -0.00321601 -0.00701274 -0.00134496 -0.0231808 -0.00343197 0.0132289 -0.00329244 -0.0254251
internal_weight=1635.78 1604.03 596.921 31.7474 558.777 38.1439 18.4762 541.502 495.833 45.6689 13.2712 13.531 28.7245 23.5795 1007.11 999.743 330.037 669.706 59.8409 270.196 78.943 590.763 17.2757
internal_count=6648 6513 2435 135 2280 155 80 2210 2023 187 55 59 117 96 4078 4048 1338 2710 242 1096 320 2390 70
is_linear=0
shrinkage=0.05


Tree=24
num_leaves=23
num_cat=0
split_feature=3 2 3 2 6 2 13 6 5 9 3 13 6 13 5 5 2 13 3 6 5 6
split_gain=6.21816 8.73846 6.09458 5.89483 4.37705 4.63597 4.14351 4.46296 5.37197 4.7485 3.79839 3.18097 6.02205 3.07329 2.81094 3.62533 2.60981 2.37397 2.34597 2.30816 2.20303 1.55274
threshold=32.121883917831035 53.124639474116684 32.873783824870394 52.176281140475986 1.0000000180025095e-35 51.018515743683857 9.9365606741954178 0.55172406658745576 0.0013775000000000078 0.81045476906369152 31.316166373824622 10.950058176954647 0.54257286868796639 61.604533345418311 0.0011882142857142749 0.0014039285714285701 85.799635147461387 19.1191654387322 64.007575757576248 0.6246386126246396 0.0014414285714285699 0.83645099606058404
decision_type=2 2 2 2 2 2 2 2 2 2 2 2 2 2 2 2 2 2 2 2 2 2
left_child=1 3 20 4 -1 10 7 14 9 -9 -6 12 -8 16 -4 -16 -13 -3 -10 -15 -2 -14
right_child=2 17 6 -5 5 -7 11 8 18 -11 -12 13 21 19 15 -17 -18 -19 -20 -21 -22 -23
leaf_value=0.045911762782860382 -0.052812288455053841 -0.018267809578029398 -0.026583062143237097 0.049903560592748031 0.0042683914300545101 -0.033026328839148397 0.04790144402810434 -0.044517883360730245 -0.035948876765542558 0.014334450343083133 0.034587292977798494 -0.001408627543065452 -0.022501481056418415 0.039607482578852035 0.042804137817993741 -0.0076993493661827771 -0.016962797224205479 -0.061474543993906332 -0.082689419555064758 0.0022372853807729096 -0.010100997112137272 0.014298276328641333
leaf_weight=6.3987063765525809 7.8904343545436841 7.8607205003499967 6.6873280256986645 7.353653907775878 487.42209711670876 8.1851753890514356 9.4050212502479571 5.9124345183372524 5.8882317095994932 8.1547193527221662 10.553970605134962 977.34529431164265 6.3749588727951032 7.821398779749873 5.9163150638341895 8.8970950990915281 27.733620524406433 5.3380686938762665 4.9341578036546707 8.7594783604145032 4.8901919275522232 5.2084577679634094
leaf_count=27 32 32 27 30 1989 33 38 24 24 33 43 3967 26 32 24 36 112 22 20 36 20 21
internal_value=1.74275e-06 0.00443473 -0.00214315 0.00545468 0.00481698 0.00429747 -0.0017403 -0.0163617 -0.0307757 -0.0104012 0.00491096 -0.00108976 0.0181786 -0.00148559 0.000324234 0.0124712 -0.00183782 -0.0357422 -0.0572589 0.0198653 -0.0364699 -0.00595455
internal_weight=1634.93 533.112 1101.82 519.914 512.56 506.161 1089.04 46.3903 24.8895 14.0672 497.976 1042.65 20.9884 1021.66 21.5007 14.8134 1005.08 13.1988 10.8224 16.5809 12.7806 11.5834
internal_count=6648 2176 4472 2122 2092 2065 4420 188 101 57 2032 4232 85 4147 87 60 4079 54 44 68 52 47
is_linear=0
shrinkage=0.05


Tree=25
num_leaves=31
num_cat=0
split_feature=0 5 4 6 5 13 6 10 4 13 4 13 5 5 5 5 13 6 9 13 6 6 13 11 5 6 5 13 6 6
split_gain=10.7268 8.3762 6.00564 5.50081 6.87517 5.27177 4.89223 4.61625 9.91782 6.61946 6.0106 5.88053 5.03119 4.70538 4.02305 6.41439 5.9562 9.79194 5.92671 4.42201 4.14307 3.91764 5.24551 3.5362 3.48032 2.58507 2.02612 1.64044 1.60551 0.540103
threshold=1.0000000180025095e-35 0.00078214285714285831 0.10985849801372735 0.30661797323320888 0.00073571428571429201 61.604533345418311 0.037617918624470219 1.0000000180025095e-35 0.47302651954503222 20.194978166607225 0.71823366276075751 15.892890292962244 0.0015549999999999891 0.0010078571428571239 0.0011228571428571401 0.0011403571428571515 14.888447898203385 0.47004269145357569 0.71432144643752971 27.382260632411992 0.99473664395133998 0.022222218930103902 19.22918253105836 1.0000000180025095e-35 0.0015103571428571568 0.79838440557663748 0.00066250000000001041 22.351502105508221 0.72481913111202512 0.51630623243286122
decision_type=2 2 2 2 2 2 2 2 2 2 2 2 2 2 2 2 2 2 2 2 2 2 2 2 2 2 2 2 2 2
left_child=1 3 25 4 -1 14 21 8 9 -8 -10 12 -9 -13 16 19 17 -4 -18 -16 -17 23 -23 24 -3 27 -5 -2 29 -28
right_child=2 6 5 26 -6 -7 7 11 10 -11 -12 13 -14 -15 15 20 18 -19 -20 -21 -22 22 -24 -25 -26 -27 28 -29 -30 -31
leaf_value=0.028227227249394499 0.068110087021517232 0.035055467762861614 0.016391547534039135 -0.020998418311520869 -0.045701840337228433 0.052094102870042618 0.071322460097587262 -0.028780260415764525 -0.024253376968888955 0.0099311053526641851 -0.0065974787733464914 0.02371954167299772 0.014054108961848694 0.0018705376390408613 -0.011639617555347329 0.0019219844942588904 0.028964218885807708 -0.029618198348010601 0.0076315896044014432 -0.070760533106441079 -0.03691643943490177 -0.0023042312802992473 0.059537180333821577 -0.032434065037822729 -0.0094794212554225946 0.010077933293069209 -0.054509244400735679 0.029038375300481319 -0.0330051908295916 -0.078542800436555635
leaf_weight=7.6305440068244916 5.1688165217638034 8.7996114641428047 21.991584181785583 7.0420629084110287 5.3495147228240967 5.4729849249124518 5.4327599704265621 25.285524606704712 55.154732689261436 22.894759148359299 382.46979047358036 29.105396032333374 9.4051831364631635 160.67655356228352 8.6718591153621656 584.28825850784779 41.24698469042778 24.388396292924881 154.56697307527065 4.9786942452192298 6.9482198506593695 5.6890900135040274 8.6315519809722883 5.7140392512083045 8.7481488287448865 7.8554061204195014 4.7619590163230878 5.5936820358037949 5.9032697081565848 4.5917579978704453
leaf_count=31 23 36 89 30 22 23 22 103 224 94 1557 119 38 654 35 2367 168 98 626 20 28 23 35 23 36 33 20 26 25 20
internal_value=1.59627e-06 -0.00432579 0.00379308 -0.0281193 -0.0022414 0.0031796 -0.00317276 -0.00412905 -0.00696676 0.021705 -0.00882269 0.00176135 -0.0171672 0.00522135 0.00286356 0.000683197 0.0083091 -0.00780217 0.0121252 -0.0332025 0.00146555 0.0143952 0.0349698 0.00172891 0.0128533 0.0318858 -0.0431826 0.047803 -0.053422 -0.0663074
internal_weight=1634.46 763.286 871.172 35.2791 12.9801 852.554 728.007 690.425 465.952 28.3275 437.625 224.473 34.6907 189.782 847.081 604.887 242.194 46.38 195.814 13.6506 591.236 37.5824 14.3206 23.2618 17.5478 18.6179 22.299 10.7625 15.257 9.35372
internal_count=6648 3112 3536 148 53 3454 2964 2811 1897 116 1781 914 141 773 3431 2450 981 187 794 55 2395 153 58 95 72 82 95 49 65 40
is_linear=0
shrinkage=0.05


Tree=26
num_leaves=31
num_cat=0
split_feature=0 5 4 6 5 13 4 6 13 5 4 6 13 6 6 5 13 13 5 4 13 6 9 5 6 13 5 13 6 6
split_gain=9.69005 7.63285 5.49021 5.05112 6.22329 4.80351 4.53725 4.35835 4.90135 7.54621 5.81024 4.06314 5.50481 4.0631 3.91448 3.63613 5.87872 7.06866 5.79037 4.3406 3.99951 3.73948 2.5322 2.57029 2.40898 2.07236 1.88604 1.54526 1.51229 0.532867
threshold=1.0000000180025095e-35 0.00078214285714285831 0.10985849801372735 0.30661797323320888 0.00073571428571429201 61.604533345418311 2.2935236122243388 0.037617918624470219 24.952972541462977 0.0014464285714285948 0.96583648940046796 0.022222218930103902 19.22918253105836 0.40322575767439661 1.0000000180025095e-35 0.0011228571428571401 44.222246798515663 42.103446480433483 0.0011403571428571515 1.2556316967219605 27.382260632411992 0.99473664395133998 2.525446239205333 0.0014464285714285948 0.79838440557663748 27.382260632411992 0.00066250000000001041 22.351502105508221 0.72481913111202512 0.51630623243286122
decision_type=2 2 2 2 2 2 2 2 2 2 2 2 2 2 2 2 2 2 2 2 2 2 2 2 2 2 2 2 2 2
left_child=1 3 24 4 -1 15 7 11 9 -9 -10 14 -13 22 -3 16 17 -4 20 -18 -17 -20 23 -8 27 -15 -5 -2 29 -28
right_child=2 6 5 26 -6 -7 13 8 10 -11 -12 12 -14 25 -16 18 19 -19 21 -21 -22 -23 -24 -25 -26 -27 28 -29 -30 -31
leaf_value=0.026780195384738081 0.066114242528025044 0.033656092634827044 0.0071120178100933032 -0.020036690778393623 -0.043642960541825954 0.049905768527065207 0.0057800979743083689 -0.015074234212657581 0.0064006168170480581 0.0012573107521167753 -0.0061530397897131828 -0.0021891373419569548 0.061602109301865521 -0.020931338310099301 -0.011872920461740726 -0.011054569747243271 0.015513133616316226 -0.048338534951877926 0.0018259711229693691 0.064867576365010102 -0.067296914658160928 -0.035074142897215096 0.024724685318103901 -0.044132129634911067 0.0095910238172449546 -0.057509949923418596 -0.052335450468005487 0.027887932875804364 -0.031581490905025933 -0.076409895240788867
leaf_weight=7.6404343098402006 5.0613423585891741 6.6879824250936535 217.35913613438606 7.0118527710437801 5.3224728107452393 5.4284573495388022 5.4153825640678424 163.50977224111557 202.2449332177639 124.65583348274231 169.35029135644436 5.6887886524200431 8.3397316485643369 7.4960647076368323 16.052481263875961 8.674201622605322 11.382886409759523 5.9034162759780875 584.26150652766228 7.3195263892412177 4.9732782989740363 6.9475195258855811 5.2205826491117469 4.9252027422189713 7.8418473452329627 8.0094507634639722 4.7130118459463102 5.5347409695386887 5.8619877099990836 4.4865947663784027
leaf_count=31 23 28 880 30 22 23 22 667 825 507 688 23 34 31 65 35 47 24 2367 30 20 28 21 20 33 33 20 26 25 20
internal_value=1.53284e-06 -0.00411348 0.00360586 -0.0269086 -0.00213503 0.00302187 -0.00301581 -0.00218194 -0.00311564 -0.00800947 0.000679431 0.0145719 0.0357337 -0.0217116 0.00151719 0.00272132 0.00790149 0.00564582 0.000649064 0.0348289 -0.0315498 0.00139234 -0.00366174 -0.017993 0.0305995 -0.0398262 -0.0414572 0.0461472 -0.0514294 -0.0640764
internal_weight=1633.32 762.633 870.688 35.0364 12.9629 852.25 727.596 696.53 659.761 288.166 371.595 36.769 14.0285 31.0667 22.7405 846.821 241.965 223.263 604.857 18.7024 13.6475 591.209 15.5612 10.3406 18.4379 15.5055 22.0734 10.5961 15.0616 9.19961
internal_count=6648 3112 3536 148 53 3454 2964 2837 2687 1174 1513 150 57 127 93 3431 981 904 2450 77 55 2395 63 42 82 64 95 49 65 40
is_linear=0
shrinkage=0.05


Tree=27
num_leaves=31
num_cat=0
split_feature=0 2 2 13 6 13 3 4 6 3 6 6 9 9 13 2 9 2 2 3 4 9 9 13 9 4 4 9 4 4
split_gain=8.75451 10.6409 7.79987 8.09571 5.77801 5.35787 5.45853 4.60378 4.54807 4.40987 4.3614 4.34778 7.10502 4.37314 4.10681 3.94107 5.50317 4.01874 4.50981 5.05108 4.62026 3.98352 6.33876 5.82944 3.84372 3.62842 3.47702 3.27296 4.17917 3.64586
threshold=1.0000000180025095e-35 51.182631380585555 38.243116471933035 19.512131997162303 0.12084223430770488 65.086856919310236 32.121883917831035 0.79165089616497075 0.97308550620899348 80.023918612073459 0.86535214257470938 0.19487640192074443 1.0248561115989039 0.4099138167621687 29.430385691077287 75.903347251829857 2.525446239205333 40.301925487068466 44.560304660193424 42.857142857143941 1.4398751671571217 0.74377172293946869 0.90376367340330288 29.087082019616577 0.30992987366703911 1.0865486976633869 1.3120550432221803 0.93485911157059043 1.7829411937882351 0.5795076344783171
decision_type=2 2 2 2 2 2 2 2 2 2 2 2 2 2 2 2 2 2 2 2 2 2 2 2 2 2 2 2 2 2
left_child=1 5 3 7 14 6 24 -2 9 -8 27 12 -6 -13 25 17 21 26 19 -19 -20 23 -23 -17 -1 -3 -4 29 -29 -5
right_child=2 4 15 10 11 -7 8 -9 -10 -11 -12 13 -14 -15 -16 16 -18 18 20 -21 -22 22 -24 -25 -26 -27 -28 28 -30 -31
leaf_value=0.036392205322265558 0.028245714866627504 0.010984846110499196 -0.0067907302994401455 0.030022961276724099 -0.0061728397851630304 0.03268616330531731 -0.0081054906470828803 -0.018862484960895282 0.026233260768176711 -0.049777710231216916 -0.015431470235359304 -0.054754743941009348 -0.075559267293036622 -0.013417714943192854 0.035336548035418372 -0.013191236913260585 0.044448318106018792 0.0055460687993461218 0.00060616920258083301 0.03407042117433294 0.011918839940965821 0.027563634617880257 -0.0082554112533825812 -0.067228044963757075 0.0015348522060267729 -0.040818577320990646 -0.054873747123960918 0.0065895575991882331 0.054828791187207161 0.06813320352137818
leaf_weight=8.0865703523159009 7.3657250851392773 9.3163724392652529 16.144685164093975 14.548610806465151 6.7917764931917182 11.80422720313072 189.26848293840885 17.528497114777565 9.3271573781967145 6.5688555091619483 4.8616815507411948 6.7234276980161658 8.0769309997558576 132.25084872543812 8.8548664897680265 36.68344509601593 5.1897038966417304 39.770052433013916 464.19922572374344 25.452880829572678 112.04034973680973 15.118962079286574 67.474702686071396 5.7769891023635855 359.49199852347374 5.3049366921186438 4.9011771082878104 15.900249823927881 6.2564962208271018 11.036113664507864
leaf_count=34 31 38 66 67 28 49 772 71 38 27 20 28 34 551 36 149 21 164 1871 104 450 61 272 24 1455 22 20 68 28 49
internal_value=1.40772e-06 -0.00391234 0.00342773 0.0185674 -0.0146411 -0.000657816 -0.00134504 -0.00492407 -0.00787863 -0.00950328 0.0296847 -0.0181669 -0.0438647 -0.0154176 0.00846387 0.00194771 -0.00600336 0.00351083 0.0042162 0.0166775 0.00280573 -0.00809708 -0.00169865 -0.0205433 0.0023017 -0.00781059 -0.0179883 0.034279 0.0202111 0.046462
internal_weight=1632.12 761.866 870.25 77.4974 177.319 584.547 572.743 24.8942 205.164 195.837 52.6032 153.843 14.8687 138.974 23.4762 792.752 130.244 662.508 641.463 65.2229 576.24 125.054 82.5937 42.4604 367.579 14.6213 21.0459 47.7415 22.1567 25.5847
internal_count=6648 3112 3536 334 737 2375 2326 102 837 799 232 641 62 579 96 3202 527 2675 2589 268 2321 506 333 173 1489 60 86 212 96 116
is_linear=0
shrinkage=0.05


Tree=28
num_leaves=31
num_cat=0
split_feature=0 2 5 2 13 5 6 2 3 4 4 4 2 3 13 13 3 2 3 13 2 4 13 3 13 13 4 3 5 2
split_gain=7.91285 9.64884 7.38377 7.11142 7.47631 6.90793 6.05492 6.03553 5.61791 5.31952 5.11789 4.79376 6.60693 4.61281 4.34652 4.14482 4.55824 3.78022 3.72168 3.60538 3.81039 5.0512 4.74673 4.36744 3.97849 6.00062 5.42849 3.53667 3.30783 5.53401
threshold=1.0000000180025095e-35 51.182631380585555 0.00097071428571429317 38.243116471933035 18.805163807690935 0.0013432142857142989 0.10174564955387982 51.827688699825416 49.465399465400317 0.39248646576231411 2.5046424174972821 1.2813856955390535 35.69498069498092 4.0974613660682895 18.735047335414979 65.086856919310236 79.09537157584262 57.598342541437525 37.423127711749565 61.604533345418311 75.903347251829857 1.1084966458054963 28.185853067648022 97.65854661321724 29.087082019616577 26.030456173963827 0.16292593362408311 22.751536719510629 0.0019535714285714117 25.665422430408565
decision_type=2 2 2 2 2 2 2 2 2 2 2 2 2 2 2 2 2 2 2 2 2 2 2 2 2 2 2 2 2 2
left_child=1 10 -3 4 11 9 8 -8 -4 -6 13 12 -2 28 -9 16 -15 -10 -12 20 24 22 -22 -23 25 -5 -26 -11 29 -1
right_child=3 2 6 19 5 -7 7 14 17 27 18 -13 -14 15 -16 -17 -18 -19 -20 -21 21 23 -24 -25 26 -27 -28 -29 -30 -31
leaf_value=0.051619494367449253 -0.017602448386189143 -0.035613660926670773 -0.022372241327290935 0.0037919682425972159 -0.036183454762343754 0.044897108160856236 -0.061566812440817575 -0.026502677159142392 0.01122668258509716 0.038140208762938388 -0.012106739988925702 -0.04107399783380606 0.055133049332331069 -0.0011085087424685153 -0.0048604504202569426 0.028952722063218857 -0.040362844548366007 0.069853710592187451 -0.062719953941191772 0.045169646037253257 -0.0098351341055245723 -0.001394435716218364 -0.045592708934920914 0.036494835865452512 0.042002090890793903 0.022501484370310919 -0.0039547551609097707 -0.00074227623869786577 -0.0076788906686314747 0.0067651807292770068
leaf_weight=11.921759411692621 8.33720411360264 32.193873599171638 5.3829140812158611 398.87816527485847 5.135262846946719 27.833825215697289 6.0440954267978659 31.142772287130356 5.6096047013998014 12.529884308576586 11.901799634099008 7.1665003895759574 4.991192787885665 510.11266526579857 90.956421002745628 11.285198569297789 7.5042044669389716 5.3928711414337158 5.2272270768880835 4.7743895500898352 56.197452589869499 52.663803488016129 11.117067098617552 8.8894003480672819 6.633322909474372 48.014692097902298 205.27037926018238 10.967083767056463 10.038909301161764 16.249273806810379
leaf_count=49 34 139 22 1608 22 128 25 131 23 54 48 29 21 2071 375 47 31 22 22 20 228 212 46 36 29 195 828 46 41 66
internal_value=1.42031e-06 -0.00372183 -0.0139589 0.00326029 0.0177709 0.0271597 -0.00913528 -0.0127948 0.0194845 0.0099168 -0.000625298 -0.00809628 0.0096354 0.000188003 -0.0103805 -0.00102404 -0.0016776 0.0399628 -0.0275523 0.00185103 0.00158845 -0.00627454 -0.0157405 0.00407746 0.00312654 0.00580214 -0.00251615 0.019992 0.0169651 0.0257472
internal_weight=1630.36 760.964 176.723 869.4 76.961 56.4661 144.529 128.143 16.3854 28.6322 584.241 20.4949 13.3284 567.112 122.099 528.902 517.617 11.0025 17.129 792.439 787.664 128.868 67.3145 61.5532 658.797 446.893 211.904 23.497 38.2099 28.171
internal_count=6648 3112 737 3536 334 250 598 531 67 122 2375 84 55 2305 506 2149 2102 45 70 3202 3182 522 274 248 2660 1803 857 100 156 115
is_linear=0
shrinkage=0.05


Tree=29
num_leaves=31
num_cat=0
split_feature=0 3 2 2 6 4 5 5 4 5 3 3 5 5 3 6 2 6 5 5 4 2 4 5 4 6 3 2 4 5
split_gain=7.15307 8.77492 6.4854 6.27972 4.92063 4.82874 4.90333 4.0798 7.63146 9.72215 3.67353 3.4623 3.35241 5.61962 9.81754 5.06821 7.32353 7.27321 6.88528 5.32383 4.32465 5.68065 4.53399 3.62448 3.22896 4.58477 8.55751 5.48883 4.11848 4.40031
threshold=1.0000000180025095e-35 26.374379948100085 38.243116471933035 29.509298133258095 0.81846584218259688 2.0700788522087143 0.00079214285714285248 0.0013775000000000078 0.84622638229474167 0.0017092857142857072 22.751536719510629 18.681182687805997 0.0011228571428571401 0.0011403571428571515 72.145601108382905 0.52479499484279835 40.74720009663077 0.9473682340718711 0.0010532142857142706 0.0010257142857143045 0.43470423697896599 73.570351185546897 0.90386679373036294 0.00096571428571426041 0.14225519663849576 0.28134353247540239 14.212724509565232 35.69498069498092 1.188030558115315 0.0010907142857143023
decision_type=2 2 2 2 2 2 2 2 2 2 2 2 2 2 2 2 2 2 2 2 2 2 2 2 2 2 2 2 2 2
left_child=1 24 7 4 -3 6 -5 10 -9 -10 11 -2 15 14 -14 16 -4 18 -17 -18 21 -15 -22 -19 -1 28 27 -27 29 -26
right_child=2 3 12 5 -6 -7 -8 8 9 -11 -12 -13 13 20 -16 17 19 23 -20 -21 22 -23 -24 -25 25 26 -28 -29 -30 -31
leaf_value=0.033318820731474505 0.0087276500724451714 0.041707738797634605 -0.04130503966795461 -0.030489972697835478 -0.017506262773810729 -0.030613398472509497 -0.0066154628301275378 0.055860000937413647 0.053356481110790568 -0.017800790850397492 -0.009785442117894623 0.054994935749790724 -0.067215190996901639 0.017304319845919864 0.02243773954849175 -0.010616680292366121 0.027814957986220541 0.05570716717038169 0.022048117129030948 0.0022964699517523794 -0.0071101168831654016 -0.013223431040261619 0.0028052022982818733 0.0085627054844314068 0.035510900961140561 -0.010958930277118958 0.0043880733849124311 -0.04766896200060497 -0.00080601296700690158 0.0089407692708944331
leaf_weight=8.3799811750650388 16.109794259071354 10.838813900947573 5.3297218680381766 22.826894626021385 5.1875960975885382 25.102028831839561 371.69745016098022 15.418519288301466 7.7419040203094509 12.633370891213415 19.10967081785202 5.3984910547733298 7.9664050787687284 69.520121812820435 4.9516192376613617 86.093013256788254 59.223407328128815 7.8932231515646007 19.852564662694931 31.209533378481865 200.24516767263412 19.516752257943153 271.76993495225906 8.4319315254688245 21.275474950671196 45.05148096382618 111.71751415729523 13.155839204788206 66.578672245144844 58.233430430293083
leaf_count=35 69 44 22 100 21 105 1526 74 35 53 80 23 32 287 20 348 241 32 80 126 807 80 1093 34 87 182 452 53 268 239
internal_value=1.53237e-06 -0.00354066 0.00310169 -0.00817659 0.0225407 -0.00934975 -0.00799682 0.0170127 0.02932 0.00923653 0.00616707 0.0203405 0.00175957 -0.000245374 -0.0328502 0.00703756 0.0156514 0.000291148 -0.0044958 0.0190082 0.000505342 0.0106127 -0.00140122 0.0313571 0.00268531 0.00187297 -0.00371115 -0.019256 0.00836827 0.0160506
internal_weight=1628.46 760.045 868.415 435.653 16.0264 419.626 394.524 76.4118 35.7938 20.3753 40.618 21.5083 792.003 573.97 12.918 218.033 95.7627 122.271 105.946 90.4329 561.052 89.0369 472.015 16.3252 324.392 316.012 169.925 58.2073 146.088 79.5089
internal_count=6648 3112 3536 1796 65 1731 1626 334 162 88 172 92 3202 2319 52 883 389 494 428 367 2267 367 1900 66 1316 1281 687 235 594 326
is_linear=0
shrinkage=0.05


Tree=30
num_leaves=20
num_cat=0
split_feature=4 3 2 2 3 6 5 6 6 3 9 4 3 9 3 2 4 9 3
split_gain=6.4558 4.93557 7.3724 6.46827 5.92163 4.84312 4.11877 3.44603 3.42596 3.34845 2.65022 7.31491 5.52998 4.92125 5.36077 2.46187 1.59866 1.50388 1.32504
threshold=0.10985849801372735 32.121883917831035 53.124639474116684 52.176281140475986 32.873783824870394 0.79838440557663748 0.0014414285714285699 0.52043651742340735 1.0000000180025095e-35 29.153062557136408 0.47320023520845639 0.87880653236279194 72.145601108382905 0.49741659954802947 67.902204734793131 62.917948159260426 0.71823366276075751 0.80472256573473933 58.398182220342974
decision_type=2 2 2 2 2 2 2 2 2 2 2 2 2 2 2 2 2 2 2
left_child=5 2 3 8 16 6 -1 -8 -2 -10 11 12 -6 14 -12 -15 -3 -4 -7
right_child=1 4 17 -5 10 18 7 -9 9 -11 13 -13 -14 15 -16 -17 -18 -19 -20
leaf_value=0.00040571954368612197 0.041196875031748986 -0.05814698098480086 -0.053849101158946172 0.052830704509773889 0.0035379881214193786 -0.014922362093915377 0.023709077591949412 0.076295103525914537 0.0021237912278995329 0.016637603269893428 0.049278594761898997 -0.065711263919815674 -0.019051085307014597 -0.0036811632532728956 -0.0012144639457840629 0.0016049322393227761 -0.021707746007920414 -0.019353675298806904 0.016965659586907166
leaf_weight=4.8323162645101609 6.0721251368522635 5.1050553619861585 5.3631642311811429 6.8381562978029242 62.10540796816349 7.1214491277933103 5.310883551836012 7.5363743603229523 448.77179695665836 43.600242748856544 10.023052632808687 5.4398362040519705 48.059782743453979 569.20099253952503 11.053670883178709 359.29218189418316 7.3341235816478729 7.6899410784244537 6.0044886618852615
leaf_count=21 26 21 22 28 254 30 24 35 1837 178 41 22 195 2325 45 1457 30 32 25
internal_value=1.96581e-06 -0.000435646 0.00357353 0.00453196 -0.00236407 0.0226734 0.0397558 0.0545567 0.00386935 0.00340901 -0.00196353 -0.00911138 -0.00631654 -0.00109332 0.0227976 -0.00163564 -0.0366625 -0.0335269 -0.000335118
internal_weight=1626.76 1595.95 518.335 505.282 1077.61 30.8055 17.6796 12.8473 498.444 492.372 1065.17 115.605 110.165 949.57 21.0767 928.493 12.4392 13.0531 13.1259
internal_count=6648 6513 2123 2069 4390 135 80 59 2041 2015 4339 471 449 3868 86 3782 51 54 55
is_linear=0
shrinkage=0.05


Tree=31
num_leaves=22
num_cat=0
split_feature=4 13 6 2 2 6 13 5 5 13 5 13 6 13 5 8 5 6 6 5 5
split_gain=5.87589 4.59649 4.58005 4.56053 7.28543 5.6717 9.01785 7.85126 6.78038 5.32799 7.17067 5.68826 4.07475 4.01077 3.99006 3.95419 3.66686 3.33707 2.95846 2.26327 0.862366
threshold=0.10985849801372735 37.344088789124875 0.79838440557663748 31.479511867442699 31.885572027046823 0.90120730326000187 35.440875335509652 0.0020517857142856827 0.002559285714285701 40.661216438758387 0.0010728571428571534 18.805163807690935 1.0000000180025095e-35 61.604533345418311 0.0016025000000000147 -1.0000000180025095e-35 0.0014935714285714199 0.5472167156362876 0.019139191383070967 0.0013471428571428725 0.0017757142857142696
decision_type=2 2 2 2 2 2 2 2 2 2 2 2 2 2 2 2 2 2 2 2 2
left_child=1 2 16 5 -5 7 -7 9 15 11 -11 -2 19 18 -15 -9 -1 -18 -14 -6 -4
right_child=3 -3 20 4 12 6 -8 8 -10 10 -12 -13 13 14 -16 -17 17 -19 -20 -21 -22
leaf_value=-0.0065327206071721143 -0.0009810685448403795 0.063014838672423051 -0.027920814595791505 -0.05478363085571325 0.0060257458797093148 -0.053776195133040286 0.028921779471365802 -0.057896818492683681 0.015950377685414345 -0.050983611639783322 0.0066377273219723242 0.02295962552349437 -0.02036831082971927 0.034600749414170184 -0.017989851969833204 -0.004296428198564706 0.016127796358775391 0.074213630670450767 -0.0014674206880840024 0.050960531144384029 0.00073448121104171876
leaf_weight=4.5095614790916505 32.870835959911346 5.5202976465225211 4.8476811945438367 6.3715084940195075 5.5227610021829587 9.109845042228697 5.165811523795127 9.5672335326671583 9.1958530098199827 6.8347163498401633 25.70739534497261 101.18933096528053 21.030034929513931 14.273761987686159 4.8260823488235465 5.3733132630586651 4.5347505360841733 5.4376531839370728 1332.8059091567993 5.6888019591569901 5.7278100252151489
leaf_count=20 133 25 20 26 23 37 21 39 38 28 107 418 85 60 20 22 20 26 5432 24 24
internal_value=2.08436e-06 0.0217132 0.0126142 -0.000414 -0.00144043 0.00654779 -0.023851 0.00882296 -0.0178287 0.0126841 -0.0054643 0.0170895 -0.00119488 -0.00144003 0.0213123 -0.0386196 0.0308814 0.0478003 -0.00176102 0.0288259 -0.0124008
internal_weight=1626.11 30.5778 25.0575 1595.53 1390.52 205.014 14.2757 190.739 24.1364 166.602 32.5421 134.06 1384.15 1372.94 19.0998 14.9405 14.482 9.9724 1353.84 11.2116 10.5755
internal_count=6648 135 110 6513 5670 843 58 785 99 686 135 551 5644 5597 80 61 66 46 5517 47 44
is_linear=0
shrinkage=0.05


Tree=32
num_leaves=31
num_cat=0
split_feature=0 2 5 2 6 2 3 3 4 2 5 4 5 13 3 5 13 5 13 4 2 4 4 4 6 4 13 3 3 2
split_gain=6.79225 8.00559 6.61488 5.87932 5.41727 5.5767 5.13634 4.97212 5.72502 7.21614 4.59581 4.4934 4.35241 4.1202 4.22223 4.40731 3.96162 3.95715 4.63165 4.63133 4.38502 3.94326 3.78704 3.57333 5.47709 4.1886 3.42415 3.24386 3.09918 2.99594
threshold=1.0000000180025095e-35 51.182631380585555 0.00097071428571429317 44.560304660193424 0.10174564955387982 51.827688699825416 47.73030303030324 10.538127413126643 1.262556342100343 33.444973938110266 0.00092071428571428274 2.5046424174972821 0.0011882142857142749 65.086856919310236 79.09537157584262 0.00078214285714285831 18.735047335414979 0.00088678571428571897 16.072747273570535 0.70506598758378869 44.956628252880982 0.4941797448345942 1.1374654670030377 1.4398751671571217 0.15135134317022755 1.4213432252566731 24.024790853753746 37.423127711749565 45.270075223719758 57.343895043010015
decision_type=2 2 2 2 2 2 2 2 2 2 2 2 2 2 2 2 2 2 2 2 2 2 2 2 2 2 2 2 2 2
left_child=1 11 28 7 6 -6 -4 26 10 -10 -9 13 -11 14 15 -1 -7 18 -5 21 -19 -20 -21 25 -25 -22 -2 -13 -3 -8
right_child=3 2 4 17 5 16 29 8 9 12 -12 27 -14 -15 -16 -17 -18 20 19 22 23 -23 -24 24 -26 -27 -28 -29 -30 -31
leaf_value=-0.021287951679531306 0.014243072540424707 -0.0014523090829407913 -0.024139366550207847 -0.016664869796773226 -0.058909026432213574 -0.024880982577478242 0.010993731248367014 -0.010784119103738483 0.041700414341455216 0.0054653270953940389 0.019100919896402967 -0.011653327934689036 -0.031572842528081284 0.029522704036095127 -0.037926151911749716 0.00096234999335088217 -0.0041436867886784886 -0.047071781309614626 0.022299726561869442 0.054303380510366199 -0.0011462487469463484 -0.036719573531552432 0.018251512072641706 -0.023947637928625018 0.010453053557368834 -0.045048724407901357 0.051369669803084897 -0.059314715265882473 -0.041101072453785692 0.062140638731883052
leaf_weight=23.243861511349678 12.847604483366014 6.1021612584590939 4.8729318380355862 9.8984764665365201 5.969493255019187 30.86977231502533 5.5996071100234968 15.258374169468878 6.1374090462923041 12.917230010032652 81.998666629195213 11.88226240873337 20.551139369606972 11.674365222454069 7.4317450970411292 523.52124175429344 90.694262534379959 4.9133415669202796 5.862636670470236 11.282332986593248 500.2028778642416 5.4714235812425613 20.555565908551216 12.712075009942053 128.85518164932728 5.4925476014614096 12.021612823009489 5.103269323706626 25.628378391265869 5.8586094230413437
leaf_count=97 54 26 20 40 25 131 23 64 27 53 351 48 84 49 31 2128 375 20 24 46 2021 22 84 51 518 22 55 22 113 24
internal_value=2.41338e-06 -0.00345326 -0.0128122 0.00302551 -0.00825461 -0.0117266 0.018859 0.0116236 0.00788653 -0.00813842 0.0144123 -0.000633722 -0.0172778 0.00012688 -0.000492354 1.6454e-05 -0.00940968 0.00105374 0.0141832 0.0212561 -1.46632e-05 -0.00619135 0.0310271 0.000342545 0.00736403 -0.00162309 0.0321898 -0.0259731 -0.0334761 0.0371452
internal_weight=1625.43 758.452 175.595 866.978 143.865 127.534 16.3311 161.732 136.863 39.6058 97.257 582.857 33.4684 565.871 554.197 546.765 121.564 705.246 53.0704 43.172 652.176 11.3341 31.8379 647.263 141.567 505.695 24.8692 16.9855 31.7305 11.4582
internal_count=6648 3112 737 3536 598 531 67 688 579 164 415 2375 137 2305 2256 2225 506 2848 216 176 2632 46 130 2612 569 2043 109 70 139 47
is_linear=0
shrinkage=0.05


Tree=33
num_leaves=31
num_cat=0
split_feature=0 2 3 13 4 9 1 3 3 4 9 9 13 2 13 3 2 4 13 4 9 4 2 13 2 9 2 9 2 13
split_gain=6.13974 7.26395 5.37693 5.71671 4.60052 4.29877 4.10919 5.69894 5.46034 3.96087 3.85406 5.26969 4.72849 4.98519 3.84205 3.7535 3.71734 3.68986 3.36626 4.28688 3.35798 4.85592 4.17039 3.59435 4.65103 3.53636 3.08042 2.94008 2.90196 2.36835
threshold=1.0000000180025095e-35 51.182631380585555 64.007575757576248 54.149228771336276 2.5046424174972821 0.28101926805378474 -1.0000000180025095e-35 28.511088220707279 12.286725199840642 1.8544344602095417 1.8971923455530406 1.6260520147337016 27.986119162742209 70.738094723083236 65.086856919310236 79.09537157584262 37.506345177664663 0.80509705388275554 9.7237512720838666 0.79165089616497075 0.61137649810350014 0.36900620144776425 62.917948159260426 12.945671252935965 61.321104901177982 0.77106837990307964 59.822046351636864 0.66231136499269283 69.238814059676869 27.733313647198944
decision_type=2 2 2 2 2 2 2 2 2 2 2 2 2 2 2 2 2 2 2 2 2 2 2 2 2 2 2 2 2 2
left_child=1 5 3 4 9 -1 7 8 -7 17 11 12 26 -14 15 -8 -11 -2 19 28 23 25 -23 -20 -25 -22 -3 -16 -4 -12
right_child=2 10 18 -5 -6 6 14 -9 -10 16 29 -13 13 -15 27 -17 -18 -19 20 -21 21 22 -24 24 -26 -27 -28 -29 -30 -31
leaf_value=0.038232114780435839 0.011243151979566315 -0.028498235603287677 -0.023755228767982126 0.051671644941580157 -0.03563182216146981 -0.033274261335451964 -0.00039315277076844594 -0.063693854358202545 0.029442660955800427 0.065749888882993518 -0.019314603796434487 0.033629007890453075 0.00071095513181688357 -0.052414009521338394 0.05936664733361921 -0.03630207424049714 0.017031173293653664 0.00088445557095614676 0.023374633810359043 -0.049736674159694821 0.067002127816019844 -0.0065883023071885323 0.0054197056821754137 0.0063303546991759834 -0.01695965642616051 0.0090871416056323047 -0.0095286157789246095 0.0079013993095429433 0.019989040377670443 -0.069018313283642871
leaf_weight=7.0398540794849387 161.09898833930492 48.35955636203289 8.3976606875658053 7.1159043014049521 6.3890151530504218 7.9187647104263323 536.37592421472073 6.0822854936122885 6.1781193464994431 4.7479956448078182 5.0279140025377256 6.5185531973838797 67.327967509627342 4.7259244471788397 4.5781411677598935 7.3774135410785666 22.329616367816925 184.33907973766327 8.7919287234544736 7.7032264024019232 4.9296084791421872 105.32796640694141 230.63013571500778 30.672974348068237 71.185029834508896 5.6646387428045273 38.389986172318459 7.0460309237241745 6.9117665439844123 4.5796719491481781
leaf_count=30 675 204 34 32 26 32 2183 25 25 22 22 28 281 20 20 31 91 751 36 31 21 423 929 124 290 23 162 29 28 20
internal_value=2.26962e-06 -0.00328551 0.00287745 0.00727116 0.00643731 -0.000602608 -0.00107761 -0.0232415 -0.00578786 0.00715884 -0.0122208 -0.0104317 -0.0122403 -0.00277344 -0.000272303 -0.00088035 0.0255739 0.00571535 -0.00065444 -0.0193138 0.000284753 0.00270604 0.00165501 -0.00729865 -0.00994623 0.0360356 -0.0201035 0.0281708 -0.00400595 -0.043007
internal_weight=1623.76 757.526 866.236 386.021 378.905 582.597 575.557 20.1792 14.0969 372.516 174.93 165.322 158.803 72.0539 555.378 543.753 27.0776 345.438 480.215 23.0127 457.202 346.552 335.958 110.65 101.858 10.5942 86.7495 11.6242 15.3094 9.60759
internal_count=6648 3112 3536 1597 1565 2375 2345 82 57 1539 737 695 667 301 2263 2214 113 1426 1939 93 1846 1396 1352 450 414 44 366 49 62 42
is_linear=0
shrinkage=0.05


Tree=34
num_leaves=28
num_cat=0
split_feature=0 5 4 13 5 9 4 13 13 5 5 4 5 5 13 4 11 5 5 13 4 13 9 13 13 5 5
split_gain=5.54797 5.93229 3.81587 3.68117 3.33977 3.84248 3.31358 3.51177 3.26632 6.56607 4.90749 3.97968 4.201 3.41841 3.11297 5.65041 3.79679 3.66906 9.48178 3.64465 2.56179 2.04411 2.03028 1.81831 1.26582 1.1075 2.15493
threshold=1.0000000180025095e-35 0.00078214285714285831 0.10985849801372735 61.604533345418311 0.00070892857142855297 1.4646483581716396 2.2935236122243388 20.919111308444545 13.21198499526089 0.0022449999999999974 0.0017521428571428532 0.12701900784913131 0.0024014285714285787 0.0015221428571428688 9.7237512720838666 1.4525190727810597 1.0000000180025095e-35 0.0022449999999999974 0.001942499999999998 11.408581076132437 1.0259933828046435 29.563998888034167 0.58522589786147061 20.789084695807851 24.024790853753746 0.0011192857142856801 0.0013521428571428575
decision_type=2 2 2 2 2 2 2 2 2 2 2 2 2 2 2 2 2 2 2 2 2 2 2 2 2 2 2
left_child=1 4 22 14 5 20 8 -8 9 10 -3 13 -13 -10 15 16 -4 18 -16 -19 -1 24 23 -2 -6 -9 -27
right_child=2 6 3 -5 21 -7 7 25 11 -11 -12 12 -14 -15 17 -17 -18 19 -20 -21 -22 -23 -24 -25 -26 26 -28
leaf_value=-0.00098737455025829819 0.033862566025884937 -0.013699910719153741 -0.010252444496503497 0.043969860333454118 -0.034251039156203575 0.030435517313943783 0.0087406685081231113 -0.007663081608737062 -0.0054314580953542758 0.034188872625949905 -0.064484060905381169 -6.8240076716356319e-06 -0.018196128865497936 0.048066994494010112 0.0033505723909999733 0.034765813460423671 -0.0500025821566965 0.046300897523491008 -0.016241002666700134 0.0091683416897711187 -0.047641442958673057 -0.01522784058971538 0.053263389972274006 -0.0040169294928554672 -0.067439945427797132 -0.060053531345392631 -0.022376280295738623
leaf_weight=6.3255188316106814 6.4567005783319491 44.882028982043266 27.651644945144653 5.2567725330591193 5.6677095443010348 4.7791468501090995 8.6319859921932238 4.7933857142925289 4.8653493821620923 6.5376319587230673 5.3210941702127448 589.19090184569359 33.551597565412521 7.7299333810806274 640.57024641335011 5.6985684633254996 7.6746133565902701 7.1604672223329535 68.347052708268166 85.688071519136429 5.5015642493963242 6.0810474902391425 4.8681860566139212 6.2201140820980072 5.8261871039867401 5.6735670864582088 11.461794450879095
leaf_count=27 29 185 112 23 24 21 36 20 20 27 22 2413 137 33 2611 23 31 29 277 348 24 27 23 30 25 24 47
internal_value=2.1343e-06 -0.00312479 0.00273612 0.00225862 -0.0234789 -0.00740037 -0.00216203 -0.0182742 -0.00145055 -0.0129447 -0.0190826 -0.000424028 -0.000986812 0.0274014 0.00199845 -0.0114353 -0.0188881 0.00268583 0.00146174 0.012032 -0.0226893 -0.0386712 0.0258165 0.0152763 -0.0510743 -0.0289083 -0.0348513
internal_weight=1622.41 756.82 865.592 848.047 34.1812 16.6062 722.639 30.5607 692.079 56.7408 50.2031 635.338 622.742 12.5953 842.791 41.0248 35.3263 801.766 708.917 92.8485 11.8271 17.5749 17.545 12.6768 11.4939 21.9287 17.1354
internal_count=6648 3112 3536 3454 148 72 2964 127 2837 234 207 2603 2550 53 3431 166 143 3265 2888 377 51 76 82 59 49 91 71
is_linear=0
shrinkage=0.05


Tree=35
num_leaves=31
num_cat=0
split_feature=0 3 2 2 3 4 4 13 5 5 10 4 3 4 3 13 2 5 13 4 2 2 4 13 4 13 13 3 13 3
split_gain=5.01128 6.77681 5.20024 4.9932 4.61507 5.24514 6.46196 4.67061 4.22063 4.06776 3.9879 7.18528 6.79743 5.21198 5.12173 6.26253 6.02937 3.50954 4.14834 4.22417 3.95189 3.69087 3.53933 3.42118 5.26506 4.71354 3.25241 3.22543 3.20985 3.17381
threshold=1.0000000180025095e-35 26.374379948100085 29.509298133258095 44.560304660193424 10.538127413126643 1.262556342100343 1.8954557908114842 29.908590165360081 0.00092071428571428274 0.00098928571428569278 1.0000000180025095e-35 0.47778924280537621 42.024264740593559 0.71313456384245499 37.825774776355125 16.072747273570535 32.995778427250492 0.00088678571428571897 16.072747273570535 0.70506598758378869 44.956628252880982 69.473261334346148 0.4941797448345942 29.087082019616577 0.64743180780812837 26.030456173963827 29.087082019616577 25.55578238236108 24.024790853753746 33.575760781409585
decision_type=2 2 2 2 2 2 2 2 2 2 2 2 2 2 2 2 2 2 2 2 2 2 2 2 2 2 2 2 2 2
left_child=1 27 26 4 28 8 9 -8 -6 -7 11 12 -4 -13 16 -16 -12 18 -5 22 -19 -21 -20 25 -25 -22 29 -1 -2 -3
right_child=3 2 10 17 5 6 7 -9 -10 -11 14 13 -14 -15 15 -17 -18 20 19 21 23 -23 -24 24 -26 -27 -28 -29 -30 -31
leaf_value=0.0014929553496221852 0.013172856042376509 0.031849712573827439 -0.021612403307124155 -0.016010554157355469 -0.010927293264782353 0.0086616562363027259 -0.0024950226040392608 0.059464739002323623 0.017743306606300913 -0.034969626726837781 -0.032592605154880341 -0.03224252263126063 0.047591209808971358 -0.010869931532272602 -0.05063488710872982 -0.0037928621507372045 0.021085418613645442 -0.044854110335645674 0.02074102164480025 0.017470387177454579 0.00073103282109989636 0.053971669734077604 -0.035243358835048692 0.007884643170873935 -0.010677861154449813 0.017322941357874221 0.052563541786836802 0.027182295913120925 0.049364037649450444 -0.022986054590888108
leaf_weight=310.85200780630112 12.790212750434877 5.3542426079511625 5.6494394838809958 9.8946922570466977 15.237978175282477 7.4419345557689693 8.2537318617105466 4.8164187520742408 81.447201460599899 18.930773094296455 6.1171851605176917 32.549954473972321 9.5409115701913816 230.69517770409584 7.7618812024593344 88.405521646142006 36.128215819597244 4.9213600903749457 5.8365230560302717 21.429858028888706 408.69974473118782 10.232322528958319 5.4679278582334518 52.928995728492737 137.28052549064159 47.812645196914673 5.3892442137002936 12.718525767326353 11.759441405534742 5.202793225646019
leaf_count=1264 54 22 23 40 64 30 35 22 351 77 25 135 39 966 33 362 148 20 24 88 1649 42 22 216 553 194 22 52 55 21
internal_value=1.92992e-06 -0.00297088 -0.00706312 0.00260084 0.0105546 0.00695598 -0.00841036 0.0203375 0.0132247 -0.0226576 -0.00813509 -0.0115832 0.0218537 -0.0135126 -0.00119879 -0.00757358 0.0133128 0.000786823 0.0131773 0.0198989 -0.000218296 0.0292666 -0.00633845 0.00012137 -0.00551253 0.00246878 0.0209589 0.00250272 0.0305087 0.00482516
internal_weight=1621.55 756.365 432.795 865.182 160.678 136.128 39.4429 13.0702 96.6852 26.3727 416.848 278.435 15.1904 263.245 138.413 96.1674 42.2454 704.505 52.8613 42.9666 651.643 31.6622 11.3045 646.722 190.21 456.512 15.9463 323.571 24.5497 10.557
internal_count=6648 3112 1796 3536 688 579 164 57 415 107 1731 1163 62 1101 568 395 173 2848 216 176 2632 130 46 2612 769 1843 65 1316 109 43
is_linear=0
shrinkage=0.05


Tree=36
num_leaves=31
num_cat=0
split_feature=0 2 5 2 13 5 2 4 13 13 2 13 5 2 5 13 9 4 9 2 2 4 5 4 4 9 1 13 5 5
split_gain=4.52936 6.1948 5.98551 4.58361 6.43183 4.70753 4.03369 4.35028 3.98313 5.41048 3.89628 3.62228 7.01635 7.88355 6.62609 4.60933 3.82593 3.49127 4.406 3.40146 4.42206 4.14135 4.84449 4.24398 3.39638 5.09321 3.93682 3.2059 3.38431 3.12022
threshold=1.0000000180025095e-35 51.182631380585555 0.00097071428571429317 38.243116471933035 20.789084695807851 0.0013432142857142989 20.771590506259731 2.2935236122243388 13.21198499526089 10.55513909502452 50.631715882362506 27.844416556563633 0.0016889285714285578 60.32312465642412 0.0016150000000000175 20.789084695807851 0.57689942284052964 0.39248646576231411 1.1004936755690367 40.301925487068466 44.560304660193424 1.1691555428410891 0.0014464285714285948 0.55605186797863049 1.4398751671571217 1.1927501356715566 -1.0000000180025095e-35 12.136741443167184 0.0018139285714285677 0.0014371428571428276
decision_type=2 2 2 2 2 2 2 2 2 2 2 2 2 2 2 2 2 2 2 2 2 2 2 2 2 2 2 2 2 2
left_child=1 6 -3 4 27 17 29 8 9 -8 -10 12 13 -4 16 -14 -13 -6 -19 -5 21 23 -23 -21 26 -26 -22 -2 -29 -1
right_child=3 2 11 19 5 -7 7 -9 10 -11 -12 14 15 -15 -16 -17 -18 18 -20 20 24 22 -24 -25 25 -27 -28 28 -30 -31
leaf_value=0.028753191703895148 0.031338057075939611 -0.030971456165044254 -0.03950368369455956 -0.018544526125099197 -0.028953087498862939 0.041821791194159914 0.0085313988066112335 -0.023108505385020017 8.9591521661797435e-05 -0.028497823462920475 0.033339109959418904 -0.015915488140031877 0.030259292678607826 -0.001330799976790812 -0.029018970367832509 -0.014824353527611037 0.01748714041161253 0.043210915650981147 -0.0041453228964071828 0.0024954603963304491 0.038178137758442615 0.017020242348670774 -0.028272967731643624 0.036359591539391792 0.021395554754392733 0.0013458956819163881 -0.001510457578715335 -0.002649240911307383 -0.049478552545325072 0.0019949541585040972
leaf_weight=20.061965763568878 4.9951472878456142 31.128661349415779 32.395302534103394 20.905906975269318 4.6120551526546505 22.850330680608749 15.394115746021269 22.404128029942513 463.56151302158833 27.464268639683723 8.9816025793552381 10.920010492205618 12.235394120216371 23.220172643661499 13.573096930980681 10.564774066209791 39.880587324500084 9.7630113065242785 9.8844449967145902 14.400308251380919 6.3202548921108237 14.138589501380922 10.136036291718481 25.878441765904427 45.45598241686821 104.4794532507658 547.98171716928482 17.552758529782299 4.9450307041406623 23.841791778802872
leaf_count=82 21 139 138 86 20 112 63 93 1890 112 37 45 52 98 56 44 165 43 43 61 26 58 41 108 183 421 2218 74 21 98
internal_value=2.03409e-06 -0.00282557 -0.0111052 0.00247411 0.0143207 0.0255361 -0.00035015 -0.00153977 -0.000602188 -0.0151975 0.000721563 -0.00677427 -0.0139898 -0.023566 0.00201515 0.00936916 0.010307 0.0101965 0.0193865 0.00135496 0.00189609 0.0144211 -0.00189225 0.0242526 0.000747996 0.00742436 -0.00105792 -0.00489712 -0.0129424 0.0142222
internal_weight=1619.93 755.627 173.918 864.299 74.6028 47.1098 581.709 537.806 515.401 42.8584 472.543 142.789 78.4156 55.6155 64.3737 22.8002 50.8006 24.2595 19.6475 789.697 768.791 64.5534 24.2746 40.2788 704.237 149.935 554.302 27.4929 22.4978 43.9038
internal_count=6648 3112 737 3536 334 218 2375 2195 2102 175 1927 598 332 236 266 96 210 106 86 3202 3116 268 99 169 2848 604 2244 116 95 180
is_linear=0
shrinkage=0.05


Tree=37
num_leaves=28
num_cat=0
split_feature=4 13 3 0 2 5 4 1 3 2 4 2 3 2 13 5 3 3 4 4 5 5 5 3 4 4 13
split_gain=4.5258 4.22915 3.9404 4.51622 5.18975 5.0924 4.00226 3.65248 4.85558 3.60778 4.32425 3.78018 3.69472 3.54835 3.31543 3.13832 3.06816 3.01309 2.92235 4.371 3.88313 2.39891 2.45149 2.13491 2.11279 1.68301 0.720009
threshold=0.10985849801372735 37.344088789124875 4.0974613660682895 1.0000000180025095e-35 51.182631380585555 0.00097071428571429317 0.31433259634895588 -1.0000000180025095e-35 28.511088220707279 75.903347251829857 1.1084966458054963 75.521737320431114 97.65854661321724 50.465693928773639 28.185853067648022 0.001459642857142856 97.202660406885641 45.270075223719758 1.3614564748030651 1.7829411937882351 0.001177500000000014 0.0019650000000000188 0.0016889285714285578 1.8846982040972093 0.73881290233481256 0.39703277649094232 27.382260632411992
decision_type=2 2 2 2 2 2 2 2 2 2 2 2 2 2 2 2 2 2 2 2 2 2 2 2 2 2 2
left_child=1 15 18 4 7 17 -7 8 -4 11 14 16 -12 -9 -11 -1 -5 -6 20 -20 23 22 -17 -2 25 -22 -26
right_child=2 -3 3 9 5 6 -8 13 -10 10 12 -13 -14 -15 -16 21 -18 -19 19 -21 24 -23 -24 -25 26 -27 -28
leaf_value=-0.016605179381092978 0.022608581136900698 0.059611849370339677 -0.004495695212344151 0.0033000559287794627 0.0020763485429678391 -0.041565313127602095 -0.0052122437653594712 -0.0011823830552261222 -0.06032612640665861 -0.0097785099607606146 -0.0015832288417973823 0.043647580567908184 0.033365605380361041 0.026759713976013851 -0.039128244619183461 0.015294205698897809 -0.016608663480806616 -0.03739642798493243 -0.029756402269977302 0.025203897566469 0.019150300534728895 0.0025691130241166701 0.067551472572733876 0.068008888004359197 0.04128644865537761 -0.018362186755494652 0.013966563428287998
leaf_weight=7.4388730227947297 4.7522339075803739 5.3383750468492499 11.133755326271059 686.34240053594112 6.0034174919128445 8.0279708206653577 133.058225274086 501.69075813889503 5.9893476963043204 53.627725630998611 53.061284348368645 5.6925157457590094 8.8192625492811185 11.625102728605269 11.726105108857153 4.7347043901681918 19.913755729794502 24.83089491724968 7.9394732266664487 6.6457487344741821 5.0008542388677615 8.1082853078842145 4.2667531967163086 5.6895985454320908 4.9214387387037259 7.4361101537942886 4.7291241437196732
leaf_count=32 20 25 45 2801 26 34 558 2046 25 218 214 23 36 48 49 22 80 113 32 28 22 36 20 24 20 31 20
internal_value=1.9663e-06 0.0192785 -0.000360678 -0.000796015 -0.00375422 -0.0113037 -0.00728078 -0.00130736 -0.0240242 0.00167988 -0.00607516 0.0030658 0.00339771 -0.000549576 -0.0150446 0.0105076 0.00273871 -0.0297111 0.0138831 -0.00471377 0.0222214 0.0222955 0.0400645 0.0473465 0.0103435 -0.00327856 0.0278987
internal_weight=1618.54 29.887 1588.66 1541.54 702.359 171.921 141.086 530.439 17.1231 839.183 127.234 711.949 61.8805 513.316 65.3538 24.5486 706.256 30.8343 47.1146 14.5852 32.5294 17.1097 9.00146 10.4418 22.0875 12.437 9.65056
internal_count=6648 135 6513 6316 2895 731 592 2164 70 3421 517 2904 250 2094 267 110 2881 139 197 60 137 78 42 44 93 53 40
is_linear=0
shrinkage=0.05


Tree=38
num_leaves=22
num_cat=0
split_feature=4 6 2 2 6 13 0 4 4 13 13 13 13 4 9 13 2 13 6 6 4
split_gain=4.1162 4.16059 3.50023 6.63079 5.23743 8.10059 4.72627 4.07279 4.18438 4.04104 7.57528 6.82707 6.51614 9.17028 7.31699 3.39002 3.28495 2.94663 2.50402 2.11998 1.03958
threshold=0.10985849801372735 0.79838440557663748 31.479511867442699 31.885572027046823 0.90120730326000187 35.440875335509652 1.0000000180025095e-35 0.19259771359776109 0.54398277597361977 18.805163807690935 17.99915748246632 17.05941934928541 40.661216438758387 1.262556342100343 0.87577098733461489 61.604533345418311 75.903347251829857 25.202006248139416 0.60960057558086944 0.52043651742340735 0.076844693090041619
decision_type=2 2 2 2 2 2 2 2 2 2 2 2 2 2 2 2 2 2 2 2 2
left_child=1 19 4 -4 9 -6 7 18 -9 10 11 -2 13 -11 -14 16 -8 -3 -5 -1 -21
right_child=2 17 3 6 5 -7 15 8 -10 12 -12 -13 14 -15 -16 -17 -18 -19 -20 20 -22
leaf_value=0.013638612467419795 -0.008098392673389446 -0.026442953398705338 -0.052266418066219622 -0.060021320549761531 -0.051961135875315617 0.026599702163816658 0.0025158877222247935 0.0049722868226124237 -0.00606409241351281 0.028528719107833833 -0.064199111670483519 0.050909157541346152 -0.02598367883177994 -0.0015931068034435618 0.017200210926345702 0.041778478551168528 -0.0062706276094416967 0.021337408860715053 -0.014180335949628349 0.063579676818180039 0.030699087837004257
leaf_weight=6.914208844304091 28.601429745554924 6.5461761206388456 6.3385565578937522 5.0521042346954328 9.0602618902921659 5.1443986445665351 687.13795429468155 106.69693018496037 440.31361073255539 71.756192654371262 4.9374865889549246 5.9156988114118567 20.94058384001255 39.000574544072151 18.452892512083054 5.1683797389268866 125.85777962207794 6.3634703159332275 7.2597189247608185 5.7142860293388349 4.1495732516050339
leaf_count=32 116 27 26 21 37 21 2794 440 1824 301 20 24 88 159 77 23 512 28 30 28 20
internal_value=1.84778e-06 0.0184481 -0.000343084 -0.00124406 0.00577438 -0.0235093 -0.00100928 -0.0045515 -0.0039114 0.00796823 -0.00627163 0.00201458 0.01171 0.017922 -0.00575526 0.00141229 0.00115567 -0.00289088 -0.032991 0.034867 0.0497473
internal_weight=1617.32 29.6877 1587.63 1383.83 203.81 14.2047 1377.49 559.322 547.011 189.605 39.4546 34.5171 150.15 110.757 39.3935 818.164 812.996 12.9096 12.3118 16.7781 9.86386
internal_count=6648 135 6513 5670 843 58 5644 2315 2264 785 160 140 625 460 165 3329 3306 55 51 80 48
is_linear=0
shrinkage=0.05


Tree=39
num_leaves=28
num_cat=0
split_feature=4 6 3 0 2 5 6 3 3 5 3 4 5 4 3 4 5 6 3 4 4 5 4 4 4 3 6
split_gain=3.74785 3.82414 3.46973 3.7719 4.61325 4.68512 5.21328 3.40103 4.65418 3.30209 3.22571 4.67337 3.84209 5.41664 4.85917 3.70353 3.20773 3.09357 2.79709 2.60822 3.93957 3.61823 2.97344 2.06871 1.85828 1.3085 1.055
threshold=0.10985849801372735 0.79838440557663748 4.0974613660682895 1.0000000180025095e-35 51.182631380585555 0.00097071428571429317 0.10174564955387982 10.962380573248932 11.620405101273603 0.0014414285714285699 64.007575757576248 2.5046424174972821 0.0013210714285714395 0.90968708537999909 66.66666666667011 1.8544344602095417 0.00084642857142855756 0.52043651742340735 54.545454545454525 1.3614564748030651 1.7829411937882351 0.001161428571428599 0.73881290233481256 0.92417438744397595 0.39703277649094232 58.398182220342974 0.08168170842407857
decision_type=2 2 2 2 2 2 2 2 2 2 2 2 2 2 2 2 2 2 2 2 2 2 2 2 2 2 2
left_child=1 9 19 4 7 18 -7 16 -9 -1 11 15 14 -14 -12 -5 -4 -11 -6 21 -21 23 24 -2 -23 -3 -24
right_child=2 25 3 10 5 6 -8 8 -10 17 12 -13 13 -15 -16 -17 -18 -19 -20 20 -22 22 26 -25 -26 -27 -28
leaf_value=-0.0016098367457251764 0.070897929162416912 -0.01741074327862735 0.022027864736666836 0.0043343502129517463 -0.0059254840980396831 0.019916541442128705 -0.010201757680637739 0.032982523413237395 -0.00025942032419948589 0.018290070657537169 -0.026924121556977265 -0.038139135118068233 -0.012385438441582797 0.0017897284221368827 0.0059866965426047854 0.02361468970001282 -0.013861968803294789 0.069977832227704803 -0.038580346108216097 -0.028227975457280854 0.023986228829896331 0.017863773894435411 0.014811126521626012 0.023967657376061338 -0.021415800709761491 0.014559771008273568 0.046824626088368855
leaf_weight=4.7558888942003312 4.635193780064581 6.9785960763692838 6.8182860612869254 335.39892949163914 9.55006390810013 16.24188931286335 124.51879952847958 10.787284687161444 440.71010576188564 5.0816734284162504 11.925381049513815 6.1640112400054923 131.34387002885342 138.41287977993488 188.45291604101658 26.905316382646561 71.645762845873833 6.7268866896629333 20.928582325577736 7.946910619735716 6.6234307736158371 4.9587887972593325 5.351937070488928 4.7591940313577652 7.6659233719110489 5.9115888178348541 4.9571789652109146
leaf_count=21 20 30 28 1384 42 67 525 44 1802 24 48 25 531 557 762 114 290 35 97 32 28 22 22 20 32 25 21
internal_value=2.09561e-06 0.0176743 -0.000325961 -0.000734014 -0.00344031 -0.010575 -0.00672651 -0.00113498 0.000534804 0.0335671 0.00152886 0.00503166 -0.00121646 -0.00511212 0.00402803 0.00576614 -0.0107433 0.0477346 -0.0283484 0.0130715 -0.00449228 0.0209875 0.0102816 0.0471231 -0.0059874 -0.00274869 0.0302049
internal_weight=1616.16 29.4546 1586.7 1539.8 701.201 171.239 140.761 529.961 451.497 16.5644 838.603 368.468 470.135 269.757 200.378 362.304 78.464 11.8086 30.4786 46.8986 14.5703 32.3282 22.9338 9.39439 12.6247 12.8902 10.3091
internal_count=6648 135 6513 6316 2895 731 592 2164 1846 80 3421 1523 1898 1088 810 1498 318 59 139 197 60 137 97 40 54 55 43
is_linear=0
shrinkage=0.05


Tree=40
num_leaves=31
num_cat=0
split_feature=4 6 4 6 3 13 3 13 6 2 2 3 2 6 2 6 13 4 2 11 2 0 6 6 2 2 10 6 6 6
split_gain=3.48154 9.96071 5.94499 6.24724 8.01249 4.94908 7.01402 4.81484 5.20372 4.75362 4.73459 4.60883 5.96145 4.65793 4.63487 4.42382 4.41835 5.066 10.4718 4.65877 6.24375 6.00598 4.38049 4.23513 4.24465 7.57533 4.20352 5.54636 5.82006 4.4236
threshold=0.62923914953435267 0.30232552866407797 0.71823366276075751 0.81846584218259688 82.771620657636447 49.881297144744941 19.697864606998369 10.163275430723868 0.75925915380635323 70.738094723083236 38.861944354672367 6.6397803840676408 31.157937602014425 0.022222218930103902 76.270254252538749 0.010641006933299143 17.781666986821453 0.76463552850662231 45.641319170598742 1.0000000180025095e-35 74.212215763705203 1.0000000180025095e-35 0.066666656666774279 0.95937016487201843 62.917948159260426 54.364149609583329 1.0000000180025095e-35 0.35149981635189942 0.91325246159197548 0.8614730069600639
decision_type=2 2 2 2 2 2 2 2 2 2 2 2 2 2 2 2 2 2 2 2 2 2 2 2 2 2 2 2 2 2
left_child=1 11 3 4 22 16 -7 8 -3 10 -8 -1 -13 15 -15 -14 19 18 -18 21 -21 -4 -2 24 25 -5 29 -28 -29 -9
right_child=2 7 5 23 -6 6 9 26 -10 -11 -12 12 13 14 -16 -17 17 -19 -20 20 -22 -23 -24 -25 -26 -27 27 28 -30 -31
leaf_value=-0.010362155932668732 -0.042712581265120481 -0.0062421794066516018 -0.0032062956604205503 0.030437634258858794 -0.048387734699696726 0.054497152574809096 -0.019797415372142281 -0.0032793925178424333 -0.060526620899072951 -0.034553731789721064 0.020541405099864095 0.052216374793811839 0.011066000990368134 0.02159518963805716 -0.02361214912032987 -0.04492817864812771 0.042462712496192573 -0.0042231888711737504 -0.0082256969090850184 0.001872294609959492 -0.031189098139690646 0.019007513417837175 -0.0064413625540851978 -0.0255536904928888 0.055749204938664178 -0.044829793659266412 -0.024769474010364462 0.0098323077961011574 -0.011679505150809465 -0.031873020692880498
leaf_weight=15.879887387156485 9.5388285517692548 12.626656562089922 47.445222496986389 10.222597286105161 17.790875360369682 8.966440871357916 9.1611935049295408 63.309548959136009 6.7880674898624411 6.184233918786048 35.311821818351746 11.695363894104956 8.7193856835365278 88.86686934530735 6.0560751259326926 5.9238262474536887 18.012380942702293 664.34616711735725 23.460491597652435 113.09075407683849 16.344361782073975 84.83769179880619 65.368032678961754 6.8008532077074042 5.9153467863798133 4.9673083275556555 15.731412023305891 176.01528468728065 38.280397430062294 17.201347976922989
leaf_count=68 39 52 196 42 73 38 39 260 28 26 146 51 37 367 25 24 74 2726 96 463 66 342 268 28 24 20 65 738 157 70
internal_value=2.21941e-06 0.00364147 -0.00147881 -0.0119805 -0.0182243 -0.000245762 0.0137352 -0.00106582 -0.0252219 0.00652025 0.0122318 0.0149669 0.0182839 0.0146618 0.018711 -0.0115861 -0.00110733 -0.00316481 0.0137891 0.00444143 -0.00230252 0.0110402 -0.0110602 0.00875999 0.0198171 0.00582415 0.000444409 0.00388598 0.00598958 -0.00938849
internal_weight=1614.86 467.094 1147.76 120.604 92.6977 1027.16 59.6237 329.953 19.4147 50.6572 44.473 137.141 121.262 109.566 94.9229 14.6432 967.537 705.819 41.4729 261.718 129.435 132.283 74.9069 27.9061 21.1053 15.1899 310.538 230.027 214.296 80.5109
internal_count=6648 1942 4706 494 380 4212 249 1370 80 211 185 572 504 453 392 61 3963 2896 170 1067 529 538 307 114 86 62 1290 960 895 330
is_linear=0
shrinkage=0.05


Tree=41
num_leaves=19
num_cat=0
split_feature=6 6 6 10 11 9 13 13 3 4 10 4 5 4 4 6 5 4
split_gain=3.37532 4.69983 5.64768 7.02366 4.03468 7.9053 3.74427 7.94214 5.37571 5.23372 6.88172 4.12033 2.76003 2.53483 2.40052 1.67965 1.51945 1.51765
threshold=1.0000000180025095e-35 0.019139191383070967 0.037617918624470219 1.0000000180025095e-35 1.0000000180025095e-35 0.91381707818982683 10.163275430723868 10.55513909502452 65.052152885550456 1.4140672506372902 1.0000000180025095e-35 0.62923914953435267 0.0011982142857142532 1.747769527698829 0.43470423697896599 0.02603048842711753 0.0014850000000000143 1.2975651085672502
decision_type=2 2 2 2 2 2 2 2 2 2 2 2 2 2 2 2 2 2
left_child=14 4 3 16 5 -2 9 8 -8 10 -4 -9 -6 -11 -1 -5 17 -3
right_child=1 2 6 15 12 -7 7 11 -10 13 -12 -13 -14 -15 -16 -17 -18 -19
leaf_value=0.044765700704485101 -0.036229839201877188 0.0090674132216277126 -0.039392001187615308 0.0083896006418262385 -0.020816470320870081 0.035877824121568806 0.069465997527830614 0.004136279980976351 0.0009660211992905364 0.045114137117279213 -0.0031903029326817811 -0.0017612819146015089 -0.072616676567721861 -0.0035349377103831361 0.0024270978989504744 -0.030307927488534704 0.052944746345544871 0.046036390159203439
leaf_weight=7.1526749134063703 8.8492227494716627 6.1487984061241168 22.668745532631874 5.6234469413757342 5.3704663962125778 6.6628493219614038 6.9107356220483762 411.81326591968536 4.8913700431585312 5.1492155939340574 31.188675746321678 1054.560437977314 4.934116542339325 5.5781795829534531 6.2937645316123962 5.592981830239296 9.4910634458065015 5.0611943155527115
leaf_count=32 36 25 93 23 22 27 28 1714 20 21 128 4327 20 23 26 23 39 21
internal_value=2.25493e-06 -0.00020733 0.000139597 0.0209578 -0.021368 -0.00525767 -0.000291103 0.000223778 0.0410763 -0.0120754 -0.0184277 -0.000105023 -0.0456198 0.0198169 0.0249486 -0.0109066 0.0382229 0.0257585
internal_weight=1613.94 1600.49 1574.68 31.9175 25.8167 15.5121 1542.76 1478.18 11.8021 64.5848 53.8574 1466.37 10.3046 10.7274 13.4464 11.2164 20.7011 11.21
internal_count=6648 6590 6485 131 105 63 6354 6089 48 265 221 6041 42 44 58 46 85 46
is_linear=0
shrinkage=0.05


Tree=42
num_leaves=31
num_cat=0
split_feature=0 5 2 5 6 5 2 13 5 2 3 2 3 6 3 6 6 13 5 5 5 13 2 5 5 11 6 6 2 2
split_gain=3.29664 4.96292 4.52754 5.24902 4.34381 5.39994 3.79974 6.34352 5.44824 4.0715 3.72497 3.60132 4.68381 5.12047 3.83239 3.4394 5.51714 3.13567 4.15256 3.82656 3.12611 3.79587 3.68759 3.08493 8.32817 4.78476 3.03617 10.1976 2.83328 9.65503
threshold=1.0000000180025095e-35 0.00078214285714285831 33.444973938110266 0.00096571428571426041 0.30661797323320888 0.00073571428571429201 38.472248339420688 20.789084695807851 0.0013432142857142989 40.301925487068466 22.751536719510629 44.560304660193424 42.857142857143941 0.13128155823900564 61.272709320694211 0.31493886566382151 0.77973866351100074 12.136741443167184 0.0018525000000000032 0.0013775000000000078 0.00088678571428571897 16.072747273570535 44.956628252880982 0.0011700000000000204 0.0013050000000000167 1.0000000180025095e-35 0.33333326593130913 0.46128866081693731 38.861944354672367 39.927605001044988
decision_type=2 2 2 2 2 2 2 2 2 2 2 2 2 2 2 2 2 2 2 2 2 2 2 2 2 2 2 2 2 2
left_child=1 4 3 26 5 -1 7 17 10 15 -9 12 13 -11 -14 -8 -17 -2 19 -19 21 -13 -22 25 -25 -5 -3 -28 -4 -30
right_child=6 2 28 23 -6 -7 9 8 -10 11 -12 20 14 -15 -16 16 -18 18 -20 -21 22 -23 -24 24 -26 -27 27 -29 29 -31
leaf_value=0.028703804105455668 0.029881379419340139 0.050774775362099095 -0.011059928818663686 0.0032462087668577548 -0.035265519563480764 -0.037755105769367081 0.0059652296612879643 0.026558841917864104 0.041412114859734048 0.041339636083484177 -0.011686692793278301 -0.015608321232850279 0.042415140832948089 -0.0061983660006712411 -0.00066234712154083727 -0.072547644129307295 -0.0024772944173295256 -0.015968639751356203 -0.055936371186311423 0.037363983232717529 -0.043564589795877656 0.018773552232089052 -2.7226887525401574e-05 0.032402463776311105 9.0085884088191736e-05 -0.032828365511103984 -0.043616544884528596 0.047986021040830808 0.031705701587579779 -0.0038899866167743397
leaf_weight=7.5614872574806196 4.9760037362575558 8.730457931756975 113.11779947578907 24.020219549536705 20.836616918444633 5.1302037984132767 6.6788085252046612 12.988692194223406 22.91917596757412 6.8732468783855429 12.487218394875525 9.884452819824217 17.727785736322407 32.212675958871841 7.2846960872411719 5.9237662851810438 5.343035027384758 14.061610653996473 4.6802888363599768 4.4205980151891699 4.9005365371704093 42.735983580350876 645.39145748317242 23.738413065671921 124.66430446505547 14.889420822262762 4.9561887234449369 7.8511387258768082 20.065458491444588 376.49393059313297
leaf_count=31 21 36 459 99 95 22 28 59 115 29 53 40 74 135 30 24 22 58 20 20 20 176 2612 97 511 60 20 32 82 1568
internal_value=2.24086e-06 -0.00241664 -0.00153924 0.00466101 -0.0212197 0.00183995 0.00211386 0.0127484 0.0237248 0.00107699 0.00781249 0.0016278 0.0129734 0.00216118 0.0298691 -0.0224652 -0.0393183 -0.00612976 -0.013866 -0.00321248 0.000593196 0.0123151 -0.00035532 0.00197314 0.00525876 -0.0105583 0.0280372 0.0125376 -0.00407992 -0.00208888
internal_weight=1613.55 752.056 718.527 208.85 33.5283 12.6917 861.49 76.5336 48.3951 784.956 25.4759 767.011 64.0984 39.0859 25.0125 17.9456 11.2668 28.1385 23.1625 18.4822 702.912 52.6204 650.292 187.312 148.403 38.9096 21.5378 12.8073 509.677 396.559
internal_count=6648 3112 2964 855 148 53 3536 346 227 3190 112 3116 268 164 104 74 46 119 98 78 2848 216 2632 767 608 159 88 52 2109 1650
is_linear=0
shrinkage=0.05


Tree=43
num_leaves=24
num_cat=0
split_feature=4 13 3 9 13 4 4 9 13 4 13 13 4 10 3 2 3 3 4 2 2 2 2
split_gain=3.22613 3.94197 2.96098 3.08274 2.89122 3.05632 3.69507 3.68988 2.72849 3.19234 2.29346 6.43619 4.46155 6.5598 3.45215 2.09756 2.00562 6.40333 1.61035 1.46159 1.14083 1.28896 0.929952
threshold=0.10985849801372735 37.344088789124875 4.0974613660682895 0.50954513731470741 20.194978166607225 1.3614564748030651 1.7655300801931866 0.77106837990307964 61.604533345418311 0.45100137252618627 10.163275430723868 10.55513909502452 1.4140672506372902 1.0000000180025095e-35 60.809196716689719 85.799635147461387 84.659759715938691 55.239847615206997 1.747769527698829 32.166102976489121 48.737891015715682 39.391737138828582 37.870993393686838
decision_type=2 2 2 2 2 2 2 2 2 2 2 2 2 2 2 2 2 2 2 2 2 2 2
left_child=1 16 3 -2 22 7 -7 -6 10 -10 12 14 13 -4 -12 -13 17 19 -14 -1 21 -11 -5
right_child=2 -3 8 4 5 6 -8 -9 9 20 11 15 18 -15 -16 -17 -18 -19 -20 -21 -22 -23 -24
leaf_value=0.018970745695570397 0.046968511188885127 0.056355269710628965 -0.036403182610112363 0.016061898044360014 -0.024137714828128643 -0.054314409038560607 0.0070868120508929891 0.024485710564379249 0.053947606772805613 0.0024438158511148164 0.056169156656561518 -0.00057470558211637291 0.040303598975351247 -0.00085341838947862675 0.0024457662543592973 -0.014509882365324753 -0.021312638514083264 0.055623298079113183 0.0014020936138853645 -0.017109843494424237 -0.0070196165573995556 0.037499517846031491 0.04401344303441207
leaf_weight=4.1592938899993994 5.584284469485282 5.1143993586301795 22.822363555431366 7.1285526752471906 5.4892022907733979 4.9558366239070875 4.8463457971811295 13.491924807429312 4.5385253876447704 5.9314541667699832 7.6327518373727781 1409.5803384780884 4.9000876843929273 30.078986167907715 4.9162014424800873 27.531508803367615 4.6925010085105887 6.4820984899997702 5.8199794441461563 8.6320217847824079 8.0390232354402524 4.6999386847019196 5.1079138815402985
leaf_count=20 24 25 94 29 24 20 21 58 20 25 31 5793 20 123 20 112 21 30 24 39 34 20 21
internal_value=2.5558e-06 0.0165054 -0.000300589 0.0121156 0.00737082 -0.00128427 -0.0239567 0.0104242 -0.00067719 0.0163365 -0.000938126 -0.000530347 -0.0102297 -0.0161901 0.0351224 -0.000841669 0.0080013 0.0151384 0.0191838 -0.00537768 0.00719373 0.0179413 0.0277298
internal_weight=1612.18 29.0803 1583.1 46.6041 41.0198 28.7833 9.80218 18.9811 1536.49 23.2089 1513.28 1449.66 63.6214 52.9013 12.549 1437.11 23.9659 19.2734 10.7201 12.7913 18.6704 10.6314 12.2365
internal_count=6648 135 6513 197 173 123 41 82 6316 99 6217 5956 261 217 51 5905 110 89 44 59 79 45 50
is_linear=0
shrinkage=0.05


Tree=44
num_leaves=31
num_cat=0
split_feature=0 3 2 6 3 13 9 3 5 5 2 13 2 13 5 6 5 5 9 6 9 5 9 2 3 6 13 3 2 13
split_gain=3.11378 4.57542 4.10801 3.76016 3.51103 6.21654 4.23443 3.46036 3.42755 3.63789 3.40031 10.2868 6.90194 5.48111 4.61775 4.51321 3.33306 6.60684 6.08656 7.30511 6.90976 5.53812 5.67948 3.53932 3.11789 3.60721 4.5028 5.92125 3.288 3.03039
threshold=1.0000000180025095e-35 26.374379948100085 29.509298133258095 0.81846584218259688 47.267036562811292 41.101657707380426 1.966952209926941 38.259356341924907 0.0038596428571428614 0.0025960714285714263 38.861944354672367 19.61315619094519 44.046856898969601 13.672439286579486 0.0014371428571428276 0.93827148910229041 0.0013210714285714395 0.0013432142857142989 0.66231136499269283 0.31074518564881243 0.89358521290043591 0.0013050000000000167 0.33128625362540615 91.19101668521968 25.55578238236108 0.28134353247540239 34.852789077765969 10.038123668999178 19.675213675215563 28.058248195434938
decision_type=2 2 2 2 2 2 2 2 2 2 2 2 2 2 2 2 2 2 2 2 2 2 2 2 2 2 2 2 2 2
left_child=1 24 3 -3 5 6 8 -7 9 -2 11 14 13 -12 -4 -14 21 -18 19 -19 -20 22 -6 -24 25 29 28 -28 -27 -1
right_child=4 2 10 -5 16 7 -8 -9 -10 -11 12 -13 15 -15 -16 -17 17 18 20 -21 -22 -23 23 -25 -26 26 27 -29 -30 -31
leaf_value=0.012840322711749988 0.0050860075767107061 0.036148993156460259 -0.0012605315134801951 -0.01589370458420044 0.054272295359409563 0.040319532714001773 -0.031316615493972293 0.0023307954815036968 -0.033272998986428853 0.034907217678877493 -0.030289690222389129 -0.024967990070558905 -0.0061578564073510025 0.014349825386208191 0.052393409117107909 -0.029524761851823247 -0.037285288399218887 0.0082365512612194592 0.015899709858514625 -0.01926169921356927 -0.0029569004251825386 0.053380514732896539 0.0012619031732378841 0.040547606062111712 0.026454078218934543 0.012940190847173495 -0.03518351084632533 0.015873870259494872 -0.012223780540952958 -0.0021248321810418843
leaf_weight=86.83756211400032 187.28389431536198 10.696029931306837 10.883917868137361 5.138019159436225 5.337304711341857 20.163451150059704 8.0609086453914625 8.5305614769458753 5.5079117715358725 10.817476123571394 7.7235289216041556 64.624700278043747 238.19038851559162 62.705350503325462 6.3498279154300681 22.627486392855644 13.607776224613188 34.393612548708916 71.357009261846542 81.109925717115402 152.21377646923065 5.6215063333511344 250.62930639088154 5.867336928844451 12.679895013570784 14.83746951818466 6.5639287978410712 42.09812419116497 103.7583367228508 55.415402412414551
leaf_count=355 788 44 45 21 22 94 33 37 23 45 32 264 1010 257 26 97 55 140 290 334 613 23 1015 24 52 61 27 172 421 228
internal_value=2.7691e-06 -0.00234957 -0.00573167 0.0192616 0.00205612 0.00718615 0.00422558 0.0290257 0.0056327 0.00671442 -0.00668964 -0.0158149 -0.0044346 0.00945447 0.0185084 -0.00818507 6.77232e-05 -0.00312442 -0.00175347 -0.0110735 0.00306156 0.00427706 0.00322282 0.00216056 0.0021531 0.00115754 -0.00382046 0.00898684 -0.00907553 0.00701057
internal_weight=1611.63 751.13 428.939 15.834 860.502 240.364 211.67 28.694 203.609 198.101 413.105 81.8584 331.247 70.4289 17.2337 260.818 620.138 352.682 339.074 115.504 223.571 267.455 261.834 256.497 322.191 309.511 167.258 48.6621 118.596 142.253
internal_count=6648 3112 1796 65 3536 1020 889 131 856 833 1731 335 1396 289 71 1107 2516 1432 1377 474 903 1084 1061 1039 1316 1264 681 199 482 583
is_linear=0
shrinkage=0.05


Tree=45
num_leaves=20
num_cat=0
split_feature=4 13 6 5 6 6 6 6 10 0 3 3 13 13 4 9 9 9 3
split_gain=3.00649 3.63481 3.26571 3.75837 3.3568 2.68068 4.34501 5.11114 6.41212 3.27213 3.87007 3.28411 3.1803 7.48862 2.04466 1.91814 1.64197 1.45165 1.2964
threshold=0.10985849801372735 37.344088789124875 0.79838440557663748 0.0014414285714285699 0.52479499484279835 1.0000000180025095e-35 0.019139191383070967 0.037617918624470219 1.0000000180025095e-35 1.0000000180025095e-35 32.121883917831035 46.823732658122275 31.10983679836135 20.309796363840341 0.43470423697896599 1.0618396946995079 0.79016831552529765 1.4421076436000826 58.398182220342974
decision_type=2 2 2 2 2 2 2 2 2 2 2 2 2 2 2 2 2 2 2
left_child=1 2 3 -1 -5 14 12 8 17 10 -9 -11 13 15 -2 -7 -10 -8 -4
right_child=5 -3 18 4 -6 6 7 9 16 11 -12 -13 -14 -15 -16 -17 -18 -19 -20
leaf_value=-0.016366539110822493 0.041567637399244267 0.054756839804935648 -0.030840194317918193 0.0086431240844343574 0.068475344756754708 -0.028710830821115432 0.044493670123492243 0.0006412025480887596 0.0067611518917797906 0.0068579480151567205 -0.0067936950846127471 -0.00032058765557027889 0.0031586060144483032 -0.074781773079761527 0.0018402843238557105 0.014890494369571006 -0.031676362223303077 0.014880111007436143 0.0044655965943332524
leaf_weight=4.0228332430124345 6.6951795220375043 4.9996471852064124 5.1971653848886472 4.2907750904560071 5.1672767549753189 4.9578789919614845 14.87046253681183 351.79108227789402 6.0996441543102282 217.86339174211025 348.3398285061121 592.97564812004566 8.9860534667968732 6.6774521917104712 6.2736350148916245 5.1349816173315048 5.102702796459198 5.7340122759342185 5.2032070904970169
leaf_count=18 30 25 22 20 28 20 61 1435 25 921 1466 2399 37 27 26 21 21 24 22
internal_value=2.7401e-06 0.0159897 0.00787357 0.0241139 0.0413316 -0.000289208 -0.000476388 -0.000136365 0.0196992 -0.000553916 -0.00305792 0.0016082 -0.0208434 -0.0337044 0.0223496 -0.00652763 -0.0107473 0.0362525 -0.013177
internal_weight=1610.38 28.8809 23.8813 13.4809 9.45805 1581.5 1568.53 1542.78 31.8068 1510.97 700.131 810.839 25.7564 16.7703 12.9688 10.0929 11.2023 20.6045 10.4004
internal_count=6648 135 110 66 48 6513 6457 6352 131 6221 2901 3320 105 68 56 41 46 85 44
is_linear=0
shrinkage=0.05


Tree=46
num_leaves=24
num_cat=0
split_feature=4 13 3 9 0 5 9 5 9 3 3 13 5 5 13 13 5 9 5 5 4 5 9
split_gain=2.74268 3.37596 2.55049 2.82924 2.70485 3.53272 5.88964 5.50859 3.67734 3.5911 3.40554 2.78987 2.58377 4.84666 4.75828 2.51313 5.32088 2.86226 2.50743 2.24701 2.12806 1.95493 0.558731
threshold=0.10985849801372735 37.344088789124875 4.0974613660682895 0.50954513731470741 1.0000000180025095e-35 0.00079928571428570085 1.3965566658099755 0.00083142857142854657 1.2842257474194172 57.627288648304777 10.962380573248932 61.604533345418311 0.0011228571428571401 0.0011403571428571515 14.888447898203385 20.194978166607225 0.0019535714285714117 1.4754079524807595 0.001459642857142856 0.0015607142857142727 1.3848660165063738 0.0019650000000000188 0.43365440794883309
decision_type=2 2 2 2 2 2 2 2 2 2 2 2 2 2 2 2 2 2 2 2 2 2 2
left_child=1 18 3 -2 5 6 9 8 -7 -4 -9 12 14 -14 -6 19 17 -17 -1 -5 -8 22 -20
right_child=2 -3 4 15 11 7 20 10 -10 -11 -12 -13 13 -15 -16 16 -18 -19 21 -21 -22 -23 -24
leaf_value=-0.016750033251789437 0.044901641858470474 0.053139751094617549 -0.020279410053714381 0.0081802545416080185 -0.008975985347756097 0.051870933029414971 0.02956607686434063 -0.012854422372940242 -0.0040528738340782841 -0.062951586038390947 -0.00138626439013351 0.038838317681522974 -0.030218772726692072 3.4991454362290624e-06 0.0089657859589464019 0.024069652182203971 -0.046669620634232252 -0.011237502228574314 0.048055664128577452 0.051988033712372594 -0.012152462860589391 0.00059515934943350259 0.022346547690945722
leaf_weight=7.3381468653678956 5.512100636959075 4.8968353495001784 21.079943016171459 7.2898813635110837 45.829920500516891 7.803193122148512 6.9560306668281537 72.985080495476723 4.7161779254674911 6.4355505108833304 572.68436805903912 4.9189993590116492 13.575561732053755 581.08748994767666 190.80253317952156 13.35006026923657 5.2813274711370459 10.069983944296835 4.2094917520880717 4.8910646885633469 5.4531692862510681 7.9365582615137091 4.2439919859170914
leaf_count=32 24 25 90 30 186 33 31 296 20 32 2369 22 55 2376 782 58 22 43 22 20 24 36 20
internal_value=2.96713e-06 0.0153416 -0.000274798 0.0112752 -0.000624041 -0.00292166 -0.0173633 -0.00204566 0.0308039 -0.0302599 -0.0026826 0.00129413 0.00107197 -0.000686445 0.0054909 0.00674135 -0.0013347 0.00888853 0.00754115 0.0257706 0.011233 0.0184168 0.0351486
internal_weight=1609.35 28.625 1580.72 46.3944 1534.33 698.114 39.9247 658.189 12.5194 27.5155 645.669 836.215 831.296 594.663 236.632 40.8823 28.7014 23.42 23.7282 12.1809 12.4092 16.39 8.45348
internal_count=6648 135 6513 197 6316 2895 177 2718 53 122 2665 3421 3399 2431 968 173 123 101 110 50 55 78 42
is_linear=0
shrinkage=0.05


Tree=47
num_leaves=31
num_cat=0
split_feature=2 0 4 6 6 2 13 13 2 6 6 13 13 2 13 6 2 13 4 2 13 4 4 13 2 13 13 6 6 13
split_gain=2.84506 3.47351 3.40254 3.70957 4.90095 3.20038 5.14073 3.19816 3.15318 3.49445 4.39724 3.42287 4.954 3.47304 3.31642 3.12615 3.08083 3.02363 3.81052 3.01183 3.7217 2.75113 2.6062 2.41903 2.9016 2.29766 2.06273 1.7453 1.5461 1.25616
threshold=20.771590506259731 1.0000000180025095e-35 2.2935236122243388 0.40322575767439661 0.22421846842400803 38.243116471933035 19.512131997162303 12.136741443167184 51.182631380585555 0.12084223430770488 0.18956441016507145 13.21198499526089 9.299283620680372 50.631715882362506 22.585506386224015 0.79838440557663748 40.301925487068466 29.908590165360081 1.1443991020332616 44.216713747150798 44.945983844151847 1.3120550432221803 1.2096122491924906 22.351502105508221 31.157937602014425 16.720114274944482 27.382260632411992 0.38533124829051268 0.31938605216769217 24.804547355511385
decision_type=2 2 2 2 2 2 2 2 2 2 2 2 2 2 2 2 2 2 2 2 2 2 2 2 2 2 2 2 2 2
left_child=15 2 8 4 -4 6 7 -3 11 14 -11 12 -2 -13 -10 17 21 29 -19 20 -18 27 -21 -8 -25 -9 -5 -7 -20 -1
right_child=1 5 3 26 -6 16 23 25 9 10 -12 13 -14 -15 -16 -17 19 18 28 22 -22 -23 -24 24 -26 -27 -28 -29 -30 -31
leaf_value=0.021654312536912784 0.027031967650942151 0.028876289482270907 -0.025305246731903899 -0.018821186063789762 0.036101635131441843 0.01128414853255871 0.050431487917103716 -0.032897958912913132 -0.012614235269400143 -0.038505451010418558 -0.0083450938791185311 0.00030995904710889079 -0.021001046094624436 0.031664469013765989 0.025913445337529324 -0.021686365977994802 0.0086538923971057041 0.029049587211228863 0.002103317664967198 -0.0016734423337848596 0.056051706029128026 -0.051269246648324343 0.0047562018952928614 0.03949207375012443 0.009125490984212602 0.0019471432397370151 -0.058180187711472958 -0.02216622164791382 -0.036978698561475398 0.047395630511991915
leaf_weight=14.960589408874513 6.3002562522888175 4.9538996368646648 8.6247965693473834 6.4514904320240003 5.2133121788501731 6.7121892273426118 6.2954524159431449 9.8972261101007479 9.5788585692644137 13.326779246330259 129.69851535558701 461.07313172519207 36.279521241784096 9.0042859017848951 13.398068726062773 5.8749743103981009 53.951305538415909 7.4791171848773983 4.9186567962169629 470.22433431446552 4.4859236627817145 4.8098040521144858 237.06419052183628 10.677149102091787 29.884443014860153 9.0630177259445173 6.8775316923856735 9.305762514472006 5.2122448682785034 6.9370032101869574
leaf_count=62 26 21 35 28 22 28 30 41 40 58 561 1890 149 37 56 24 226 32 20 1913 20 20 957 54 141 38 30 38 21 30
internal_value=2.91607e-06 -0.000355382 -0.00295301 -0.0203041 -0.00217107 0.00178322 0.0119676 -0.00689556 -0.00225844 -0.00824772 -0.0111554 -0.000319063 -0.0138939 0.000910552 0.00985163 0.0123441 0.000866867 0.0174046 0.00198005 0.00138296 0.0122924 -0.018107 0.000481602 0.0215947 0.017119 -0.016242 -0.0391297 -0.00814912 -0.018004 0.029809
internal_weight=1608.53 1563.15 705.827 27.1671 13.8381 857.325 70.7712 23.9141 678.659 166.002 143.025 512.657 42.5798 470.077 22.9769 45.3826 786.554 39.5076 17.61 765.726 58.4372 20.8278 707.289 46.857 40.5616 18.9602 13.329 16.018 10.1309 21.8976
internal_count=6648 6459 2932 115 57 3527 325 100 2817 715 619 2102 175 1927 96 189 3202 165 73 3116 246 86 2870 225 195 79 58 66 41 92
is_linear=0
shrinkage=0.05


Tree=48
num_leaves=29
num_cat=0
split_feature=4 9 13 13 3 9 13 13 11 3 4 3 3 13 3 3 13 3 4 13 3 13 9 13 9 9 13 13
split_gain=2.49893 7.42791 4.59516 6.17253 6.50171 8.42678 5.04361 7.00058 5.96243 4.05269 3.71141 4.36542 5.24839 6.78861 4.73634 4.56257 3.86992 6.29744 4.08619 4.29401 4.21184 3.31342 3.20718 2.86005 2.58782 2.25271 1.04266 0.846301
threshold=0.62923914953435267 0.395001010371207 69.025114522140868 49.478744507525484 28.511088220707279 0.64685141271839053 23.76383470226753 29.563998888034167 1.0000000180025095e-35 97.202660406885641 0.71313456384245499 65.531729933352551 91.823769972907442 24.39725682002334 83.050914992513654 55.239847615206997 49.881297144744941 19.697864606998369 0.80509705388275554 17.781666986821453 68.691575721361218 22.218930196975972 0.96262596371860532 25.627827723947174 0.80472256573473933 0.72365158525108808 21.830275269924353 53.456148655774818
decision_type=2 2 2 2 2 2 2 2 2 2 2 2 2 2 2 2 2 2 2 2 2 2 2 2 2 2 2 2
left_child=2 26 3 6 -5 27 9 23 -9 21 11 15 14 -14 -13 22 18 -18 20 -20 -12 -1 -3 -8 -19 -17 -2 -6
right_child=1 10 -4 4 5 -7 7 8 -10 -11 16 12 13 -15 -16 25 17 24 19 -21 -22 -23 -24 -25 -26 -27 -28 -29
leaf_value=0.0021771536480223734 -0.059824262104577954 -0.012705791887780564 0.047882289476296185 0.015259296507190826 -0.071970160249591089 0.011975431934194126 0.0077300328097540645 0.0045745169050108577 -0.049697642551127519 -0.038383976195497445 0.017422688200775381 -0.019248699135458291 0.02997224133535599 -0.043404021388013345 -0.060983338927129697 0.0064012175278608547 0.051498113515364534 0.026634809693707476 0.0039765858972724338 -0.0039050931196448254 -0.0046059451484461817 -0.017844318848631781 0.019100632411850477 0.027796887206084454 -0.00043824101213961448 0.053619053655334439 -0.028388847204658535 -0.046356287678881912
leaf_weight=194.85466901212931 4.8946533948183042 44.894660174846649 5.6578126847743979 8.7745339274406451 6.6742289960384387 6.0348789095878592 26.471509516239166 119.93312225490808 5.2836264222860327 7.0802433043718329 58.603032037615776 20.071783512830738 8.8552907109260541 4.8944083303213111 10.279795795679091 5.167621582746504 8.7998609840869886 11.396408274769781 237.58038091659546 633.85747431218624 34.457342714071274 23.115928038954735 9.6247822046279889 53.934093870222569 39.146355599164963 4.9414264261722565 5.7209655195474625 6.2399277687072754
leaf_count=808 20 185 25 39 28 25 111 505 22 29 241 82 36 21 42 21 38 47 972 2611 141 97 40 227 165 20 24 26
internal_value=2.87695e-06 -0.00125325 0.0030973 0.00254454 -0.0203236 -0.0368006 0.00401662 0.00967734 0.00228446 -0.00115542 -0.000863048 -0.00964616 -0.0217743 0.00385288 -0.0333838 -0.00137012 6.97002e-05 0.0124626 -0.000692795 -0.00175631 0.00926618 5.38631e-05 -0.00709073 0.0211904 0.0056662 0.0294819 -0.0428831 -0.0595939
internal_weight=1607.24 1143.19 464.055 458.397 27.7236 18.949 430.673 205.622 125.217 225.051 1132.57 108.73 44.1013 13.7497 30.3516 64.6285 1023.84 59.3426 964.498 871.438 93.0604 217.971 54.5194 80.4056 50.5428 10.109 10.6156 12.9142
internal_count=6648 4706 1942 1917 118 79 1799 865 527 934 4662 447 181 57 124 266 4215 250 3965 3583 382 905 225 338 212 41 44 54
is_linear=0
shrinkage=0.05


Tree=49
num_leaves=20
num_cat=0
split_feature=6 6 6 10 13 13 3 4 10 0 4 5 4 4 4 13 5 4 9
split_gain=2.5368 4.10614 4.46869 5.81563 3.18668 6.66259 4.55919 4.20464 5.57069 3.28906 2.92846 3.17838 2.1169 1.97076 1.88527 1.60643 1.40777 1.53103 0.907541
threshold=1.0000000180025095e-35 0.019139191383070967 0.037617918624470219 1.0000000180025095e-35 10.163275430723868 10.55513909502452 65.052152885550456 1.4140672506372902 1.0000000180025095e-35 1.0000000180025095e-35 1.5188780896353586 0.0015103571428571568 1.747769527698829 0.43470423697896599 0.8326544461603208 20.194978166607225 0.0014850000000000143 1.2975651085672502 1.1715239006538136
decision_type=2 2 2 2 2 2 2 2 2 2 2 2 2 2 2 2 2 2 2
left_child=13 10 3 16 7 6 -6 8 -4 -7 11 18 -9 -1 -13 -5 17 -3 -2
right_child=1 2 4 15 5 9 -8 12 -10 -11 -12 14 -14 -15 -16 -17 -18 -19 -20
leaf_value=0.040396889142191708 0.0066934896130600337 0.0057231343387984818 -0.035827942088567204 0.011032474027411301 0.064071374981220383 -0.0025661921335924515 0.00083051179206139903 0.040615414252527821 -0.0031534680587586455 0.0021870691368371187 0.011782212255976292 -0.025836805904351334 -0.0039026212925392894 0.0015990978448250604 -0.068667838386097982 -0.027120453117464829 0.048789863624278978 0.042993741295639452 -0.023797194529689723
leaf_weight=6.8647724390029889 4.8952326178550774 6.1191826313734072 22.455950796604156 4.9403699636459368 6.8524498939514142 690.69367298483849 4.8791324943304062 5.1397176235914213 31.125265851616859 769.29487779736519 5.6563540995120993 4.8938639312982541 5.5580397993326187 6.2558916211128235 5.4086278229951859 6.2483728229999542 9.3929233849048597 5.0125526636838913 4.8666905462741852
leaf_count=32 20 25 93 20 28 2871 20 21 128 3170 23 20 23 26 22 26 39 21 20
internal_value=2.76022e-06 -0.000177532 0.000147577 0.0187257 -0.000236 0.000239955 0.0377697 -0.0111334 -0.0168474 -6.16112e-05 -0.0199933 -0.0289512 0.017486 0.0218982 -0.0483223 -0.0102741 0.0345345 0.0225059 -0.00850728
internal_weight=1606.55 1593.43 1567.71 31.7134 1536 1471.72 11.7316 64.279 53.5812 1459.99 25.7208 20.0644 10.6978 13.1207 10.3025 11.1887 20.5247 11.1317 9.76192
internal_count=6648 6590 6485 131 6354 6089 48 265 221 6041 105 82 44 58 42 46 85 46 40
is_linear=0
shrinkage=0.05


Tree=50
num_leaves=23
num_cat=0
split_feature=4 6 3 3 0 9 4 4 9 3 3 3 4 6 4 9 9 6 4 9 3 4
split_gain=2.46561 3.06336 2.17737 5.39694 2.80536 4.19711 3.29582 2.56231 4.06118 2.72139 4.30227 3.76807 3.71733 2.69862 2.10587 11.8646 4.54648 1.78629 1.38962 1.17116 1.07731 0.930404
threshold=0.10985849801372735 0.79838440557663748 32.121883917831035 32.873783824870394 1.0000000180025095e-35 0.33128625362540615 0.87880653236279194 2.3863032303732026 2.525446239205333 29.153062557136408 28.900408336427954 29.508313888712987 1.8544344602095417 0.13457225033858883 2.0428422202361629 1.1927501356715566 2.525446239205333 0.52043651742340735 0.71823366276075751 1.6962489914151624 58.398182220342974 0.076844693090041619
decision_type=2 2 2 2 2 2 2 2 2 2 2 2 2 2 2 2 2 2 2 2 2 2
left_child=1 17 7 18 5 -5 -7 9 19 10 12 -11 -2 -13 16 -16 -6 -1 -4 -9 -3 -19
right_child=2 20 3 4 14 6 -8 8 -10 11 -12 13 -14 -15 15 -17 -18 21 -20 -21 -22 -23
leaf_value=0.0098618484466968422 0.001074969362758877 -0.016960797327150959 -0.054831815818947041 -0.040490731677919695 -0.00042742258845491734 0.0014531001014689996 -0.0083824062097993812 -0.017255174985491287 0.016977214089832594 0.05059943267415426 -0.040704070320005566 -0.022768665521231406 0.017984556253876773 0.014080096595929591 0.080719211038813549 0.0017025143198056759 0.046567109067637134 0.058042834802275012 -0.020562678105064944 -0.049672693535077167 0.01224672738579888 0.025489221047496641
leaf_weight=6.6702898591756847 405.47329971194267 6.9010110050439817 4.9977480769157392 8.0503611713647825 650.8137042671442 154.51552157104015 189.79853123426437 5.288946598768236 5.8884322792291632 6.2530492693185797 5.8576307445764533 5.7683783918619147 35.333871930837631 35.837056547403336 5.3899362087249747 40.056644260883331 5.1876260191202155 5.1029906496405584 7.2488667815923691 5.887545108795166 5.8194414377212524 3.8514870926737785
leaf_count=32 1683 30 21 34 2644 643 812 22 24 26 24 24 148 148 22 163 21 28 30 24 25 20
internal_value=2.71003e-06 0.0146186 -0.00025989 -0.00154666 -0.00116315 -0.004803 -0.00396859 0.00242151 -0.0166272 0.00307884 0.00186472 0.0144102 0.00243039 0.00897121 0.000665293 0.0110738 -5.57922e-05 0.0294497 -0.0345476 -0.0343321 -0.00359873 0.0440409
internal_weight=1605.99 28.3452 1577.65 1066.06 1053.81 352.364 344.314 511.588 17.0649 494.523 446.665 47.8585 440.807 41.6054 701.448 45.4466 656.001 15.6248 12.2466 11.1765 12.7205 8.95448
internal_count=6648 135 6513 4390 4339 1489 1455 2123 70 2053 1855 198 1831 172 2850 185 2665 80 51 46 55 48
is_linear=0
shrinkage=0.05


Tree=51
num_leaves=31
num_cat=0
split_feature=2 0 5 6 5 2 5 5 2 5 2 5 2 13 5 2 5 5 6 13 6 6 6 13 9 4 4 9 9 9
split_gain=2.49189 2.80764 3.90975 3.99752 4.79765 3.26815 3.51967 2.8976 4.24183 3.01989 3.75753 3.15799 2.87083 4.73896 4.63567 3.58879 3.34294 2.85977 6.59474 4.30544 2.8447 4.94956 2.76973 2.76189 4.75879 2.75146 2.47812 2.43583 2.26102 2.16909
threshold=20.771590506259731 1.0000000180025095e-35 0.00078214285714285831 0.30661797323320888 0.00073571428571429201 38.243116471933035 0.00066250000000001041 0.00083142857142854657 42.88968300897303 0.00089142857142859074 34.379386961569267 0.0009535714285714347 38.472248339420688 20.789084695807851 0.0013432142857142989 40.301925487068466 0.001234285714285704 0.0010035714285714689 0.52479499484279835 15.980896701307509 0.31493886566382151 0.77973866351100074 0.79838440557663748 29.908590165360081 0.99130699439048864 0.61582893559927943 0.52035610873923099 0.64685141271839053 1.1125827814569955 1.2057012601360098
decision_type=2 2 2 2 2 2 2 2 2 2 2 2 2 2 2 2 2 2 2 2 2 2 2 2 2 2 2 2 2 2
left_child=22 2 3 4 -2 -5 -7 8 -4 10 -9 -11 13 25 16 20 -15 18 -17 -19 -14 -22 23 29 27 -3 -16 -25 -27 -1
right_child=1 12 7 5 -6 6 -8 9 -10 11 -12 -13 15 14 26 17 -18 19 -20 -21 21 -23 -24 24 -26 28 -28 -29 -30 -31
leaf_value=0.042028133060009999 0.027632603401669117 0.025323044898035094 0.038534813636216636 -0.063776291538546109 -0.035356397449790404 0.019080277336501555 -0.036509561784082031 0.014017703230179751 -0.0068059821485856146 0.01204756897083511 -0.029193350364453138 -0.0026438841772228848 0.0045909042574200113 0.014711932171113738 0.066706234369212941 0.021798883973808181 -0.033239240369981431 0.0069144926893279909 -0.0014160841958404439 -0.0025282094932217087 -0.068178906111341045 -0.0018214327973578141 -0.020430304037291295 0.0038801190502854091 0.029840091499607146 -0.030439023956354391 0.027830796996038167 -0.046849558964557364 0.0020066002999919929 0.010146020993779592
leaf_weight=12.36681027710438 7.5440230518579465 5.7310007661581066 10.655192986130716 6.1870036125183132 5.044356569647789 4.0554451048374167 9.5590115487575513 6.6450655162334469 9.9992358833551389 39.019197389483452 20.712284624576569 584.67318922281265 6.6167431771755245 20.136532716453079 5.5337973982095745 51.811037465929985 4.4352930635213843 161.64871394634247 74.694498285651207 476.72283260524273 5.9257569909095746 5.3447262793779373 5.878204643726348 4.5653293430805224 8.0646798610687238 10.386728867888452 15.813989773392676 4.9124149829149246 11.115937098860739 9.3822213560342771
leaf_count=53 31 26 44 27 22 19 47 27 44 163 88 2420 28 90 32 214 20 656 305 1941 24 22 24 20 33 43 79 20 47 39
internal_value=2.7282e-06 -0.000332494 -0.00267121 -0.0196386 0.00239195 -0.033644 -0.0199506 -0.00185304 0.0165844 -0.00243796 -0.0186974 -0.00172476 0.00159138 0.0110637 0.0208642 0.000706142 0.00605659 0.00122387 0.00809173 -0.000137124 -0.0214326 -0.0367106 0.0115802 0.0163691 0.00160869 -0.00546126 0.0379081 -0.0224136 -0.0136661 0.0282746
internal_weight=1605.18 1560.01 704.094 32.3898 12.5884 19.8015 13.6145 671.704 20.6544 651.05 27.3574 623.692 855.918 73.1533 45.9196 782.764 24.5718 764.877 126.506 638.372 17.8872 11.2705 45.1697 39.2915 17.5424 27.2337 21.3478 9.47774 21.5027 21.749
internal_count=6648 6459 2932 146 53 93 66 2786 88 2698 115 2583 3527 337 221 3190 110 3116 519 2597 74 46 189 165 73 116 111 40 90 92
is_linear=0
shrinkage=0.05


Tree=52
num_leaves=26
num_cat=0
split_feature=2 2 5 6 5 13 5 13 13 5 6 6 2 8 6 13 5 2 5 13 5 9 5 3 5
split_gain=2.3681 5.03839 4.51475 6.26991 5.47987 5.115 4.82146 7.23145 8.58824 7.20842 6.71523 6.50049 4.35797 3.07848 2.6004 2.56144 3.56559 3.3176 2.48467 5.84611 3.57583 2.46709 2.32709 2.25328 1.72282
threshold=31.479511867442699 31.885572027046823 0.0018914285714286075 0.89408501601896895 0.002559285714285701 25.627827723947174 0.0011700000000000204 40.176248387084577 17.162319941798142 0.0013050000000000167 0.82216869229834233 0.40694476248151251 27.3311529247088 -1.0000000180025095e-35 1.0000000180025095e-35 61.604533345418311 0.0016025000000000147 48.737891015715682 0.002224999999999993 43.829083677689368 0.0021735714285714019 1.0306929218829652 0.0013471428571428725 10.038123668999178 0.0030889285714285467
decision_type=2 2 2 2 2 2 2 2 2 2 2 2 2 2 2 2 2 2 2 2 2 2 2 2 2
left_child=2 -2 3 6 5 13 7 8 -1 21 -11 -9 -5 -4 22 18 17 -17 20 -20 -16 -8 -3 -7 -6
right_child=1 14 4 12 24 23 9 11 -10 10 -12 -13 -14 -15 15 16 -18 -19 19 -21 -22 -23 -24 -25 -26
leaf_value=-0.033143142609052149 -0.044503251511823182 5.297651484093999e-05 -0.059249709648589624 -0.053282611320084085 0.040251694872895899 -0.01721685122383684 0.060376568810073444 -0.00029715018312463464 0.019505153155802552 0.0075929350237119095 0.069253217412333631 -0.078095914988732834 0.0050048851702250785 -0.015772437997420265 -0.0013924193088916824 0.058603706267625101 -0.019027674246297751 0.00905293713241586 0.0082811437925941304 -0.029032483638995167 -0.025505305970078603 0.024149471602973635 0.046216146787512145 0.026736063727358407 -0.00022693982647684259
leaf_weight=9.8057896047830564 6.5440332144498816 5.31446425616741 9.1122133955359477 6.6047108322381956 5.3671523779630643 6.2158089131116849 11.413026034832003 5.6914778351783735 36.874708876013756 72.298558332026005 4.7028269320726386 5.0828114598989487 6.2332725375890732 7.3600730597972897 1204.82644328475 6.0112749338150042 4.8734090179204932 7.7115088254213333 130.72678098082542 11.413668140769003 15.573858395218847 7.9893600642681113 5.6137295365333557 5.4926689565181732 5.1517714858055115
leaf_count=40 27 23 38 27 22 26 48 24 154 308 20 21 26 31 4979 27 21 33 537 48 64 33 25 24 22
internal_value=2.80526e-06 -0.000733428 0.00501605 0.0085878 -0.010369 -0.0218641 0.0113889 -7.63361e-05 0.00844576 0.0182219 0.0113588 -0.036999 -0.0249821 -0.0398234 -0.000527668 -0.000719896 0.0177114 0.0307587 -0.000971449 0.00528491 -0.00170013 0.0454593 0.0237666 0.00340229 0.0204268
internal_weight=1604.01 1398.61 205.396 166.697 38.6997 28.1808 153.859 57.4548 46.6805 96.4038 77.0014 10.7743 12.838 16.4723 1392.07 1381.14 18.5962 13.7228 1362.54 142.14 1220.4 19.4024 10.9282 11.7085 10.5189
internal_count=6648 5784 864 701 163 119 648 239 194 409 328 45 53 69 5757 5709 81 60 5628 585 5043 81 48 50 44
is_linear=0
shrinkage=0.05


Tree=53
num_leaves=29
num_cat=0
split_feature=5 5 13 5 13 3 2 9 3 13 2 13 5 13 6 2 3 2 2 2 13 3 2 9 13 2 13 6
split_gain=2.22281 3.53801 4.36771 3.00048 7.04162 6.01887 4.49719 6.87075 4.46524 4.29435 4.25628 3.99585 6.76964 2.54945 2.49033 2.46396 4.94489 4.60793 3.03344 5.76808 2.32865 2.11595 3.61188 2.45181 2.10265 1.988 1.65972 0.261479
threshold=0.00078214285714285831 0.00070892857142855297 24.39725682002334 0.0009749999999999799 49.881297144744941 96.75224739302503 43.929209601524889 1.3965566658099755 97.202660406885641 21.830275269924353 84.02243463302456 23.363893652839575 0.0013632142857142712 34.638060998438313 0.9254193886200911 75.903347251829857 72.450418965007785 77.401995870221825 65.432139232606374 65.66854067640709 10.163275430723868 22.146996235062726 67.103746106234297 0.95403874061446603 43.829083677689368 54.531099906927743 20.365129341605734 0.6666665582010759
decision_type=2 2 2 2 2 2 2 2 2 2 2 2 2 2 2 2 2 2 2 2 2 2 2 2 2 2 2 2
left_child=1 2 26 4 5 6 7 -2 15 -8 11 14 -13 21 -10 18 -17 -18 20 -20 -5 -3 23 -23 27 -6 -1 -4
right_child=3 13 24 8 25 -7 9 -9 10 -11 -12 12 -14 -15 -16 16 17 -19 19 -21 -22 22 -24 -25 -26 -27 -28 -29
leaf_value=0.011146332813611529 0.021581411760572829 -0.0043773542767076281 -0.034571517396918182 -0.012541086578798889 0.058805128827317005 0.059006017020296536 0.0069934508061107936 -0.011722276230943671 -0.02256957798973401 -0.012869663970700796 0.01295812981947252 -0.040028454246419543 0.02741602614566362 0.0054867517570455814 -0.065330728824705697 0.037973818916882743 -0.036098541922457227 -0.0055154921796823787 0.055430195466904787 0.0050704498067852665 8.2495389974969881e-05 -0.015258795721279495 0.0043323955852879468 -0.058160055183857168 0.011921836203685612 0.018782542495241552 0.052971731988596032 -0.017714299066814716
leaf_weight=4.7576396167278308 52.275219291448593 8.1122388988733309 4.652784198522566 37.93261082470417 7.4015260934829694 4.7835711240768424 48.324798434972763 22.006089463829994 6.1541753411293048 62.279209598898888 8.7933835834264737 8.0645617693662626 6.9072837382554999 8.2438493221998197 7.6215348988771439 5.6629833281040183 14.486739397048948 82.211229100823402 5.8880690187215796 165.65332879126072 989.77220949530602 4.6975679695606294 4.6517621129751197 11.442384600639341 5.9403560310602179 5.3422279059886932 4.7300139963626862 4.5500116795301437
leaf_count=20 217 34 20 158 32 20 200 90 25 262 36 33 28 37 31 23 60 336 24 674 4106 20 20 51 27 23 21 20
internal_value=2.9679e-06 -0.00929676 0.00539784 0.000375658 0.00604954 0.0036322 0.0021995 0.0117151 -0.000481952 -0.00419113 -0.0174826 -0.0267939 -0.00891284 -0.01904 -0.0462276 8.38097e-06 -0.0074378 -0.0100973 0.000643945 0.00679902 -0.000383441 -0.0260354 -0.0344856 -0.0456736 -0.0112681 0.0420275 0.0319981 -0.026237
internal_weight=1603.34 61.7786 24.6308 1541.56 202.413 189.669 184.885 74.2813 1339.15 110.604 37.5409 28.7476 14.9718 37.1478 13.7757 1301.61 102.361 96.698 1199.25 171.541 1027.7 28.904 20.7917 16.14 15.1432 12.7438 9.48765 9.2028
internal_count=6648 270 108 6378 844 789 769 307 5534 462 153 117 61 162 56 5381 419 396 4962 698 4264 125 91 71 67 55 41 40
is_linear=0
shrinkage=0.05


Tree=54
num_leaves=24
num_cat=0
split_feature=4 13 6 5 6 3 9 13 5 9 5 13 13 4 11 5 3 9 4 6 9 4 3
split_gain=2.22537 3.25604 2.64358 3.25441 3.30277 1.91286 2.61409 2.42282 4.60268 2.60755 2.02739 1.93307 5.18605 3.60596 5.74903 3.59647 3.10855 2.55911 2.13315 8.99106 5.85652 1.27152 1.09428
threshold=0.10985849801372735 37.344088789124875 0.79838440557663748 0.0014414285714285699 0.52043651742340735 4.0974613660682895 0.50954513731470741 20.194978166607225 0.0019535714285714117 1.4754079524807595 0.0015607142857142727 10.163275430723868 10.55513909502452 1.4140672506372902 1.0000000180025095e-35 0.0014039285714285701 23.827300150828503 1.0092486022869638 0.62923914953435267 0.30232552866407797 0.395001010371207 1.747769527698829 58.398182220342974
decision_type=2 2 2 2 2 2 2 2 2 2 2 2 2 2 2 2 2 2 2 2 2 2 2
left_child=1 2 3 -1 -5 6 -2 10 9 -9 -8 13 15 14 16 -13 -7 -16 19 -14 -20 -15 -4
right_child=5 -3 22 4 -6 11 7 8 -10 -11 -12 12 18 21 17 -17 -18 -19 20 -21 -22 -23 -24
leaf_value=-0.016076969196252996 0.042500422535909813 0.051732390046192248 -0.028765252276854888 0.0048096623592372044 0.065783767086703457 0.03056651920205776 0.0074500867806770593 0.021725483641766918 -0.044664908520279184 -0.012152592965446027 0.049184620683787594 0.064387294722158803 0.014550440358237 0.036207730658779712 -0.020845257372978751 0.0096873374031010342 -0.011030841966137362 -0.068702094592174801 -0.040581646494938971 -0.0021345635144090305 -0.0012653254921506344 0.0015594296213317306 0.0037212941824146918
leaf_weight=4.0161842405796113 5.3960542082786551 4.7406548261642447 5.1903816759586316 4.0690822377800924 4.8896608203649521 5.1265998035669318 7.260799437761305 13.140415161848074 5.2769223898649207 10.00391064584255 4.8562012761831284 5.0680568665266019 113.62867994606495 4.8767841756343824 5.2652302384376508 7.3819318115711212 36.238728925585747 5.9504152983427048 9.5579708367586118 278.97356131672859 1050.9965171664953 5.7935300320386887 5.1783051639795303
leaf_count=18 24 25 22 19 29 21 30 58 22 43 20 21 477 20 22 30 149 25 40 1154 4333 24 22
internal_value=2.7067e-06 0.0139536 0.0062814 0.0213229 0.0380892 -0.000246088 0.00980735 0.00545557 -0.00252575 0.00708201 0.0241763 -0.000548142 -0.000178793 -0.00910638 -0.0144844 0.0319542 -0.00587549 -0.0462355 -0.000454094 0.00269448 -0.00161965 0.0173952 -0.0125409
internal_weight=1602.88 28.0843 23.3436 12.9749 8.95874 1574.79 45.9343 40.5382 28.4212 23.1443 12.117 1528.86 1465.61 63.2513 52.581 12.45 41.3653 11.2156 1453.16 392.602 1060.55 10.6703 10.3687
internal_count=6648 135 110 66 48 6513 197 173 123 101 50 6316 6055 261 217 51 170 47 6004 1631 4373 44 44
is_linear=0
shrinkage=0.05


Tree=55
num_leaves=21
num_cat=0
split_feature=4 6 5 6 4 4 5 5 9 3 5 3 5 9 6 5 4 5 3 5
split_gain=2.03106 2.59133 2.62639 2.7229 1.8008 4.04538 3.34751 4.01791 3.08199 2.92771 2.90967 2.40975 2.73473 2.36373 2.23427 3.2477 4.47883 2.69172 4.60714 1.03267
threshold=0.10985849801372735 0.79838440557663748 0.0014414285714285699 0.52043651742340735 2.3863032303732026 2.1663111332385236 0.001645357142857137 0.0014085714285714498 2.6108585094717642 88.203236271563085 0.0011982142857142532 4.0974613660682895 0.0019535714285714117 1.966952209926941 0.40694476248151251 0.0017614285714285568 2.5782148243391547 0.0017521428571428532 57.627288648304777 0.001942499999999998
decision_type=2 2 2 2 2 2 2 2 2 2 2 2 2 2 2 2 2 2 2 2
left_child=1 2 -1 -4 5 8 7 10 11 14 -7 12 -2 -13 15 16 -6 18 -16 -3
right_child=4 19 3 -5 9 6 -8 -9 -10 -11 -12 13 -14 -15 17 -17 -18 -19 -20 -21
leaf_value=-0.0039534444817502503 0.018737185609580983 0.0084067575573419963 0.013573645971568779 0.064671852432921603 0.020478677939962102 0.034140585433685408 -0.010979052568352455 0.065235153515178321 0.028281033233590869 0.018479102589999141 -0.0061417473416886066 -0.0004313451563377203 -0.011056559262182944 -0.011313750062558062 0.011926823120995113 0.023070406605631203 -0.039388038767874556 -0.057216094288207064 -0.042446000976318572 -0.020693767445749661
leaf_weight=4.6431392580270794 31.27428226172924 7.594363793730734 4.8207727372646314 5.6776040643453598 4.8703908473253277 9.9501561224460691 7.5698380619287482 5.3710380345582953 9.3733367621898633 7.8293448239564887 8.1584951281547529 1390.7698418796062 10.218573763966559 51.755508422851562 7.5970504134893435 7.4984844326972953 8.7135759890079481 5.2952486276626578 7.9967789202928543 5.0931199640035629
leaf_count=21 136 33 24 35 20 42 31 23 39 32 34 5744 43 213 33 31 36 22 34 22
internal_value=2.88841e-06 0.0133928 0.0273592 0.041208 -0.000233815 7.1839e-05 0.0179348 0.0272566 -0.000299555 -0.0095901 0.0159922 -0.000480076 0.0113998 -0.000821788 -0.0148261 -0.00334299 -0.0179234 -0.0264155 -0.0159565 -0.00327503
internal_weight=1602.07 27.829 15.1415 10.4984 1574.24 1524.44 31.0495 23.4797 1493.39 49.8009 18.1087 1484.02 41.4929 1442.53 41.9715 21.0825 13.584 20.8891 15.5938 12.6875
internal_count=6648 135 80 59 6513 6305 130 99 6175 208 76 6136 179 5957 176 87 56 89 67 55
is_linear=0
shrinkage=0.05


Tree=56
num_leaves=29
num_cat=0
split_feature=2 0 5 5 9 3 13 5 5 5 2 5 13 2 9 3 2 2 2 9 3 11 3 13 9 3 9 3
split_gain=2.07334 2.73087 3.29871 2.86014 3.11325 2.60005 4.81338 2.52321 3.88369 2.79787 3.22778 2.66226 2.50193 2.56648 4.41313 2.82151 5.50679 2.98392 2.44561 2.37162 3.65202 3.87251 2.82058 3.85998 2.02242 1.71764 1.22497 1.15181
threshold=20.771590506259731 1.0000000180025095e-35 0.00078214285714285831 0.00070892857142855297 1.4646483581716396 50.206371434564623 28.058248195434938 0.00083142857142854657 0.00080500000000000027 0.00089142857142859074 34.379386961569267 0.0009535714285714347 61.604533345418311 75.903347251829857 2.525446239205333 97.202660406885641 70.115014640548381 75.521737320431114 40.301925487068466 0.91381707818982683 5.6486676016837274 1.0000000180025095e-35 10.962380573248932 30.041542795480069 0.7864963983576917 13.497279610753234 1.2057012601360098 15.967445208765652
decision_type=2 2 2 2 2 2 2 2 2 2 2 2 2 2 2 2 2 2 2 2 2 2 2 2 2 2 2 2
left_child=19 2 3 4 18 6 -5 8 26 10 -9 -11 13 15 24 17 -17 -3 -2 22 -21 25 23 -1 -15 -22 -4 -24
right_child=1 12 7 5 -6 -7 -8 9 -10 11 -12 -13 -14 14 -16 16 -18 -19 -20 20 21 -23 27 -25 -26 -27 -28 -29
leaf_value=0.011464943316531574 -0.044358642799968082 0.0027885074270932782 -0.019155909439349722 -0.045862979926103116 0.031048740314722635 -0.069507828445126707 0.019180498366593687 0.012262154320159655 0.040348829206643608 0.010929777621490382 -0.027890577057348761 -0.0025689150920303453 0.037076521109041714 -0.015911595158613089 0.040291088887844523 0.0003321686805029232 -0.057396490123575762 0.03954374412221464 0.0026716131274102666 0.048720786967346282 0.0070052634772150499 -0.02103264552556617 0.033029442131976193 -0.050256436232639028 -0.0023883821489810993 0.049118095943345784 0.013202601626095038 -0.00078520028260907829
leaf_weight=4.8634218201041239 4.8428193032741564 695.89905381947756 6.0531530976295489 7.7668140232563037 4.6645414531230918 3.7736444026231757 4.487901508808136 6.6158989965915707 8.8621627241373044 38.965011909604073 20.557313561439514 583.65195968747139 4.9399699494242659 42.224184110760689 5.1276479363441458 14.879736825823786 5.7186437845230094 5.5660677105188361 6.4401784390211105 8.0248616039752978 4.854413643479349 6.8876846432685843 5.2003027796745283 5.286663219332695 80.083697527647018 4.8307081609964371 5.6590899229049683 4.8829315155744553
leaf_count=22 21 2876 26 34 21 20 20 27 38 163 88 2420 23 176 21 60 23 23 30 34 20 28 22 22 325 20 24 21
internal_value=2.98422e-06 -0.000302299 -0.00261209 -0.0183017 -0.00331005 -0.0332178 -0.0220429 -0.00186371 0.0153754 -0.00240955 -0.0181145 -0.00172413 0.00159633 0.00139001 -0.00515183 0.00254456 -0.0156948 0.00308016 -0.0175144 0.0106041 0.0210342 0.00762788 -0.00207583 -0.0206826 -0.00705698 0.0280101 -0.00352101 0.0166543
internal_weight=1601.61 1556.78 702.34 31.9759 15.9475 16.0284 12.2547 670.365 20.5744 649.79 27.1732 622.617 854.439 849.499 127.436 722.064 20.5984 701.465 11.283 44.831 24.5977 16.5728 20.2333 10.1501 122.308 9.68512 11.7122 10.0832
internal_count=6648 6459 2932 146 72 74 54 2786 88 2698 115 2583 3527 3504 522 2982 83 2899 51 189 102 68 87 44 501 40 50 43
is_linear=0
shrinkage=0.05


Tree=57
num_leaves=31
num_cat=0
split_feature=2 2 5 5 13 10 5 13 13 5 2 5 13 3 9 0 5 13 5 2 13 9 5 5 3 3 3 9 5 13
split_gain=1.94281 4.5212 3.91382 4.93858 4.82556 5.94209 3.93675 5.97329 6.19624 5.9709 4.8197 4.39908 6.42599 4.2713 4.26508 2.19137 3.01107 11.902 8.87073 6.91751 5.23401 4.74954 3.76031 2.79009 5.01081 4.64889 3.49058 5.15718 2.15029 1.94681
threshold=31.479511867442699 31.885572027046823 0.0018914285714286075 0.002559285714285701 25.627827723947174 1.0000000180025095e-35 0.0011700000000000204 15.122668760384922 40.176248387084577 0.0013050000000000167 25.165525846926077 0.0014521428571428626 20.194978166607225 14.550983941696188 1.0306929218829652 1.0000000180025095e-35 0.0013160714285714227 39.135773306680285 0.0011928571428571862 61.078501879755301 44.945983844151847 2.0080086162920554 0.0014521428571428626 0.00097857142857143997 96.75224739302503 86.023180458622036 95.696876278938205 0.46851057296012871 0.002224999999999993 41.758680655529268
decision_type=2 2 2 2 2 2 2 2 2 2 2 2 2 2 2 2 2 2 2 2 2 2 2 2 2 2 2 2 2 2
left_child=2 -2 6 4 5 -4 7 -1 10 14 -9 13 -13 -11 -8 16 17 18 -3 -19 21 -18 -22 24 25 -17 28 -28 -25 -6
right_child=1 15 3 -5 29 -7 9 8 -10 11 -12 12 -14 -15 -16 23 20 19 -20 -21 22 -23 -24 26 -26 -27 27 -29 -30 -31
leaf_value=-0.049881944836378367 -0.042211572960735105 -0.0066992839999654372 -0.065376434590622007 0.019478653794766047 0.020462311539986032 -0.0048846178526815096 0.058220301581997792 -0.012305297100705929 -0.030320614124084228 0.0090260660001621942 0.022583024886080924 0.050740365914580657 0.0075536955009978023 -0.033190044646470296 0.012511197837214112 0.010468573409950268 0.0053178676821179875 0.01957261772246216 -0.031267708579846627 -0.034050970759048609 0.023851473950951579 -0.028208959364007902 -0.021002221498236755 -0.00024547068154733248 0.054565016004847727 -0.014510106223603292 -0.057732272665151477 -0.0070362247018980698 0.0079535878421296332 -0.021174121497393728
leaf_weight=5.9072915017604819 6.5172917246818534 178.22457022964954 9.0383921116590553 10.498254731297491 7.0241266489028913 7.3698024302721015 11.483382895588877 14.672128185629843 11.198267057538031 13.239864572882654 30.430455937981606 10.483253285288809 48.294306136667728 10.944451510906218 9.1857452988624555 100.54657787084579 224.07631857693195 52.475435256958008 46.281214132905006 6.7927163988351813 5.3468626588582984 11.086084350943564 37.059629827737808 551.88505532592535 5.5123881250619879 22.862907096743584 5.5946915149688712 48.543701067566872 93.51722164452076 4.676704540848732
leaf_count=24 27 755 37 44 30 32 49 62 47 55 127 45 208 46 38 418 928 220 194 31 22 47 155 2265 23 93 23 197 386 20
internal_value=2.68073e-06 -0.000663846 0.0045549 -0.00978313 -0.0207119 -0.0382063 0.00789279 -0.00205019 0.00296849 0.0138614 0.0112337 0.00787086 0.0152562 -0.0100786 0.0379063 -0.000469013 -0.00288099 -0.00650272 -0.011764 0.0134268 0.000821696 0.00373734 -0.0153468 0.00116528 0.00792433 0.00584101 -8.03853e-05 -0.0122752 0.000942553 0.00382065
internal_weight=1600.77 1396.32 204.446 38.6073 28.109 16.4082 165.839 62.2081 56.3009 103.631 45.1026 82.9619 58.7776 24.1843 20.6691 1389.81 561.343 283.774 224.506 59.2682 277.569 235.162 42.4065 828.463 128.922 123.409 699.541 54.1384 645.402 11.7008
internal_count=6648 5784 864 163 119 69 701 260 236 441 189 354 253 101 87 5757 2352 1200 949 251 1152 975 177 3405 534 511 2871 220 2651 50
is_linear=0
shrinkage=0.05


Tree=58
num_leaves=19
num_cat=0
split_feature=6 6 6 10 11 9 13 13 3 4 10 4 4 4 9 9 4 0
split_gain=1.93398 3.99642 3.94615 5.28344 3.59431 6.44918 2.50507 5.53485 3.96168 3.53225 4.78069 2.70444 1.74203 1.67498 1.57102 1.33784 1.94809 0.539093
threshold=1.0000000180025095e-35 0.019139191383070967 0.037617918624470219 1.0000000180025095e-35 1.0000000180025095e-35 0.91381707818982683 10.163275430723868 10.55513909502452 65.052152885550456 1.4140672506372902 1.0000000180025095e-35 0.64319559953600736 0.43470423697896599 1.747769527698829 0.79016831552529765 1.4421076436000826 1.0634648322433529 1.0000000180025095e-35
decision_type=2 2 2 2 2 2 2 2 2 2 2 2 2 2 2 2 2 2
left_child=12 4 3 15 5 -2 9 8 -8 10 -4 -9 -1 -11 -5 16 -3 -6
right_child=1 2 6 14 17 -7 7 11 -10 13 -12 -13 -14 -15 -16 -17 -18 -19
leaf_value=0.037171344329785874 -0.032529236360615131 0.024941724210635941 -0.032865317995913815 0.0071672267012681508 -0.031243476060293485 0.032840099327586351 0.059344982934728209 0.0033146012238405194 0.00020048288965756651 0.037088065076762343 -0.0024725750216975672 -0.0014293522278987086 0.00031466556393535241 -0.0026598963131628959 -0.030486266565447957 0.012172139527416661 0.061682559084762882 -0.054190981334424182
leaf_weight=6.6235921457409841 8.7903406918048841 8.373783007264139 22.186807915568352 6.0893691033124941 5.1281316131353378 6.6105275601148614 6.762098625302313 424.11753106117249 4.870731994509697 5.1030269265174848 31.04079644382 1030.097296051681 6.2135100215673447 5.5147733986377716 5.0822413712739944 5.6630091667175284 6.3390824347734442 5.1093735098838806
leaf_count=32 36 35 93 25 21 27 28 1784 20 21 128 4257 26 23 21 24 26 21
internal_value=2.53707e-06 -0.000153827 0.00016772 0.0176719 -0.0197343 -0.0044707 -0.000193276 0.000229002 0.0345808 -0.00988849 -0.0151412 -4.5792e-05 0.0193317 0.0164434 -0.00996228 0.032823 0.0407716 -0.0426962
internal_weight=1599.72 1586.88 1561.24 31.5475 25.6384 15.4009 1529.69 1465.85 11.6328 63.8454 53.2276 1454.21 12.8371 10.6178 11.1716 20.3759 14.7129 10.2375
internal_count=6648 6590 6485 131 105 63 6354 6089 48 265 221 6041 58 44 46 85 61 42
is_linear=0
shrinkage=0.05


Tree=59
num_leaves=18
num_cat=0
split_feature=13 4 6 6 6 6 10 13 13 13 13 6 6 9 6 9 4
split_gain=1.82352 4.61 2.21446 2.07419 3.81486 3.11818 4.42448 2.56131 6.52347 2.17509 5.08283 3.29164 1.94953 1.56886 1.50642 1.29114 1.18304
threshold=61.604533345418311 0.44254918845406738 0.6246386126246396 1.0000000180025095e-35 0.019139191383070967 0.037617918624470219 1.0000000180025095e-35 31.10983679836135 20.309796363840341 10.163275430723868 10.55513909502452 0.84864860277578147 0.36916470451565014 1.0618396946995079 0.02603048842711753 0.77106837990307964 0.43470423697896599
decision_type=2 2 2 2 2 2 2 2 2 2 2 2 2 2 2 2 2
left_child=3 -2 12 16 7 6 15 8 13 11 -11 -7 -3 -5 -8 -6 -1
right_child=1 2 -4 4 5 9 14 -9 -10 10 -12 -13 -14 -15 -16 -17 -18
leaf_value=0.035175862107057448 0.060446844840964277 -0.00050463045441661995 -0.015620302712989854 -0.02563751201823667 0.051665201910359705 -0.0047281513792297785 0.0088813154545903054 0.0030275546550895152 -0.069414509990457132 0.033027979754445651 -0.00024107609325466973 -0.036975291884567829 0.04241253969884988 0.013952273665557419 -0.027832421107497275 0.022391177809118295 0.0042009449225647441
leaf_weight=6.3804353773593885 4.3252346068620708 5.9847126379609126 8.5675450265407544 4.9308754205703789 5.0704422444105175 54.459424316883087 5.5928323119878787 8.2397179305553419 6.65585172176361 11.573371201753615 1432.1524104550481 9.2589525878429395 4.7433750182390213 5.0809987187385559 5.5832741856575012 14.647464394569395 5.9640154093503952
leaf_count=31 20 26 37 20 21 226 23 34 27 48 5945 39 21 21 23 61 25
internal_value=2.52415e-06 0.0137919 0.00333396 -0.000204204 -0.000365415 -5.11217e-05 0.0156734 -0.0197768 -0.0310502 -0.000373385 2.56194e-05 -0.009414 0.018471 -0.0055458 -0.00945985 0.029919 0.0202108
internal_weight=1599.21 23.6209 19.2956 1575.59 1563.25 1538.34 30.894 24.9074 16.6677 1507.44 1443.73 63.7184 10.7281 10.0119 11.1761 19.7179 12.3445
internal_count=6648 104 84 6544 6488 6386 128 102 68 6258 5993 265 47 41 46 82 56
is_linear=0
shrinkage=0.05


Tree=60
num_leaves=31
num_cat=0
split_feature=2 0 3 3 2 13 13 2 3 3 2 13 6 13 12 13 4 6 6 6 13 6 6 3 4 4 2 3 6 6
split_gain=1.83884 2.38941 2.81008 3.93692 2.40134 4.16066 4.28241 3.37972 2.89764 2.71964 3.32479 2.60665 3.39017 2.52953 7.22014 4.63779 2.37509 2.9116 5.73633 3.77706 2.78542 2.94061 2.37096 3.66324 2.39844 4.29137 2.87191 1.92156 1.70024 1.45726
threshold=20.771590506259731 1.0000000180025095e-35 92.113724826536995 95.696876278938205 38.472248339420688 20.789084695807851 22.351502105508221 40.301925487068466 21.813346228241379 40.376617784871122 39.626988957482062 12.136741443167184 0.27272724837660445 29.087082019616577 1.0000000180025095e-35 26.310657064748696 2.0428422202361629 0.9043443493908857 0.9473682340718711 0.52479499484279835 21.135016910087256 0.40694476248151251 0.79838440557663748 18.681182687805997 1.4825225312708314 1.8954557908114842 16.196228910243011 34.28540705693721 0.22421846842400803 0.28134353247540239
decision_type=2 2 2 2 2 2 2 2 2 2 2 2 2 2 2 2 2 2 2 2 2 2 2 2 2 2 2 2 2 2
left_child=22 2 16 -4 5 11 -7 9 -8 10 -6 -3 -13 15 -15 -9 17 19 -19 -2 27 -22 23 24 26 -26 29 -18 -28 -1
right_child=1 4 3 -5 7 6 8 13 -10 -11 -12 12 -14 14 -16 -17 20 18 -20 -21 21 -23 -24 -25 25 -27 28 -29 -30 -31
leaf_value=0.016820322328768161 -0.003257077862152027 0.027676885382944522 -0.049134748967837663 0.00069891932524364028 0.020857953087019314 0.072696104345945964 0.028437062947137111 0.0015408727233586447 0.0020704497764617385 -0.046281562608101477 -0.033602385723200727 0.015393230061110808 -0.026258414149153964 -0.007205431902436785 0.016169714296716882 0.01718868424899235 0.021634958996484144 -0.032019864094049499 0.00087338071961398612 0.0050468452121517279 -0.0071460149264488048 -0.037313511380438952 -0.019658772407706283 0.055591166324377543 -0.043456761466749982 0.018057862854761655 0.01443304893838236 -0.019361988331000377 0.051628191803317153 -0.02097190801760343
leaf_weight=5.2837741822004336 365.45716680586338 4.9090702980756786 7.6281187683343878 8.2491732835769636 5.7157247960567492 3.4909783229231826 20.516674980521202 479.21930849552155 21.174453742802143 6.60842341184616 5.4984344094991684 7.2712600231170681 14.888708382844923 191.57752813398838 39.918724104762077 52.54468634724617 8.0316604524850828 21.925301536917686 33.515217199921608 218.9995022714138 17.930212020874023 14.700998455286024 5.8504241555929175 4.755854755640029 5.1997577250003797 6.2345895916223526 5.7213798835873586 4.4372515529394141 6.6359363496303558 4.9314514696598053
leaf_count=23 1522 21 33 37 24 17 104 1951 100 27 23 32 63 786 163 216 33 92 140 917 74 64 24 20 21 26 25 20 29 21
internal_value=2.55762e-06 -0.000284731 -0.00244795 -0.0232433 0.001492 0.0102129 0.0195001 0.000685299 0.0150458 -0.0208382 -0.00584459 -0.00528862 -0.0125914 0.00118789 -0.00317467 0.00308706 -0.00196594 -0.00118431 -0.0121351 -0.000145547 -0.0130559 -0.0207371 0.010011 0.014489 0.00874087 -0.00991585 0.0181916 0.00704557 0.034407 -0.00142407
internal_weight=1598.82 1554.21 700.875 15.8773 853.334 72.2511 45.1821 781.083 41.6911 17.8226 11.2142 27.069 22.16 763.26 231.496 531.764 684.997 639.897 55.4405 584.457 45.1001 32.6312 44.6132 38.7627 34.0069 11.4343 22.5725 12.4689 12.3573 10.2152
internal_count=6648 6459 2932 70 3527 337 221 3190 204 74 47 116 95 3116 949 2167 2862 2671 232 2439 191 138 189 165 145 47 98 53 54 44
is_linear=0
shrinkage=0.05


Tree=61
num_leaves=28
num_cat=0
split_feature=5 5 9 9 4 2 3 3 0 5 13 3 5 4 6 3 9 5 2 2 4 4 13 5 5 9 2
split_gain=1.84891 3.2638 5.05987 5.53709 4.00086 3.6836 4.59623 3.35449 2.72286 2.47399 6.09728 5.11225 3.97692 6.31079 5.09159 3.47379 4.66791 5.45463 5.26534 4.42153 2.81825 4.67188 4.47944 2.55806 2.25202 1.98418 1.8139
threshold=0.00078214285714285831 0.00077321428571428398 1.1801004259775496 1.0884352109522917 1.5188780896353586 33.906909767688681 46.823732658122275 59.468448774189348 1.0000000180025095e-35 0.0009749999999999799 49.881297144744941 96.75224739302503 0.00092071428571428274 0.96001703486238388 0.15135134317022755 96.75224739302503 0.58522589786147061 0.0013471428571428725 73.309479195311567 70.449770880109767 0.14225519663849576 0.19259771359776109 37.344088789124875 0.001459642857142856 0.005075714285714311 0.3506579463282678 54.531099906927743
decision_type=2 2 2 2 2 2 2 2 2 2 2 2 2 2 2 2 2 2 2 2 2 2 2 2 2 2 2
left_child=1 2 3 5 7 -1 -7 8 -4 10 11 12 14 -14 -2 20 -17 19 -19 -18 22 25 23 -11 -23 -22 -12
right_child=9 -3 4 -5 -6 6 -8 -9 -10 15 26 -13 13 -15 -16 16 17 18 -20 -21 21 24 -24 -25 -26 -27 -28
leaf_value=-0.048577989139827915 0.021183316447825735 -0.042645975227070108 0.018676173758809124 -0.069927087023853612 -0.026481350571236118 0.024377448716681585 -0.024632918955728292 -0.0045978507016438503 0.065659636733600452 -0.014219128084162886 0.055377254265242253 0.054518606464830033 0.029022172062466156 -0.002097892514876163 -0.0078940710214038291 -0.049786302848930222 -0.0010563831001924792 -0.022159300385691034 0.029139251174533833 -0.056918803618483595 9.5190116961970425e-05 0.00013237277595916759 0.049728418149069101 0.015684344213873703 -0.032198243279169321 -0.035998731221369859 0.016904105076819088
leaf_weight=4.8496611416339936 17.705138966441154 6.2853002697229376 8.0265713185071998 4.5301993191242209 5.5841570794582358 9.7003391385078448 9.4381434768438321 7.8794596940278998 5.00756911933422 10.921895772218706 7.2937146127223951 4.7426417768001548 29.408071830868721 36.522925406694412 100.58283221721649 7.6656060665845862 6.678975433111189 8.1375442743301409 12.98243874311447 7.5422413647174835 5.3880256563425091 1229.6508069857955 6.93643695116043 20.717627502977848 5.4099268168210974 12.981211125850676 5.2824825793504715
leaf_count=21 75 27 35 21 25 42 42 36 21 47 32 20 123 151 420 32 27 33 53 31 23 5077 35 100 22 54 23
internal_value=2.62191e-06 -0.00851264 -0.00461308 -0.0192294 0.0111178 -0.00965503 0.000207984 0.0211572 0.0367267 0.000342342 0.00550604 0.00326242 0.00194285 0.011783 -0.00354182 -0.000437186 -0.0144167 -0.00674495 0.00937388 -0.0306831 2.81489e-05 -0.000381523 0.0133394 0.00536173 -9.24477e-06 -0.0254117 0.0392171
internal_weight=1597.85 61.3014 55.0161 28.5183 26.4978 23.9881 19.1385 20.9136 13.0341 1536.55 201.538 188.962 184.219 65.931 118.288 1335.01 43.0068 35.3412 21.12 14.2212 1292.01 1253.43 38.576 31.6395 1235.06 18.3692 12.5762
internal_count=6648 270 243 126 117 105 84 92 56 6378 844 789 769 274 495 5534 176 144 86 58 5358 5176 182 147 5099 77 55
is_linear=0
shrinkage=0.05


Tree=62
num_leaves=24
num_cat=0
split_feature=2 2 5 5 6 6 2 5 5 5 5 4 9 3 0 9 5 5 5 6 3 2 5
split_gain=1.69255 4.07971 3.56047 7.40793 5.84523 2.79881 2.66469 2.64852 6.8927 4.24918 3.66764 3.16267 2.28248 2.10119 2.07141 3.11913 3.80886 2.70514 2.39481 5.62574 2.84826 1.71004 0.506044
threshold=31.479511867442699 31.885572027046823 0.0020817857142857131 0.002559285714285701 0.91696975115866641 0.9565845205062512 25.165525846926077 0.0011700000000000204 0.0013050000000000167 0.0014521428571428626 0.0011442857142857329 1.8040832091290537 1.0306929218829652 1.8846982040972093 1.0000000180025095e-35 1.966952209926941 0.001161428571428599 0.001295714285714297 0.00097857142857143997 0.9473682340718711 95.696876278938205 27.69757844588111 0.002204642857142836
decision_type=2 2 2 2 2 2 2 2 2 2 2 2 2 2 2 2 2 2 2 2 2 2 2
left_child=2 -2 4 6 7 -6 22 10 12 -10 11 -1 -9 -3 15 17 -17 -15 19 -16 -20 -5 -4
right_child=1 13 3 21 5 -7 -8 8 9 -11 -12 -13 -14 14 18 16 -18 -19 20 -21 -22 -23 -24
leaf_value=2.9609034829849163e-05 -0.040184271730337111 0.024354194437535684 -0.064755014067670078 0.037719190719379687 -0.054373787114214735 -0.0034459113522746147 -0.0069199595684078649 0.055432848579812358 -0.010674197433919572 0.01415746901105485 -0.038043488913011222 0.038012619242246602 0.020906934300371788 -0.0058088256532269136 0.0044146362838443391 -0.00065447163335702568 -0.036875451362397553 0.0013818230213600371 0.00077231380814294704 0.045536795340356359 -0.011181899889910359 -0.0027782562352957011 -0.041521856794938
leaf_weight=46.613468840718269 6.4852120131254187 8.4963673800230008 4.4376323670148867 5.4818761050701124 5.4041299521923047 5.386913537979126 4.8704497367143622 11.094787627458574 23.207739382982254 66.862180761992931 5.6046782135963431 6.2106361091136923 8.4196503013372404 251.64355303347111 118.71025657653809 14.402428030967714 14.631194710731505 272.3586640059948 644.01745946705341 8.94362924993038 54.007173404097557 4.9700035899877548 4.9672077670693398
leaf_count=196 27 36 19 23 23 22 20 48 97 290 23 26 35 1067 493 62 63 1131 2648 37 220 21 21
internal_value=2.61437e-06 -0.000619385 0.0042618 -0.0135214 0.00672107 -0.0289505 -0.0369387 0.00901216 0.0135961 0.00775925 0.000414885 0.00449535 0.0405364 -0.000434419 -0.000587179 -0.00295525 -0.0189077 -0.00207137 0.000998945 0.00729572 -0.000152601 0.0184621 -0.0524843
internal_weight=1597.23 1393.7 203.531 24.7272 178.804 10.791 14.2753 168.013 109.584 90.0699 58.4288 52.8241 19.5144 1387.21 1378.71 553.036 29.0336 524.002 825.679 127.654 698.025 10.4519 9.40484
internal_count=6648 5784 864 104 760 45 60 715 470 387 245 222 83 5757 5721 2323 125 2198 3398 530 2868 44 40
is_linear=0
shrinkage=0.05


Tree=63
num_leaves=31
num_cat=0
split_feature=5 5 13 13 13 5 13 5 4 5 5 13 11 3 9 5 5 4 4 13 8 5 13 4 0 9 3 5 0 5
split_gain=1.69848 3.12783 2.75621 2.51913 2.3644 2.15397 5.59513 3.85939 6.58948 5.24137 4.85904 3.66457 3.15838 2.93947 3.56722 9.86231 5.47074 2.56983 4.20859 4.10266 2.44443 2.3007 2.03694 1.99002 1.85328 2.02994 1.90961 1.78908 1.71223 1.30021
threshold=0.00078214285714285831 0.00072392857142854813 24.39725682002334 34.638060998438313 19.22918253105836 0.0009749999999999799 54.149228771336276 0.00092071428571428274 0.95140259189337761 0.00093571428571429373 0.00090928571428569203 26.310657064748696 1.0000000180025095e-35 97.202660406885641 0.80085434541413814 0.0015671428571428544 0.0015164285714286015 0.14225519663849576 0.19259771359776109 37.344088789124875 -1.0000000180025095e-35 0.001459642857142856 44.539940761595759 0.90968708537999909 1.0000000180025095e-35 1.32375189107409 32.121883917831035 0.0015164285714286015 1.0000000180025095e-35 0.0013632142857142712
decision_type=2 2 2 2 2 2 2 2 2 2 2 2 2 2 2 2 2 2 2 2 2 2 2 2 2 2 2 2 2 2
left_child=1 2 4 24 -1 6 7 10 11 -10 12 -9 -2 17 16 29 -15 19 27 21 -20 -7 28 -12 26 -26 -3 -19 -4 -16
right_child=5 3 22 -5 -6 13 -8 8 9 -11 23 -13 -14 14 15 -17 -18 18 20 -21 -22 -23 -24 -25 25 -27 -28 -29 -30 -31
leaf_value=-0.0046745091353080958 -0.01034675718713182 -0.023735839095496258 -0.037822854005389886 0.0060091895236652941 0.038587962412463449 -0.013391286671618215 0.044667867845847205 0.018464793238490554 0.027388807498946607 -0.013207605143548984 -0.054336028023317884 0.055704428760464275 0.0075131250673957086 0.0036662023554495057 -0.037122284366299711 0.03629490919365104 -0.066155759324547592 -0.039198956466398684 -0.002185734542639383 0.04794031978562216 0.0022565272873743317 0.014977699891662236 0.015003927646433993 -0.014534706687973681 -0.031727064853786048 0.0073862524464617316 -0.068873172839142696 -0.0079781238572117115 0.00057695097888788092 -0.0062382445263260942
leaf_weight=5.4082295298576373 37.283668234944344 5.0549591779708898 6.8426439464092272 7.3548712134361258 7.5910673290491104 10.93452960252762 8.5754700005054456 21.155055671930317 11.348404571413992 26.556354090571404 5.3119359761476499 9.6059089601039869 73.659870564937592 4.7817247658967954 11.227367907762533 9.5861698240041715 6.7879340797662735 9.5146969407796878 640.59157545119524 6.8103954568505278 599.48127050697803 20.631581477820873 5.6183345317840567 7.6826721280813217 8.1867981255054456 5.5769450217485437 4.3680025637149811 8.862894803285597 5.0420877635478973 4.8931166231632224
leaf_count=23 155 22 32 33 33 47 38 89 47 110 22 40 311 20 46 39 28 40 2651 35 2471 100 26 32 34 23 23 37 21 20
internal_value=2.58909e-06 -0.00817665 0.00314863 -0.0194874 0.020589 0.000327801 0.00515059 0.00339113 0.0129 -0.00105334 -0.0018771 0.0300938 0.00151114 -0.000399463 -0.0142426 -0.00386596 -0.0372984 -1.55302e-06 -0.000390236 0.0127442 -3.82375e-05 0.00515066 -0.00980412 -0.0308047 -0.027575 -0.0158787 -0.0446592 -0.0241422 -0.0215318 -0.0277479
internal_weight=1596.33 61.0439 30.5024 30.5416 12.9993 1535.28 201.179 192.604 68.6657 37.9048 123.938 30.761 110.944 1334.1 37.2763 25.7067 11.5697 1296.83 1258.45 38.3765 1240.07 31.5661 17.5031 12.9946 23.1867 13.7637 9.42296 18.3776 11.8847 16.1205
internal_count=6648 270 135 135 56 6378 844 806 286 157 520 129 466 5534 153 105 48 5381 5199 182 5122 147 79 54 102 57 45 77 53 66
is_linear=0
shrinkage=0.05


Tree=64
num_leaves=31
num_cat=0
split_feature=2 4 4 9 2 4 4 2 9 5 2 5 5 2 4 4 5 5 5 9 9 4 0 4 2 2 11 2 4 9
split_gain=1.68234 3.7147 5.86541 5.24155 5.06477 3.99491 4.09372 3.70461 3.6419 9.22507 5.10749 4.33644 3.45349 4.1137 5.60363 3.15584 6.44119 4.4766 3.10334 5.03727 2.56911 4.59222 2.49415 2.29725 5.34558 8.89393 5.04763 4.8805 3.16946 6.69025
threshold=45.291237968802655 1.262556342100343 1.2766009831646465 1.0201119578135704 43.124205505003985 1.3044943732209096 2.2935236122243388 46.510095903421835 1.2468939622623283 0.0014200000000000009 32.995778427250492 0.0018914285714286075 0.0018696428571428616 43.425800514222274 0.52463140409267317 1.5815304545144475 0.0014646428571428729 0.0016025000000000147 0.00094892857142855511 1.4331956664922394 1.2339373658222008 0.56811794018365158 1.0000000180025095e-35 1.3614564748030651 59.822046351636864 48.292740736944658 1.0000000180025095e-35 61.078501879755301 0.62923914953435267 1.2385107413245835
decision_type=2 2 2 2 2 2 2 2 2 2 2 2 2 2 2 2 2 2 2 2 2 2 2 2 2 2 2 2 2 2
left_child=1 4 -3 15 8 -5 -7 18 -1 10 -10 -11 13 -6 -15 17 -17 -4 -2 20 21 -20 -14 28 25 26 -25 -26 29 -9
right_child=7 2 3 5 12 6 -8 23 9 11 -12 -13 22 14 -16 16 -18 -19 19 -21 -22 -23 -24 24 27 -27 -28 -29 -30 -31
leaf_value=0.00080435767067632948 0.015758700079684045 -0.060798549844423538 -0.027273069157676383 -0.039008204337792618 0.046460683263950586 0.0067355706854175385 -0.014189444116041148 0.0011756019902692831 0.032206743980497159 0.076509182920333346 -0.012944163197623551 0.015514047570694129 0.064544906150724876 -0.025429162373874038 0.017905287131163617 -0.00023572379261829814 -0.065906357623655515 0.016143713184828531 0.0055309124588392095 -0.066212375381926189 0.01977048487663596 -0.036370408169943094 0.018409037244047567 0.07123259252897704 0.049290519475354587 -0.011715877695238002 0.0083017330473258103 0.0080135572782289027 -0.0046318495425108543 0.057751469163184077
leaf_weight=325.09732769429684 6.7462856471538535 4.3593448400497428 12.973563492298128 5.837220534682273 7.3435632139444342 134.22922551631927 28.301964893937111 254.62876713275909 9.1253163218498248 7.5260750055313093 19.971664145588875 4.7550111263990402 6.2283421009778959 10.473650947213171 25.927311584353447 6.7443611025810233 8.3651248812675458 10.946534693241118 10.896559432148935 5.3066044002771369 4.8827751278877249 16.351077452301979 5.5308035314083099 5.1289355754852268 7.6184944659471503 79.099858805537224 8.4131619036197662 119.31749652326107 438.25744047760963 5.3348852992057791
leaf_count=1386 28 18 54 24 31 553 121 1057 39 32 83 20 26 44 107 28 35 45 45 22 20 67 24 21 31 332 35 489 1809 22
internal_value=2.40125e-06 0.00200262 -0.00340123 -0.00219479 0.00471438 0.00163226 0.00309185 -0.00131531 0.0025826 0.0165538 0.00121594 0.052893 0.01879 0.0123235 0.00543666 -0.0187042 -0.0365932 -0.00740428 -0.015457 -0.0210822 -0.0136286 -0.0196137 0.0428453 -0.000634517 0.00382618 -0.00530573 0.0321362 0.0104909 -0.00203732 0.00233663
internal_weight=1595.72 633.736 211.757 207.398 421.979 168.368 162.531 961.982 366.475 41.3781 29.097 12.2811 55.5037 43.7445 36.401 39.0296 15.1095 23.9201 44.1833 37.437 32.1304 27.2476 11.7591 917.799 219.578 92.642 13.5421 126.936 698.221 259.964
internal_count=6648 2670 878 860 1792 698 674 3978 1560 174 122 52 232 182 151 162 63 99 182 154 132 112 50 3796 908 388 56 520 2888 1079
is_linear=0
shrinkage=0.05


Tree=65
num_leaves=30
num_cat=0
split_feature=2 4 4 3 2 4 4 2 0 2 4 3 2 5 5 5 4 4 3 5 5 5 3 11 3 2 3 5 4
split_gain=1.65093 3.50209 4.6381 4.27974 3.946 2.73067 2.94755 3.98637 3.4484 2.52087 3.88001 3.33037 2.17556 2.1644 11.1384 5.86968 7.87684 4.52656 2.59876 2.11127 3.67936 1.82857 3.31216 2.8193 2.15047 2.51832 1.51109 0.347676 0.328161
threshold=75.903347251829857 0.52035610873923099 0.58787129411818728 88.944930769418292 78.797530524640578 2.3863032303732026 2.1663111332385236 33.173040864482957 1.0000000180025095e-35 80.639322726609876 1.3044943732209096 77.226757146603134 56.012773127240969 0.002559285714285701 0.0025239285714285563 0.0038596428571428614 0.74910253853427811 1.2915162242203704 4.0974613660682895 0.0019650000000000188 0.0013978571428571571 0.0012171428571428613 68.691575721361218 1.0000000180025095e-35 46.094434155934799 26.972134363238485 82.24630147689092 0.0012714285714285744 0.41566175293005742
decision_type=2 2 2 2 2 2 2 2 2 2 2 2 2 2 2 2 2 2 2 2 2 2 2 2 2 2 2 2 2
left_child=5 3 -3 26 19 6 13 -8 27 10 -6 -11 -10 14 18 17 -17 -15 -1 20 -4 23 24 -7 25 -23 -2 -9 -5
right_child=1 2 4 28 9 21 7 8 12 11 -12 -13 -14 15 -16 16 -18 -19 -20 -21 -22 22 -24 -25 -26 -27 -28 -29 -30
leaf_value=0.013201448845991193 -0.019834427127915388 0.044583213960599631 -0.03210086965093753 -0.052604879035620826 -0.0027886313973485531 -0.0013526663893846109 0.048597211882142131 -0.0070579331696369032 -0.00081927934367773808 -0.040493903919627303 0.047713570701984273 0.00079922531842317702 0.04187730432846689 0.0092871893009465589 -0.068713116801405003 0.026843828465656746 -0.041638738769633116 0.043662204464925226 -9.1430266737288677e-06 -0.047526720891308438 0.0080268706523723178 -0.034309328116435688 0.020667664529109151 -0.054389649514521569 -0.039196408647436259 0.0070631610254637284 0.020128399356765515 -0.02628345227432894 -0.035243261650921592
leaf_weight=38.347044453024864 4.6603142470121401 5.1306738257408133 12.178122565150266 6.437995567917822 8.4749568402767164 4.5514985620975477 7.3042105138301876 4.6096963286399841 5.2496352046728134 5.3379198461771002 6.8994017690420142 57.280918031930923 6.9114169478416443 42.010283634066582 5.8596067726612082 6.7293590605258968 11.166063502430914 12.40466585755348 1274.872762195766 5.5979821085929862 10.759466320276259 5.4005282670259538 8.465862572193144 5.5745419412851334 6.9300982356071463 11.532679706811903 4.8037267178297043 4.8004685789346695 4.7150991410017014
leaf_count=168 20 21 50 27 35 20 31 20 23 22 28 236 28 176 24 30 45 51 5306 23 44 22 35 24 30 49 20 20 20
internal_value=2.30906e-06 -0.00534694 -0.00185104 -0.0242802 -0.00408743 0.000486052 0.000859564 0.0166712 0.00586072 0.00173334 0.0198748 -0.00272079 0.0234462 0.000531427 6.97066e-05 0.00895409 -0.0158867 0.0171235 0.000376617 -0.0199967 -0.0132779 -0.0120091 -0.00620173 -0.0305503 -0.015734 -0.00613182 0.000449773 -0.0168656 -0.0452651
internal_weight=1595 132.277 111.659 20.6171 106.529 1462.72 1420.27 28.8754 21.5712 77.9932 15.3744 62.6188 12.1611 1391.39 1319.08 72.3104 17.8954 54.4149 1313.22 28.5356 22.9376 42.4552 32.3292 10.126 23.8633 16.9332 9.46404 9.41016 11.1531
internal_count=6648 546 459 87 438 6102 5922 122 91 321 63 258 51 5800 5498 302 75 227 5474 117 94 180 136 44 101 71 40 40 47
is_linear=0
shrinkage=0.05


Tree=66
num_leaves=31
num_cat=0
split_feature=2 0 5 5 5 2 5 4 2 3 8 3 4 4 5 5 2 4 5 5 5 2 4 5 5 4 5 3 2 2
split_gain=1.60525 2.13752 2.50144 2.36252 2.32875 3.71195 2.43095 3.35637 2.22974 2.16369 2.16168 2.15264 2.15237 4.18655 2.76259 6.22884 2.14884 2.1101 2.13704 5.68267 3.25549 2.02698 3.55893 5.1566 4.21466 3.00146 1.79362 1.2995 2.92912 1.1515
threshold=20.771590506259731 1.0000000180025095e-35 0.00078214285714285831 0.00070892857142855297 0.00083142857142854657 42.88968300897303 0.00089142857142859074 1.124991200075093 25.165525846926077 16.890420537407842 -1.0000000180025095e-35 45.731464917512078 1.2497090500998598 1.6983178620848711 0.00099857142857142831 0.0013160714285714227 38.243116471933035 0.04798418983542297 0.0011228571428571401 0.0011403571428571515 0.0010628571428571672 12.365593154439134 1.5429554522542146 0.0011478571428571529 0.0014371428571428276 1.9309639956881879 0.0017264285714285337 57.627288648304777 40.301925487068466 34.899259765675517
decision_type=2 2 2 2 2 2 2 2 2 2 2 2 2 2 2 2 2 2 2 2 2 2 2 2 2 2 2 2 2 2
left_child=21 2 3 27 5 29 7 -6 -8 12 -7 16 14 -14 -3 -16 -5 -11 20 -20 -19 -1 23 -23 -25 -24 -26 28 -2 -4
right_child=1 9 4 11 6 10 8 -9 -10 17 -12 -13 13 -15 15 -17 -18 18 19 -21 -22 22 25 24 26 -27 -28 -29 -30 -31
leaf_value=-0.016485388846998929 -0.016739108261902402 0.047968301463911567 0.018990774806523572 -0.038884046077875531 -0.00017776835621959182 0.01706685763461591 -0.013196445460371815 -0.035525553877533741 -0.00078251993925685217 0.042593654976414444 -0.029505421826793152 -0.058087200149968557 -0.021142106051212476 0.027152071208135876 -0.018367372127245318 0.031257898789466741 0.0058266228144897517 0.0019456276246463894 -0.034918727630622565 -0.00027069625927699626 0.017688309080956619 -0.015932123740209348 -0.03890850077880835 0.068167144279547981 -0.0019669745767247684 0.012902056650327873 0.035236094542344373 -0.025321470381275579 0.034362595129426417 0.052028900899183252
leaf_weight=6.4606739133596411 6.1629398465156573 6.5848188549280158 5.2494987249374407 5.6562655568122846 14.198011651635172 4.8310025632381439 38.572385907173157 12.743030712008474 581.35171177983284 3.0049480721354476 5.14523136615753 4.7355087697505942 11.437729939818384 7.3849669098854056 10.407094866037371 16.114007845520973 5.1197870820760727 183.54538641870022 12.089111626148222 561.00675158202648 39.995692074298859 6.2110584080219295 4.932063162326811 6.81477823853493 5.5257151648402196 6.4523332715034485 7.8312489837408066 4.4741196781396857 5.1453762948513031 5.3002637177705765
leaf_count=27 27 30 22 25 60 21 159 55 2424 16 23 26 48 35 45 78 23 757 49 2306 163 27 20 29 25 27 34 23 22 22
internal_value=2.05268e-06 -0.000265912 -0.00231563 -0.0161317 -0.00166779 0.0149126 -0.00219391 -0.0168972 -0.00155493 0.00141581 -0.00695274 -0.0299892 0.0113059 -0.00219419 0.0189815 0.0117845 -0.0176417 0.000773546 0.000615799 -0.00100158 0.00476229 0.00939464 0.0138218 0.0239043 0.0361703 -0.00954384 0.0198454 -0.00251196 0.00651258 0.0355893
internal_weight=1594.48 1550.26 698.685 31.294 667.391 20.526 646.865 26.941 619.924 851.571 9.97623 15.5116 51.9286 18.8227 33.1059 26.5211 10.7761 799.642 796.637 573.096 223.541 44.2279 37.7672 26.3828 20.1717 11.3844 13.357 15.7824 11.3083 10.5498
internal_count=6648 6459 2932 146 2786 88 2698 115 2583 3527 44 74 236 83 153 123 48 3291 3275 2355 920 189 162 115 88 47 59 72 49 44
is_linear=0
shrinkage=0.05


Tree=67
num_leaves=24
num_cat=0
split_feature=2 9 4 4 2 13 4 9 13 2 9 13 2 4 2 2 13 2 2 4 4 13 9
split_gain=1.50587 4.00953 2.63364 4.54723 3.02712 4.01161 2.48461 3.1742 3.83283 5.40682 2.40013 2.02636 4.2437 1.93354 4.32967 4.70451 4.01861 3.60109 2.64423 2.25226 3.83534 3.69113 1.70224
threshold=75.903347251829857 2.525446239205333 0.52035610873923099 0.58787129411818728 78.797530524640578 29.750772063765815 2.4394013952695239 1.5725244996981365 32.848648225342039 54.894144322286657 0.7864963983576917 19.721935190364302 81.318163635203078 1.9552434489684085 67.573051571813906 32.995778427250492 37.071580940191033 27.939540626107988 75.521737320431114 0.14225519663849576 0.19259771359776109 37.344088789124875 2.080842807543049
decision_type=2 2 2 2 2 2 2 2 2 2 2 2 2 2 2 2 2 2 2 2 2 2 2
left_child=6 2 11 -4 10 -6 13 -8 9 22 -5 12 -2 18 15 17 -17 -15 19 21 -21 -1 -9
right_child=1 -3 3 4 5 -7 7 8 -10 -11 -12 -13 -14 14 -16 16 -18 -19 -20 20 -22 -23 -24
leaf_value=0.0048832144661968037 -0.063255385567774033 0.038365435487807131 0.042126047690200674 -0.046355631354559584 0.0052425566686306012 -0.023249633713412973 -0.040083141541062933 -0.036572747135244277 -0.032061870157602639 0.041418345394889956 -0.011831150685271871 -0.0039086623178304592 -0.0045215767500769158 0.0069441343488843192 0.04419925528712508 -0.010456283907767884 0.021966847073703805 0.052674415548009924 0.035712926971653437 -0.022652961118555751 0.00020122291651255886 0.046185175798496639 0.0016141707876013468
leaf_weight=28.749052673578262 6.6311456412076968 5.0985620468854895 5.1525598913431159 6.6635757982730892 58.413782641291618 15.667499184608458 8.0637786239385587 4.6221505552530342 8.8049439042806608 7.4060538113117209 20.586296930909157 8.15508323907852 5.7355024516582489 9.7778090238571185 7.6371943056583396 40.640577286481857 12.494830101728438 7.6911809444427481 5.2659802436828604 18.623084172606468 1287.1026336178184 6.6632917523384085 7.9167696386575699
leaf_count=135 28 21 21 28 239 66 35 20 38 31 84 35 24 42 31 170 53 32 22 78 5347 35 33
internal_value=2.07598e-06 -0.00511021 -0.00685551 -0.00369468 -0.0060246 -0.000783275 0.000464185 -0.0123607 -0.00458513 0.0075448 -0.0202736 -0.0232565 -0.0360154 0.000795588 0.00843679 0.00456841 -0.00283196 0.0270781 0.000351546 0.0002127 -0.000124738 0.0126547 -0.0124625
internal_weight=1593.56 132.104 127.005 106.484 101.331 74.0813 1461.46 36.8137 28.7499 19.945 27.2499 20.5217 12.3666 1424.65 78.2416 70.6044 53.1354 17.469 1346.4 1341.14 1305.73 35.4123 12.5389
internal_count=6648 546 525 438 417 305 6102 157 122 84 112 87 52 5945 328 297 223 74 5617 5595 5425 170 53
is_linear=0
shrinkage=0.05


Tree=68
num_leaves=18
num_cat=0
split_feature=6 6 6 10 11 9 6 5 5 5 2 13 2 13 4 5 4
split_gain=1.54249 3.42821 3.2744 4.43383 3.26771 5.51111 2.37347 7.6971 7.87855 2.16648 2.04108 6.03921 4.26203 1.47147 1.43 1.32013 1.4307
threshold=1.0000000180025095e-35 0.019139191383070967 0.037617918624470219 1.0000000180025095e-35 1.0000000180025095e-35 0.91381707818982683 0.052631574660323692 0.0016521428571428561 0.0010728571428571534 0.0011982142857142532 85.799635147461387 14.76312464359105 84.692967130245378 20.194978166607225 0.43470423697896599 0.0014850000000000143 1.2975651085672502
decision_type=2 2 2 2 2 2 2 2 2 2 2 2 2 2 2 2 2
left_child=14 4 3 15 5 -2 7 8 -4 -6 12 -12 -8 -5 -1 16 -3
right_child=1 2 6 13 9 -7 10 -9 -10 -11 11 -13 -14 -15 -16 -17 -18
leaf_value=0.034041350279235626 -0.029716844592659698 0.0022367790853867362 0.014358777502950101 0.011259627642225566 -0.018200592490613534 0.030862107191031725 0.00018369228281427642 0.026493864928595165 -0.05755189894015679 -0.064363152433563275 0.026061249408029386 -0.025253874238644017 0.042907707590118069 -0.025326330690755346 0.00031928634447406874 0.044114770812054199 0.038524883518352947
leaf_weight=6.386682488024233 8.7514545619487745 6.0828150659799594 5.6717454642057481 4.9253530353307742 5.3172460943460464 6.5750266164541253 1461.9597699046135 7.5844716131687155 11.596843004226683 4.869050532579422 7.6045635044574764 23.304689213633537 5.8607081025838843 6.2177181541919708 6.1913215816020966 9.1964385062456113 4.9075784087181091
leaf_count=32 36 25 24 20 22 27 6099 31 49 20 31 96 24 26 26 39 21
internal_value=1.92303e-06 -0.000136878 0.000161415 0.016162 -0.0183167 -0.00372861 -0.00016761 -0.0154926 -0.0339333 -0.0402663 8.65206e-05 -0.0126289 0.000354281 -0.00915496 0.0174422 0.0301369 0.0184406
internal_weight=1593 1580.43 1554.91 31.3299 25.5128 15.3265 1523.58 24.8531 17.2686 10.1863 1498.73 30.9093 1467.82 11.1431 12.578 20.1868 10.9904
internal_count=6648 6590 6485 131 105 63 6354 104 73 42 6250 127 6123 46 58 85 46
is_linear=0
shrinkage=0.05


Tree=69
num_leaves=31
num_cat=0
split_feature=2 9 4 3 3 3 0 3 3 9 6 9 5 6 2 2 5 4 5 12 6 6 6 3 2 3 2 9 2 9
split_gain=1.46373 2.15048 4.05224 3.2551 2.32308 2.1719 1.95459 2.40914 3.81151 2.1302 6.16882 8.24684 3.53322 3.2629 2.05561 3.18058 3.1201 5.20094 6.86876 3.20202 2.50284 2.44314 3.96219 2.42418 2.40584 3.97888 2.84347 1.98052 1.94213 1.75622
threshold=20.771590506259731 0.91381707818982683 0.98055906170960649 5.6486676016837274 15.967445208765652 8.2692271164542692 1.0000000180025095e-35 92.113724826536995 95.696876278938205 0.79449165320710535 0.90980517934161176 0.75623708792975453 0.0014646428571428729 0.97308550620899348 38.472248339420688 40.301925487068466 0.0013775000000000078 0.84622638229474167 0.0017092857142857072 1.0000000180025095e-35 0.18100522587629961 0.38533124829051268 0.79250295238056279 26.374379948100085 42.581375808278572 42.857142857143941 43.124205505003985 1.2468939622623283 59.184139209812834 1.2057012601360098
decision_type=2 2 2 2 2 2 2 2 2 2 2 2 2 2 2 2 2 2 2 2 2 2 2 2 2 2 2 2 2 2
left_child=1 2 5 -3 29 -1 7 9 -9 10 11 -2 -12 28 16 21 19 23 -19 20 -8 -16 -23 -18 25 -17 -26 -15 -11 -5
right_child=6 3 -4 4 -6 -7 14 8 -10 13 12 -13 -14 27 15 24 17 18 -20 -21 -22 22 -24 -25 26 -27 -28 -29 -30 -31
leaf_value=-0.0088934000640122687 0.0012565546702671328 0.045458508937875147 -0.039499262488271791 0.014230449319482259 0.033415698579090554 0.030094944074613147 -0.036983335403094481 -0.047266901046388234 0.0021047601733230241 -0.0060814266045219976 -0.0039419347013819632 0.035132307192709857 -0.042787345666559687 0.0019532751042236922 0.00076057442937008763 0.0015784698745863479 0.066722510177953651 0.044570307280271837 -0.018879107425488602 0.027313994321262872 -0.0005312106036226748 -0.068522285163729754 -0.0056515646410120711 0.023936438190229073 -0.029421712968537014 0.039442538876916705 0.0008502783831622646 0.045420584680835388 0.0051033800264356916 -0.025670147183007391
leaf_weight=7.0516469180583972 236.9120100736618 7.8476782739162472 5.5456997007131568 5.2406259030103701 5.3302029371261588 7.2387774959206581 5.7793059125542667 7.5206809788942328 8.1404280215501768 348.34860669076443 11.943825557827951 19.440147966146469 11.480208694934843 5.3039220571517927 7.7699854671955135 19.768598034977916 6.5441621243953723 6.6757181882858303 11.813864424824713 8.5126751512289029 25.426510468125343 4.9343637526035291 5.0920459777116776 6.6998455822467804 7.8413356393575659 10.690099731087683 723.13410612940788 5.1797527521848679 43.67812679708004 5.8209885954856873
leaf_count=31 990 34 23 22 22 33 26 33 37 1456 50 81 48 22 33 84 39 34 52 39 111 20 21 36 34 45 2953 22 193 24
internal_value=1.89562e-06 0.00898668 -0.00322208 0.0189776 0.00629968 0.010856 -0.000253821 -0.00221491 -0.0216042 -0.00176985 0.00158119 0.00382548 -0.0229802 -0.00409908 0.00135516 0.000610893 0.0094719 0.0211611 0.00402949 0.000132692 -0.00728213 -0.020284 -0.0365926 0.045078 0.00109925 0.0148676 0.000525544 0.0234295 -0.00483526 -0.00676657
internal_weight=1592.71 44.0756 19.8361 24.2395 16.3918 14.2904 1548.63 697.948 15.6611 682.287 279.776 256.352 23.424 402.51 850.683 779.231 71.4521 31.7336 18.4896 39.7185 31.2058 17.7964 10.0264 13.244 761.434 30.4587 730.975 10.4837 392.027 11.0616
internal_count=6648 189 87 102 68 64 6459 2932 70 2862 1169 1071 98 1693 3527 3190 337 161 86 176 137 74 41 75 3116 129 2987 44 1649 46
is_linear=0
shrinkage=0.05


Tree=70
num_leaves=31
num_cat=0
split_feature=2 2 4 4 4 0 4 4 11 9 4 9 4 9 2 5 5 6 5 6 4 5 9 5 10 9 6 4 5 4
split_gain=1.45294 5.19186 3.40578 2.86234 5.57406 2.4639 4.48536 5.06595 7.93121 5.49224 3.92342 3.23038 2.65027 3.19469 3.19146 2.3066 4.2219 4.00708 3.88279 3.85334 6.00021 4.94142 2.89573 2.19774 4.28886 3.43583 3.54116 2.43735 2.95015 2.04339
threshold=44.046856898969601 43.124205505003985 1.3848660165063738 0.67724702586658558 0.46657770182702846 1.0000000180025095e-35 0.31433259634895588 0.62011791279429229 1.0000000180025095e-35 0.37657686573018995 0.14225519663849576 0.44442588827936857 0.71823366276075751 1.0201119578135704 53.760479427779977 0.00078214285714285831 0.00083857142857144253 0.33333326593130913 0.00086642857142857756 0.80519470062407061 0.82595068787754167 0.00073571428571429201 0.36048412744772168 0.00088678571428571897 1.0000000180025095e-35 1.0029246514066217 0.642549337554291 1.1374654670030377 0.00079214285714285248 2.0216544161037495
decision_type=2 2 2 2 2 2 2 2 2 2 2 2 2 2 2 2 2 2 2 2 2 2 2 2 2 2 2 2 2 2
left_child=1 15 3 4 -3 6 10 8 9 -8 -2 -12 14 -14 -9 19 17 -17 -18 20 -1 -22 -20 24 27 26 -26 -7 -29 -25
right_child=5 2 -4 -5 -6 23 7 12 -10 -11 11 -13 13 -15 -16 16 18 -19 22 -21 21 -23 -24 29 25 -27 -28 28 -30 -31
leaf_value=0.033435609291076807 0.0077453072172808521 0.040793265088198687 -0.0063740354167433014 0.041770737315464185 -0.029957401853728995 0.034758915664611027 -0.034344481016388123 -0.0077678946290299757 -0.053143527848647149 0.017970623625044244 -0.072508793329804117 -0.02229061587157059 0.0030426756573105418 -0.010347712475317803 -0.046198522030036451 0.055478870022607644 -0.032476905698163749 0.0053713801478918683 0.01888386549991701 -0.054978198549990989 0.0041328618373131674 -0.052758234351554384 0.00043553750708149539 -0.0011240653114690871 -0.055352035389894583 0.022757931742247443 0.0029744708958838245 -0.011266585079416276 0.024779497172934456 0.0096911654295336377
leaf_weight=7.0078996121883455 5.2195710241794613 6.2328937500715274 9.1915969550609571 16.797156572341919 5.0308964103460312 15.124142393469809 5.5027693361043921 13.21574577689171 4.8320745527744284 56.818784162402153 5.5444881916046125 7.5809845924377441 71.731428280472755 117.51995608210564 9.1373519003391248 6.8954654186964062 8.6772449314594251 9.4688393622636777 22.265135355293751 4.6374899893999091 8.1811299622058851 7.1548764258623114 476.30149213969707 606.42486064136028 5.6050596386194211 4.8171320706605902 4.8574703931808472 10.133228510618212 12.905740380287169 47.063181579113007
leaf_count=31 23 27 38 70 21 63 23 55 21 236 24 32 304 517 41 30 36 39 104 21 35 31 2005 2471 23 20 20 42 54 191
internal_value=2.18218e-06 0.00197634 0.0200413 0.0286939 0.00919295 -0.00115365 -0.00497435 -0.00339833 0.00856671 0.0133514 -0.0289224 -0.0435039 -0.00719549 -0.00527239 -0.0234773 0.000754078 0.00148871 0.0264853 0.000682293 -0.0135024 -0.00489412 -0.0224092 0.00125941 0.000452082 0.0102007 -0.0121845 -0.0282726 0.0191633 0.00892535 -0.000345169
internal_weight=1591.88 587.842 37.2525 28.0609 11.2638 1004.03 297.103 278.758 67.1536 62.3216 18.345 13.1255 211.604 189.251 22.3531 550.59 523.608 16.3643 507.244 26.9814 22.3439 15.336 498.567 706.931 53.4428 15.2797 10.4625 38.1631 23.039 653.488
internal_count=6648 2488 156 118 48 4160 1276 1197 280 259 79 56 917 821 96 2332 2214 69 2145 118 97 66 2109 2884 222 63 43 159 96 2662
is_linear=0
shrinkage=0.05


Tree=71
num_leaves=18
num_cat=0
split_feature=13 5 5 5 6 6 6 13 13 9 9 9 2 13 2 9 13
split_gain=1.5098 2.01725 4.36656 3.0662 1.63706 3.31881 2.55842 2.34636 5.73379 2.30606 7.05465 2.1798 2.05617 5.84091 3.90255 1.20907 0.743928
threshold=61.604533345418311 0.0018792857142856947 0.0012764285714285675 0.0009535714285714347 1.0000000180025095e-35 0.019139191383070967 0.037617918624470219 31.10983679836135 20.309796363840341 0.98440132658345736 0.77106837990307964 1.4421076436000826 85.799635147461387 14.76312464359105 84.692967130245378 1.0618396946995079 25.118424175187716
decision_type=2 2 2 2 2 2 2 2 2 2 2 2 2 2 2 2 2
left_child=4 2 3 -2 16 7 9 8 15 10 -7 -11 14 -14 -8 -6 -1
right_child=1 -3 -4 -5 5 6 12 -9 -10 11 -12 -13 13 -15 -16 -17 -18
leaf_value=0.030593957992916872 0.02902323360477126 -0.013411818590516093 0.057762004709877496 -0.021340922650547722 -0.023012924449956663 0.026158956362324095 -0.00022298728814661704 0.0033962135425624528 -0.065422413302438212 0.050930058660773984 -0.040289433595187774 0.010408605285271979 0.02475562831116003 -0.025822111747157046 0.040665908784254967 0.011851968368808016 0.0057742410807880874
leaf_weight=6.0228084921836835 6.1153760105371529 5.6278132349252692 5.533125400543212 5.9743475243449211 4.9054600447416359 11.105817735195165 1463.7729353532195 8.191394776105879 6.6084649860858908 6.4066577851772291 6.2378993034362784 6.8860234320163727 7.6094180345535305 22.846955969929695 5.8588476032018653 5.0430639088153839 6.0536606982350349
leaf_count=28 29 25 24 26 20 46 6109 34 27 27 26 29 31 94 24 21 28
internal_value=1.96355e-06 0.0126498 0.0209724 0.00413491 -0.000185635 -0.000328008 -3.43416e-05 -0.0184917 -0.0293206 0.0142693 0.00225991 0.0299387 -0.000326466 -0.0131854 -5.99792e-05 -0.00533936 0.0181524
internal_weight=1590.8 23.2507 17.6228 12.0897 1567.55 1555.47 1530.72 24.7484 16.557 30.6364 17.3437 13.2927 1500.09 30.4564 1469.63 9.94852 12.0765
internal_count=6648 104 79 55 6544 6488 6386 102 68 128 72 56 6258 125 6133 41 56
is_linear=0
shrinkage=0.05


Tree=72
num_leaves=27
num_cat=0
split_feature=13 13 6 5 4 5 5 5 2 5 4 6 5 5 4 2 9 6 13 4 13 2 13 13 9 6
split_gain=1.38407 3.49215 3.33783 4.4901 5.05221 4.10031 3.00388 2.99389 2.60396 2.1653 1.77567 5.82798 6.03729 6.51849 5.06337 6.07256 6.33061 3.98151 3.4932 7.66971 5.10161 2.97818 8.5458 5.21753 2.60431 1.32527
threshold=10.163275430723868 10.55513909502452 0.84864860277578147 0.0011700000000000204 0.58787129411818728 0.0014039285714285701 0.0013099999999999542 0.0013010714285714116 49.102437677023083 0.0020164285714285783 0.62923914953435267 0.30232552866407797 0.0010671428571428381 0.0013160714285714227 0.71313456384245499 59.56939115326152 0.91381707818982683 0.81846584218259688 45.660957736330566 0.29230859610409415 25.627827723947174 62.917948159260426 15.657518503713938 49.881297144744941 0.5477857225233882 0.57534240664297298
decision_type=2 2 2 2 2 2 2 2 2 2 2 2 2 2 2 2 2 2 2 2 2 2 2 2 2 2
left_child=2 6 3 4 -1 7 -2 25 -7 -10 11 12 24 -14 15 16 -12 -17 20 -20 -13 23 -23 -16 -3 -5
right_child=1 10 -4 5 -6 8 -8 -9 9 -11 14 18 13 -15 21 17 -18 -19 19 -21 -22 22 -24 -25 -26 -27
leaf_value=-0.058687369099817491 0.058077248435392838 0.055598852998077611 -0.035097807177643922 0.027138733483737333 -0.0013949870454764257 0.017179564229222705 0.0079360800084435218 0.057652452260869659 -0.037282310745570008 -0.000263590428459267 -0.011003178603131736 -0.0050246118002711124 -0.014446110649000614 0.014196775423161915 -0.002608595823638574 -0.037345643353213068 0.024851788491095997 0.00078508109002091908 0.018287512976223785 -0.030535667023358661 0.0089632381037174271 0.024529731619235128 0.00052913772476601462 0.014732763975324421 0.021694064112626935 -0.007452575753441478
leaf_weight=6.5445703417062751 4.7008133977651587 9.0030872225761431 9.1759583353996259 6.0486070960760134 9.338701590895651 7.5677103251218822 8.1929261982440931 5.0666275620460501 7.7802464067935935 8.0241596549749357 52.872606590390205 149.50329297035933 27.161549463868141 73.925718486309052 679.18858829140663 27.497651398181915 16.047249108552933 9.1154701560735685 11.710554994642733 25.690576687455177 115.5772942379117 45.093641340732574 208.94887173175812 46.333949968218803 15.270417585968969 5.1066305190324783
leaf_count=27 20 40 39 25 39 32 34 21 33 33 220 626 114 316 2826 114 67 38 54 108 492 183 861 199 66 21
internal_value=1.98478e-06 0.000305601 -0.00716345 -0.0025431 -0.0250018 0.00646631 0.0262166 0.0257799 -0.00693864 -0.0184873 8.47799e-05 0.00281271 0.0118775 0.0065006 -0.000990813 -0.0113967 -0.00265473 -0.0278523 -0.000944094 -0.0152488 0.0010742 0.000130258 0.00478935 -0.00150113 0.0342694 0.0113036
internal_weight=1590.49 1525.83 64.6532 55.4773 15.8833 39.594 12.8937 16.2219 23.3721 15.8044 1512.94 427.842 125.361 101.087 1085.1 105.533 68.9199 36.6131 302.482 37.4011 265.081 979.565 254.043 725.523 24.2735 11.1552
internal_count=6648 6378 270 231 66 165 54 67 98 66 6324 1816 536 430 4508 439 287 152 1280 162 1118 4069 1044 3025 106 46
is_linear=0
shrinkage=0.05


Tree=73
num_leaves=28
num_cat=0
split_feature=2 9 6 6 6 3 2 5 13 13 2 3 5 13 6 13 2 13 2 6 5 5 5 3 3 2 3
split_gain=1.36147 3.63133 2.57211 4.81395 4.14388 3.86626 3.68512 3.25844 3.2432 3.03071 2.7334 2.08776 4.40107 2.76979 3.72919 3.673 2.22987 5.45891 9.42185 5.62274 4.06129 6.96718 4.455 3.95475 6.16094 3.54386 3.0345
threshold=75.903347251829857 2.525446239205333 0.82623789039989182 0.96666655388901557 0.6246386126246396 93.311036170952676 77.788319628929045 0.0013471428571428725 29.563998888034167 23.671551691847949 77.401995870221825 96.75224739302503 0.0010207142857142481 23.363893652839575 0.91982132618268075 37.831896978763154 66.880993506832553 34.417017204414542 68.106586887074471 0.47988434044159667 0.0010575000000000131 0.0015103571428571568 0.00099857142857142831 95.696876278938205 92.113724826536995 56.185784048923729 83.050914992513654
decision_type=2 2 2 2 2 2 2 2 2 2 2 2 2 2 2 2 2 2 2 2 2 2 2 2 2 2 2
left_child=11 2 4 7 5 10 -6 -4 -8 -9 -2 16 -13 14 -14 -15 23 20 -19 -20 22 -22 -18 24 26 -26 -1
right_child=1 -3 3 -5 6 -7 8 9 -10 -11 -12 12 13 15 -16 -17 17 18 19 -21 21 -23 -24 -25 25 -27 -28
leaf_value=-0.00034985406780051344 -0.034924481999935607 0.036625883461458529 -0.010438038065201596 -0.027186118841126788 -0.063299834087077331 0.036645771635938434 -0.0077216367923936885 0.038623524990289961 -0.049063624995113631 -0.0052633160999874451 -0.0027437085974103201 0.031546471688555421 -0.0089817443380136221 0.016930638320038355 -0.066165279062880056 -0.039082789320058195 0.0028774745713873325 0.036874708069372403 0.0034406417266776932 -0.050624501117967582 0.027907871133989865 0.0024732472145601505 -0.050648065459433095 0.042976907463652264 -0.064825055183964295 -0.01567701220947397 0.010196115701279488
leaf_weight=1173.5744015648961 7.7271946668624869 5.0697867870330802 8.8553422838449496 9.0708948075771314 5.4394791722297695 5.4880764037370673 19.152747765183452 13.87050683796406 6.3056772649288169 5.4912064820528022 45.177506014704704 4.6376845091581371 5.3610523790121096 7.4119429290294629 6.0897287130355835 4.8363907635211945 18.667397737503055 6.8511224687099483 7.5993255078792599 13.096987709403036 51.60617296397686 56.295313760638237 4.9099482744932166 5.3327831029891959 4.9180897921323803 14.427351012825964 72.4201989620924
leaf_count=4930 32 21 37 39 23 23 79 57 27 23 185 20 22 30 25 20 79 28 31 54 210 230 20 22 21 60 300
internal_value=1.96797e-06 -0.00486765 -0.00652957 0.00449987 -0.0111355 -0.00330019 -0.0259431 0.0146859 -0.0179614 0.0261767 -0.00744399 0.000441654 -0.0129975 -0.0217144 -0.039393 -0.00518689 0.00070802 0.00628976 -0.0139486 -0.0307727 0.0105301 0.0146379 -0.00826914 9.4582e-06 -0.000171628 -0.0281717 0.000263103
internal_weight=1589.68 131.648 126.579 37.288 89.2907 58.3928 30.8979 28.2171 25.4584 19.3617 52.9047 1458.04 28.3368 23.6991 11.4508 12.2483 1429.7 159.026 27.5474 20.6963 131.479 107.901 23.5773 1270.67 1265.34 19.3454 1245.99
internal_count=6648 546 525 156 369 240 129 117 106 80 217 6102 117 97 47 50 5985 652 113 85 539 440 99 5333 5311 81 5230
is_linear=0
shrinkage=0.05


Tree=74
num_leaves=19
num_cat=0
split_feature=13 4 0 5 6 6 6 10 13 13 13 13 4 6 5 4 8 4
split_gain=1.40171 4.37537 2.06231 2.03188 1.40365 3.06212 2.27878 3.56732 2.10561 5.16496 1.93072 4.05055 2.99004 1.38331 1.21149 0.892762 0.611133 0.531705
threshold=61.604533345418311 0.44254918845406738 1.0000000180025095e-35 0.00098928571428569278 1.0000000180025095e-35 0.019139191383070967 0.037617918624470219 1.0000000180025095e-35 31.10983679836135 20.309796363840341 10.163275430723868 10.55513909502452 1.4140672506372902 0.02603048842711753 0.0014850000000000143 0.43470423697896599 -1.0000000180025095e-35 0.96001703486238388
decision_type=2 2 2 2 2 2 2 2 2 2 2 2 2 2 2 2 2 2
left_child=4 -2 3 -3 15 8 7 14 9 17 12 -12 -8 -9 -7 -1 -5 -6
right_child=1 2 -4 16 5 6 10 13 -10 -11 11 -13 -14 -15 -16 -17 -18 -19
leaf_value=0.030414591983595685 0.058652129959250676 0.021465796130943349 0.03142022541957875 -0.007747702813836934 -0.017091765423452313 0.015015079055826731 -0.013704058791388078 0.0085363018645170565 0.0029528900837320713 -0.062454984118909901 0.029727618133316782 -0.00016487738587783816 0.01547653883034548 -0.026740375228349024 0.040086963347737807 0.0031013479745484692 -0.032353392833109208 0.0060472522207612499
leaf_weight=6.0369710400700551 4.1608217060565975 4.3288884162902859 4.5436912924051276 5.2980362474918392 4.8775517791509682 10.598432660102846 52.770330056548119 5.5584075450897235 8.187288820743559 6.5702854394912711 11.423488989472387 1424.2682365104556 10.530458107590674 5.5575090795755386 8.8345097005367261 5.9310737103223801 4.8187097460031465 5.0563964992761612
leaf_count=31 20 20 22 22 20 44 221 23 34 27 48 5945 44 23 38 25 20 21
internal_value=1.58531e-06 0.012215 0.00203997 -0.00720122 -0.000178942 -0.000310292 -2.8313e-05 0.0134906 -0.0177777 -0.0280616 -0.000303824 7.29707e-05 -0.00884969 -0.00910061 0.0264131 0.0168788 -0.0194676 -0.00531397
internal_weight=1589.35 23.1501 18.9893 14.4456 1566.2 1554.23 1529.54 30.5489 24.6915 16.5042 1498.99 1435.69 63.3008 11.1159 19.4329 11.968 10.1167 9.93395
internal_count=6648 104 84 62 6544 6488 6386 128 102 68 6258 5993 265 46 82 56 42 41
is_linear=0
shrinkage=0.05


Tree=75
num_leaves=19
num_cat=0
split_feature=2 2 3 3 13 13 3 2 13 3 3 0 4 10 4 13 12 13
split_gain=1.36716 3.55002 2.78908 4.35743 3.64769 4.92993 4.90017 2.01895 4.57893 1.78296 1.74672 1.5578 2.33479 2.54255 2.42464 1.825 6.64373 5.31912
threshold=31.479511867442699 31.885572027046823 36.652920266664161 34.51854193004754 41.101657707380426 38.601684892963966 29.153062557136408 24.195452511347792 49.070100777525219 19.697864606998369 1.8846982040972093 1.0000000180025095e-35 0.24512304115904363 1.0000000180025095e-35 0.14225519663849576 29.087082019616577 1.0000000180025095e-35 26.310657064748696
decision_type=2 2 2 2 2 2 2 2 2 2 2 2 2 2 2 2 2 2
left_child=2 -2 3 4 5 6 -1 8 -6 -9 -3 12 14 -14 -12 17 -17 -13
right_child=1 10 -4 -5 7 -7 -8 9 -10 -11 11 15 13 -15 -16 16 -18 -19
leaf_value=0.0029667716574713001 -0.037616619905438478 0.022408316611719586 0.032928952089117579 -0.045370516646139357 -0.014276062089651939 0.048274451641391936 0.041532605196631017 -0.0083707426483517009 0.047323346543923568 -0.036746265837188513 -0.00061466592502912884 0.00080046918812739533 -0.0040299416748285979 0.0037141480753620608 -0.030602652439519692 -0.0064156785866298742 0.014384613620605566 0.016763785761535997
leaf_weight=135.86279508471489 6.4323568344116202 8.3542414903640729 7.9205064773559561 4.6101041585206977 9.6948539763689023 6.9980709701776496 8.7681065127253515 14.731029510498049 4.3796928822994223 8.8689927458763105 12.428766474127771 506.2305606752634 375.04732123017311 147.74483543634415 14.727922216057776 210.97643951326609 46.928779527544975 58.180962853133678
leaf_count=580 27 36 34 20 41 30 38 63 20 38 55 2076 1593 613 62 882 197 243
internal_value=1.65309e-06 -0.000557826 0.00384653 0.00265864 0.00382829 0.00728795 0.00530479 -0.0100958 0.00489233 -0.0190344 -0.000385168 -0.000523933 -0.00258392 -0.00184141 -0.0168781 0.000853747 -0.00263083 0.00244601
internal_weight=1588.89 1387.05 201.834 193.914 189.304 151.629 144.631 37.6746 14.0745 23.6 1380.62 1372.27 549.949 522.792 27.1567 822.317 257.905 564.412
internal_count=6648 5784 864 830 810 648 618 162 61 101 5757 5721 2323 2206 117 3398 1079 2319
is_linear=0
shrinkage=0.05


Tree=76
num_leaves=29
num_cat=0
split_feature=3 3 6 9 6 6 9 13 13 12 9 13 4 6 4 9 9 13 13 6 13 0 13 4 4 9 3 6
split_gain=1.35462 4.48128 4.00679 6.70203 7.96975 4.83391 3.67315 3.30045 3.86916 5.69133 7.12829 4.03664 3.6268 4.98658 4.85161 3.3629 3.58523 3.29622 3.84227 5.49441 3.54835 2.94747 4.12446 2.74753 2.43553 2.23726 3.39346 1.4824
threshold=47.267036562811292 47.73030303030324 0.9473682340718711 1.1125827814569955 0.98843883420594836 0.91325246159197548 0.60432916335381781 9.7237512720838666 13.534763452008784 1.0000000180025095e-35 1.0618396946995079 13.07740509245672 0.64319559953600736 0.9254193886200911 0.66613616639502715 0.50032583696598187 0.7864963983576917 38.083818324639346 30.408766136336141 0.75925915380635323 14.998409901341978 1.0000000180025095e-35 40.661216438758387 0.79165089616497075 1.6983178620848711 0.62206535371084326 33.967433445336553 0.96338489229943003
decision_type=2 2 2 2 2 2 2 2 2 2 2 2 2 2 2 2 2 2 2 2 2 2 2 2 2 2 2 2
left_child=2 -2 5 4 6 17 -4 15 9 11 -11 -9 13 -10 -14 -3 -17 18 20 -20 -1 22 -19 -18 -23 -7 -27 -8
right_child=1 7 3 -5 -6 25 27 8 12 10 -12 -13 14 -15 -16 16 23 21 19 -21 -22 24 -24 -25 -26 26 -28 -29
leaf_value=-0.0065327214602076758 -0.043210988020696173 0.01666292763036192 -0.0094791196396649263 0.056057310193016421 -0.039283598184977751 -0.05320519339833673 0.016663232389438312 0.00027030303799051146 0.0067207257155034632 0.076524046824811578 -0.0035811652165690117 0.039467080005142825 -0.032527666139264541 -0.019806180180711213 -0.0029945423335294426 -0.050795071185460866 0.017436828925528097 0.025548261084538955 -0.014224100291571571 0.018840484763078751 0.0039208330588858002 0.015284449929989683 -8.6780031264595018e-05 -0.025601804216677921 0.052082164552443203 -0.038176983282272065 0.017345080107673858 0.051322682998667359
leaf_weight=105.03309808671474 6.3564447611570349 6.0217137187719372 6.1158041656017366 8.7150319069623929 7.2175446748733512 5.2056641131639507 5.1137432157993299 60.104654870927334 180.47260405123234 6.5897492915391904 4.8001474589109421 7.3742814213037482 14.302834451198576 19.64456769824028 501.41134069859982 8.7598688304424304 5.5525465756654766 18.917022183537483 84.376694872975349 14.762421101331709 357.42363058030605 26.503828011453155 91.995465591549873 11.163983538746832 5.4154727384448043 6.1927329748868924 4.9531969875097275 7.7765396684408188
leaf_count=439 27 25 26 36 30 22 21 249 752 27 20 30 60 82 2080 36 23 78 355 62 1503 125 387 47 27 26 21 32
internal_value=1.70966e-06 -0.00138949 0.00153436 0.0180706 0.00544626 0.00073279 0.0224324 -0.00106773 -0.000438581 0.0100721 0.0427646 0.00455383 -0.00159662 0.0041167 -0.00381361 -0.0169413 -0.0248841 0.00135664 -0.000368245 -0.00930058 0.00154662 0.00813866 0.00428548 -0.0113061 0.0215276 -0.0261427 -0.0135032 0.0375728
internal_weight=1588.27 832.555 755.718 34.9387 26.2236 720.779 19.0061 826.198 794.7 78.8688 11.3899 67.4789 715.831 200.117 515.714 31.4981 25.4764 704.428 561.596 99.1391 462.457 142.832 110.912 16.7165 31.9193 16.3516 11.1459 12.8903
internal_count=6648 3458 3190 145 109 3045 79 3431 3300 326 47 279 2974 834 2140 131 106 2976 2359 417 1942 617 465 70 152 69 47 53
is_linear=0
shrinkage=0.05


Tree=77
num_leaves=19
num_cat=0
split_feature=4 4 13 13 13 13 9 3 6 5 4 5 3 9 13 13 9 13
split_gain=1.30432 3.10031 4.07341 5.31668 2.75201 5.24023 2.63829 2.11865 2.08703 2.75646 3.75452 2.41027 4.63177 1.97818 6.74632 4.43703 2.94502 2.42773
threshold=2.3863032303732026 2.1663111332385236 20.121602889799199 37.071580940191033 29.750772063765815 25.503161253000641 2.6108585094717642 88.203236271563085 0.40694476248151251 0.0017614285714285568 2.5782148243391547 0.0017521428571428532 57.627288648304777 1.966952209926941 41.758680655529268 14.505228769273698 1.8971923455530406 65.086856919310236
decision_type=2 2 2 2 2 2 2 2 2 2 2 2 2 2 2 2 2 2
left_child=1 6 -3 4 5 -4 13 8 9 10 -2 12 -10 16 15 -15 17 -1
right_child=7 2 3 -5 -6 -7 -8 -9 11 -11 -12 -13 -14 14 -16 -17 -18 -19
leaf_value=-0.00026365029265264765 0.020172225154810399 0.045656295740769064 -0.02915426068747351 0.04452584225818379 -0.038813255862657305 0.041385816110084232 0.026581210601388728 0.015996020168267632 0.01429961890352555 0.0230388733008637 -0.034936398773907473 -0.05342814067143669 -0.040876140777216081 0.022558021544561914 0.035275325259574913 -0.022500150318086429 0.028992637107939031 0.01979316799917237
leaf_weight=1420.4413404166698 4.8481729030609158 8.4057168215513247 5.4852784574031883 6.1021924540400496 5.5419782251119605 5.0628449618816376 9.2342257052659971 7.7219883948564521 7.4425947666168231 7.4209876358509055 8.5259614288806898 5.1644412130117408 7.7791006416082382 6.3059344589710227 7.264781989157199 40.9065972417593 8.7818527519702894 15.249464392662047
leaf_count=5938 20 35 23 27 24 21 39 32 33 31 36 22 34 26 32 169 37 69
internal_value=1.54056e-06 0.000257022 0.0160137 0.00478607 -0.0102853 0.00470328 -6.2649e-05 -0.00803741 -0.012544 -0.00139921 -0.0149593 -0.0239123 -0.0138981 -0.000226788 -0.00957991 -0.016482 0.000125959 -5.0613e-05
internal_weight=1587.69 1538.78 30.598 22.1923 16.0901 10.5481 1508.18 48.9032 41.1813 20.7951 13.3741 20.3861 15.2217 1498.95 54.4773 47.2125 1444.47 1435.69
internal_count=6648 6440 130 95 68 44 6310 208 176 87 56 89 67 6271 227 195 6044 6007
is_linear=0
shrinkage=0.05


Tree=78
num_leaves=18
num_cat=0
split_feature=4 13 5 5 5 13 5 9 9 9 5 6 4 13 13 0 9
split_gain=1.28624 4.70986 1.42847 1.51884 5.76729 5.74781 4.4271 4.28145 8.13362 5.54458 3.01478 7.54724 2.92299 2.54174 2.49969 4.20437 0.659212
threshold=0.076844693090041619 25.202006248139416 0.005075714285714311 0.002224999999999993 0.001942499999999998 15.414153739502511 0.0038596428571428614 0.48095248886473446 0.40134016554985164 0.70036453795906661 0.001833928571428556 0.22085470665572285 1.3487569192517974 61.604533345418311 16.959974370038548 1.0000000180025095e-35 0.43365440794883309
decision_type=2 2 2 2 2 2 2 2 2 2 2 2 2 2 2 2 2
left_child=1 16 3 4 10 6 12 8 -6 -9 13 -12 -5 -2 -7 -16 -1
right_child=2 -3 -4 5 7 14 -8 9 -10 -11 11 -13 -14 -15 15 -17 -18
leaf_value=0.0048040808080202762 -0.00037713276212334405 0.04816464374572528 -0.025360507090324221 0.021157597240397043 -0.018723188922231741 -0.025834142671904387 -0.017821872654200221 -0.033236081060206389 0.046569696008247161 -0.0076452827551315543 0.043391479595954012 0.0015817410540439861 0.058531394155349317 0.018892443101918833 -0.009924623467250435 0.010362671629301819 -0.021597535603195533
leaf_weight=4.908380560576914 1213.5299268141389 6.1927603408694258 5.5947014391422263 25.943435952067375 10.547778531908991 9.2924218177795392 6.0706491917371741 29.465518623590469 8.7070400863885862 75.146136492490768 14.081944614648817 46.225432194769382 6.5530147403478614 17.357794433832169 46.401885226368904 56.798878997564316 4.5615486055612564
leaf_count=25 5072 35 23 107 45 38 25 121 36 311 61 193 27 79 193 236 21
internal_value=1.4546e-06 0.014259 -0.000140627 -5.05329e-05 -0.000559278 0.00471516 0.0213723 -0.0108652 0.0108023 -0.0148533 0.000429387 0.0113444 0.0286941 -0.000105396 -0.00099557 0.00124095 -0.00791325
internal_weight=1587.38 15.6627 1571.72 1566.12 1415.06 151.06 38.5671 123.866 19.2548 104.612 1291.2 60.3074 32.4965 1230.89 112.493 103.201 9.46993
internal_count=6648 81 6567 6544 5918 626 159 513 81 432 5405 254 134 5151 467 429 46
is_linear=0
shrinkage=0.05


Tree=79
num_leaves=31
num_cat=0
split_feature=2 9 5 4 5 2 2 5 9 9 4 6 6 2 9 4 4 13 13 13 5 5 5 13 4 13 5 9 12 2
split_gain=1.30903 3.28295 5.60779 4.18495 4.05879 3.79136 3.61832 3.47238 5.72292 3.36051 3.26134 2.77022 4.08449 2.68435 2.17662 2.16738 2.30361 4.73929 4.82644 2.91628 1.88704 9.99489 5.06617 7.29257 6.90034 2.99938 1.62164 2.79197 2.37309 1.9763
threshold=75.903347251829857 1.3471123154990909 0.0016521428571428561 1.6262275958685766 0.0017092857142857072 80.105795481697598 78.258773228696796 0.0019810714285714254 0.8992631636092393 1.1432037176133332 0.78557039793781325 0.74999993295024547 0.92197639509059504 78.258773228696796 1.9417268953226279 2.3863032303732026 2.1663111332385236 20.121602889799199 34.638060998438313 27.733313647198944 0.002559285714285701 0.0025239285714285563 0.0038596428571428614 17.678110132520768 1.2214132920766669 13.07740509245672 0.0012171428571428613 1.9417268953226279 1.0000000180025095e-35 29.880634285744815
decision_type=2 2 2 2 2 2 2 2 2 2 2 2 2 2 2 2 2 2 2 2 2 2 2 2 2 2 2 2 2 2
left_child=15 2 3 9 6 13 -3 -7 -9 10 -2 -8 -13 -4 -6 16 20 -18 19 -19 21 25 23 -22 -24 -1 27 -17 29 -28
right_child=1 4 5 -5 14 7 11 8 -10 -11 -12 12 -14 -15 -16 26 17 18 -20 -21 22 -23 24 -25 -26 -27 28 -29 -30 -31
leaf_value=-0.0067828360267140099 -0.0090456701474547797 -0.016972663886065727 0.00046575723464477303 -0.064383914754714652 -0.041469436435862733 0.039861798588195163 0.0060657984423504469 0.025520152289429228 -0.031645003147256538 0.019502899299604255 -0.037192315976250619 0.073419983606352351 0.014886087556388199 -0.045002551104765497 0.0014728839486191434 -0.0012689193506925406 0.049343301999443874 0.0039984918409963557 0.037380418555461245 -0.042468459297624751 0.039837515217661101 -0.065407623022488023 0.0065778375615745208 0.001862217461697063 -0.060217492336881041 0.0011404892095552017 -0.0412657805595604 -0.05420717822131757 0.020164437278156297 -0.0056486068645949655
leaf_weight=132.96527148038149 24.362980887293816 5.4175879508256939 8.240054175257681 4.9300193488597861 4.9466444402933103 9.2103384435176867 7.8394011408090618 10.712390899658205 7.4044022709131232 5.8500518500804892 17.818710818886757 5.9974236190319044 5.9242925643920898 5.3560786545276633 7.3139619529247284 4.8647709339857084 7.375162377953532 8.864307641983034 6.8297316431999198 5.4542539417743674 20.107762157917023 5.807022660970687 12.075521618127825 34.049584627151489 5.6876468211412421 1174.3935381993651 4.8321864604949978 5.1035177558660507 7.1255063414573661 20.07502119243145
leaf_count=553 104 22 35 20 20 38 32 44 30 25 74 25 25 22 30 22 31 37 31 23 83 24 52 144 23 4921 20 22 30 86
internal_value=1.57522e-06 -0.00477938 -0.00977162 -0.0205133 0.00773945 0.00412995 0.0192274 0.0148647 0.00215654 -0.0160104 -0.0209356 0.0291518 0.0443326 -0.0174461 -0.0158526 0.00043291 0.000765478 0.0148307 0.00279495 -0.0137018 0.000475829 4.39228e-05 0.00836181 0.0159618 -0.0148096 0.000334645 -0.0107602 -0.028372 -0.00527954 -0.0125586
internal_weight=1586.94 131.324 93.885 52.9618 37.4393 40.9233 25.1787 27.3271 18.1168 48.0317 42.1817 19.7611 11.9217 13.5961 12.2606 1455.61 1413.61 28.5235 21.1483 14.3186 1385.09 1313.17 71.9205 54.1573 17.7632 1307.36 42.001 9.96829 32.0327 24.9072
internal_count=6648 546 392 223 154 169 104 112 74 203 178 82 50 57 50 6102 5922 122 91 60 5800 5498 302 227 75 5474 180 44 136 106
is_linear=0
shrinkage=0.05


Tree=80
num_leaves=31
num_cat=0
split_feature=5 5 9 9 2 3 3 5 13 6 9 9 9 6 13 13 5 5 2 6 13 3 6 6 9 9 2 13 6 5
split_gain=1.29937 2.85895 4.44909 5.06592 3.32943 3.83922 3.24689 1.83261 5.91222 5.48196 6.97827 4.91113 4.84987 4.90763 4.21815 4.28459 3.87793 3.43467 5.8589 6.42873 4.57708 3.78038 2.86864 2.74907 2.63002 2.31477 2.20821 8.37175 2.36833 5.63292
threshold=0.00078214285714285831 0.00077321428571428398 1.1801004259775496 1.0884352109522917 33.906909767688681 46.823732658122275 24.523890083862483 0.0010285714285714184 14.888447898203385 0.38533124829051268 1.289803389324061 0.88407795756783514 1.044566614451512 0.60960057558086944 49.478744507525484 18.914283285494438 0.00092071428571428274 0.0010575000000000131 64.752521660414928 0.64556955896487334 19.015918599457553 53.157081630617434 0.71428561688319203 0.61920120046505434 0.53036897959010376 1.4331956664922394 85.799635147461387 15.28863572058731 0.68235286089963731 0.0011121428571428556
decision_type=2 2 2 2 2 2 2 2 2 2 2 2 2 2 2 2 2 2 2 2 2 2 2 2 2 2 2 2 2 2
left_child=1 2 3 4 -1 -6 -4 8 9 10 -2 22 13 24 15 -14 -15 18 19 20 -9 -21 -11 -13 -10 -16 28 -28 -19 -30
right_child=7 -3 6 -5 5 -7 -8 17 12 11 -12 23 14 16 25 -17 -18 26 -20 21 -22 -23 -24 -25 -26 -27 27 -29 29 -31
leaf_value=-0.045690319333068524 0.029524482819737505 -0.039383181020845641 0.041190494141434358 -0.066883044190599594 0.023382345420593809 -0.02177057910938697 0.0009128510760991591 -0.030915178151959617 0.046688614939153605 -0.027267335481073227 -0.039743076847856128 -0.033786937996530979 0.019197240701238433 -0.013348879797509421 0.052917692406581743 -0.0067828074575058935 0.015838083025476606 -0.0013014934188768864 -0.052211701533774649 -0.068569487270117233 0.021300205323274438 -0.011558220520821519 -0.074008139954052393 0.008984940871543735 0.019550651834140884 0.0042445257794603139 0.030845875652698612 -0.032050778750259898 0.027354073250413686 0.0019555609672161742
leaf_weight=4.7375909239053788 12.746617615222933 6.1920271068811408 6.749733284115794 4.3614056631922713 9.5831962078809756 9.2534960657358152 19.341053515672684 5.4276989251375225 10.870292007923124 7.4638326466083544 5.087180793285369 5.9550956487655666 19.167974978685379 20.620168909430504 5.6014280766248685 92.228262051939964 25.3979382365942 783.55290012806654 8.2535212188959104 5.0056270658969861 18.50849723815918 6.9378896653652191 5.8598506450653076 10.176453381776808 49.960248455405235 4.331669807434082 7.3568045794963863 18.836793154478073 23.184960275888443 373.58716823905706
leaf_count=21 54 27 29 21 42 42 88 23 48 31 21 25 79 87 24 388 105 3273 34 21 77 29 24 42 211 20 30 78 95 1559
internal_value=1.39324e-06 -0.0072025 -0.00351424 -0.0173807 -0.00822245 0.00120104 0.0113327 0.000285649 0.0039775 -0.0121129 0.00976556 -0.0253593 0.00731218 0.01508 0.000471495 -0.00231241 0.00275975 -0.000527514 -0.0142278 -0.00549019 0.00946 -0.0354521 -0.0478243 -0.00680465 0.0244001 0.0316921 -2.63735e-05 -0.0143855 0.000292281 0.0034397
internal_weight=1586.34 60.2185 54.0265 27.9357 23.5743 18.8367 26.0908 1526.12 275.467 47.289 17.8338 29.4552 228.178 106.849 121.329 111.396 46.0181 1250.65 44.1332 35.8797 23.9362 11.9435 13.3237 16.1315 60.8305 9.9331 1206.52 26.1936 1180.33 396.772
internal_count=6648 270 243 126 105 84 117 6378 1159 197 75 122 962 451 511 467 192 5219 184 150 100 50 55 67 259 44 5035 108 4927 1654
is_linear=0
shrinkage=0.05


Tree=81
num_leaves=23
num_cat=0
split_feature=4 13 6 3 9 4 6 5 4 6 9 9 3 13 3 13 3 13 9 3 3 3
split_gain=1.17674 2.33191 2.01192 2.78586 1.73229 5.64042 3.8237 4.06404 3.77647 3.29706 2.8997 4.40828 3.48702 2.25966 2.25127 1.81686 3.1256 2.86382 1.62425 1.46387 1.07231 0.774533
threshold=0.10985849801372735 37.344088789124875 0.79838440557663748 29.508313888712987 0.395001010371207 0.47778924280537621 0.87641583555801816 0.0012285714285714202 0.34523843209145494 0.22085470665572285 0.41517091693453978 0.42228260869561923 70.366150915066143 21.830275269924353 76.859824204940054 9.7237512720838666 48.170459616242546 10.55513909502452 0.36048412744772168 34.28540705693721 58.398182220342974 66.66666666667011
decision_type=2 2 2 2 2 2 2 2 2 2 2 2 2 2 2 2 2 2 2 2 2 2
left_child=1 2 3 -1 5 6 7 8 -2 -7 12 -12 19 -11 -9 16 -13 -17 -15 -6 -4 -5
right_child=4 -3 20 21 10 9 -8 14 -10 13 11 15 -14 18 -16 17 -18 -19 -20 -21 -22 -23
leaf_value=-0.014838115002397312 0.004600102458654459 0.044902506232508257 -0.028438705652351633 0.050131475238028404 0.025729624059881086 0.0059577887494057704 -0.033320951259554109 0.0046659255749679869 0.056251001360537248 -0.060786161408505568 -0.044134318971554398 0.006262256977346151 0.056293769296517339 -0.042485391239457042 -0.022966715019486536 0.018371610254724297 -0.020108776490403549 0.0001841246257845884 -0.0056383891056652081 -0.0082724099675522481 0.0039573375361355223 0.01897917786290074
leaf_weight=4.2792451828718239 7.6014081537723523 4.1412053331732741 5.1324336528778058 4.1492135971784592 5.6418983489274996 5.6718204021453884 7.0687829703092566 27.536941215395927 6.6217282265424728 6.7134410142898586 5.6425094455480567 18.743978515267372 4.8809917569160453 6.1430607885122281 10.065119117498396 21.988082006573677 28.052391692996025 1383.6321744471788 5.8284745067358017 7.2114586532115936 5.0850841999053955 3.8435246199369431
leaf_count=23 33 25 22 23 25 24 30 119 28 28 24 79 20 26 42 93 117 5771 24 30 22 20
internal_value=1.19921e-06 0.010423 0.00407394 0.0177198 -0.00017682 -0.00719412 0.0011755 0.00588071 0.0286467 -0.0274316 0.000219032 -2.53973e-05 0.0203152 -0.037567 -0.00273063 0.000145962 -0.00954603 0.000468631 -0.024546 0.00665256 -0.0123157 0.035151
internal_weight=1585.67 26.6307 22.4895 12.272 1559.04 83.2508 58.894 51.8252 14.2231 24.3568 1475.79 1458.06 17.7343 18.685 37.6021 1452.42 46.7964 1405.62 11.9715 12.8534 10.2175 7.99274
internal_count=6648 135 110 66 6513 354 252 222 61 102 6159 6084 75 78 161 6060 196 5864 50 55 44 43
is_linear=0
shrinkage=0.05


Tree=82
num_leaves=25
num_cat=0
split_feature=2 6 13 9 9 4 9 2 5 9 9 6 2 2 13 13 2 9 2 2 5 13 5 6
split_gain=1.26059 1.99251 2.13426 3.95987 1.77323 1.66911 1.57383 1.54114 3.76735 3.55683 5.45065 4.96327 3.22895 2.33874 3.87639 6.7357 3.75121 3.2511 3.1835 2.59766 1.58959 4.51665 3.58018 1.39858
threshold=20.771590506259731 0.79838440557663748 29.908590165360081 0.99130699439048864 1.2057012601360098 0.82595068787754167 0.64685141271839053 25.165525846926077 0.0021021428571428385 0.77642876261011684 0.62206535371084326 0.3899152173007337 23.638381596206177 31.479511867442699 42.599802831581094 27.733313647198944 29.133781680746626 0.96822209697376282 31.885572027046823 28.274202375969569 0.002224999999999993 43.829083677689368 0.001942499999999998 0.33333326593130913
decision_type=2 2 2 2 2 2 2 2 2 2 2 2 2 2 2 2 2 2 2 2 2 2 2 2
left_child=1 2 4 6 5 -1 -4 8 9 10 -2 12 -11 14 15 19 -17 23 -15 -9 22 -22 -20 -16
right_child=7 -3 3 -5 -6 -7 -8 13 -10 11 -12 -13 -14 18 17 16 -18 -19 20 -21 21 -23 -24 -25
leaf_value=0.020204655305866744 -0.0078221456636046512 -0.018957044434057296 -0.0010403858953365827 0.025428190002184343 0.0067029034462384451 0.058408693032853502 -0.042542990193973701 -0.009267354526570069 -0.044003747960985252 0.024750110835132885 0.05679951620547935 -0.04487100336087603 -0.021704063855438237 -0.035746198328471396 -0.006254062125886091 0.046597273425449101 0.0098711268472119907 0.012569175241022166 -0.00010641837484228594 0.011212628166836637 0.0074160600789503726 -0.023707249210758594 -0.009599440392306027 -0.039869040005470015
leaf_weight=6.882651165127756 8.530091315507887 5.7856150269508353 4.330902040004732 7.8672442585229865 9.1193890273570997 4.8903132677078247 4.8337498903274536 27.475923091173172 6.6888939589262 7.8023453950881976 5.284754514694213 8.774540573358534 7.185785099864006 6.3875865638256064 4.9067623466253307 16.908118382096294 11.808684200048445 8.2111062854528409 1125.8754005879164 35.473284766077995 130.07200247049332 12.804466053843496 108.92909550666809 8.3768810927867872
leaf_count=32 38 24 20 33 39 21 20 117 29 32 23 37 30 27 21 72 53 36 4709 151 540 56 452 36
internal_value=1.22566e-06 0.0083745 0.0125441 -0.000592899 0.0232537 0.036074 -0.0229303 -0.000236203 -0.00943069 -0.0032766 0.0168983 -0.0150056 0.00247851 3.56374e-05 0.00694674 0.011428 0.0314951 -0.0121638 -0.000529411 0.00227357 -0.000366129 0.00462682 -0.000943852 -0.0274522
internal_weight=1585.21 43.7099 37.9242 17.0319 20.8924 11.773 9.16465 1541.5 44.2664 37.5775 13.8148 23.7627 14.9881 1497.23 113.161 91.666 28.7168 21.4947 1384.07 62.9492 1377.68 142.876 1234.8 13.2836
internal_count=6648 189 165 73 92 53 40 6459 189 160 61 99 62 6270 486 393 125 93 5784 268 5757 596 5161 57
is_linear=0
shrinkage=0.05


Tree=83
num_leaves=31
num_cat=0
split_feature=5 5 13 3 3 3 6 5 6 6 13 12 8 9 3 5 10 9 3 6 6 3 13 13 3 12 5 13 13 6
split_gain=1.19173 2.62335 3.34341 2.30101 2.44426 3.54452 2.41309 1.6807 4.91973 3.39344 4.11917 2.85836 1.71306 4.79479 5.55717 4.95361 4.09609 3.91303 5.85926 4.35855 3.76368 4.25599 3.40041 3.6454 3.33068 3.22357 2.41159 1.46182 1.4091 0.574321
threshold=0.00078214285714285831 0.00070892857142855297 24.39725682002334 21.068739205526178 33.24033835169832 50.206371434564623 0.79531749587788469 0.00083142857142854657 0.25272026345795129 0.85196136423770263 22.506347698508552 1.0000000180025095e-35 -1.0000000180025095e-35 0.57689942284052964 95.372962452357356 0.0010985714285713934 1.0000000180025095e-35 1.7152393320225425 27.186754769476149 0.33525082333611544 0.80893433761940525 83.387520918004569 10.163275430723868 17.781666986821453 43.295054156337294 1.0000000180025095e-35 0.0016150000000000175 43.829083677689368 20.365129341605734 0.12426034767686481
decision_type=2 2 2 2 2 2 2 2 2 2 2 2 2 2 2 2 2 2 2 2 2 2 2 2 2 2 2 2 2 2
left_child=1 2 28 -3 -5 -6 -7 8 29 10 -10 -12 17 14 15 -14 -16 20 19 -19 21 -9 24 -24 -15 -20 -22 -4 -1 -2
right_child=7 3 27 4 5 6 -8 12 9 -11 11 -13 13 22 16 -17 -18 18 25 -21 26 -23 23 -25 -26 -27 -28 -29 -30 -31
leaf_value=0.009943450560862991 0.029352528627214821 0.0068218887681591308 -0.02165837471573908 -0.049220695538089283 0.012378012754050646 -0.047412275821898948 -0.0027052069778187846 0.00020840523278227303 0.026474156214418544 0.03537509086977024 -0.033956218355589061 0.012444959554960344 -0.024174471058612496 0.021591603200163345 -0.072578184706646232 0.00040323261217588909 -0.012555827119744088 -0.0089334790566977049 -0.042022918983958768 0.032599164355953635 0.049031880046504245 -0.014575401397335716 0.011693345561114482 0.0023186195018611937 -0.025456676721703261 -0.0007097842848117215 0.0019180465388978947 0.010545167546884256 0.0487180581066834 0.054082839648926767
leaf_weight=4.718834802508356 4.5742622166872007 8.7522983402013761 8.9549524188041669 6.5666410326957729 7.8004710376262691 7.9231059327721578 4.8756669759750366 595.64156775176525 6.2314836233854356 5.5527340769767752 12.059405326843263 4.5792002677917472 24.033539488911629 4.7963979542255428 5.1020111143589002 139.48641975224018 6.4178492575883865 38.847094334661961 19.394588425755504 7.5435238629579535 6.2149937003850919 53.014896869659424 137.67239287495613 420.19855846464634 17.437683895230293 6.2411782145500174 4.8245518505573273 5.8104056417942038 4.6539051830768585 4.8229708522558212
leaf_count=20 20 38 40 29 36 37 22 2496 26 24 52 20 99 20 22 595 27 162 82 31 26 220 566 1749 74 26 20 27 21 21
internal_value=1.37203e-06 -0.00690723 0.00584026 -0.0154739 -0.0226572 -0.0141893 -0.0303812 0.000273497 0.0106823 0.000313055 -0.00819982 -0.0211859 8.73841e-06 0.00167936 -0.00557375 -0.0032091 -0.039139 -0.00171536 -0.0127811 -0.0021799 -0.000507191 -0.00099988 0.0038679 0.00463213 -0.0153073 -0.031965 0.028442 -0.00898576 0.0291964 0.0420449
internal_weight=1584.74 60.0563 24.1381 35.9182 27.1659 20.5992 12.7988 1524.69 37.8201 28.4228 22.8701 16.6386 1486.87 755.145 175.04 163.52 11.5199 731.722 72.0264 46.3906 659.696 648.656 580.105 557.871 22.2341 25.6358 11.0395 14.7654 9.37274 9.39723
internal_count=6648 270 108 162 124 95 59 6378 163 122 98 72 6215 3152 743 694 49 3063 301 193 2762 2716 2409 2315 94 108 46 67 41 41
is_linear=0
shrinkage=0.05


Tree=84
num_leaves=31
num_cat=0
split_feature=0 5 5 2 5 4 4 8 4 9 9 2 2 13 5 2 2 5 13 4 12 5 4 4 13 4 4 9 13 13
split_gain=1.16597 2.17874 1.90326 3.24111 2.08778 3.07459 3.28718 1.86029 1.84619 1.84051 2.07672 1.97883 2.01625 1.83919 5.92446 5.49835 5.11361 5.13783 3.86649 5.28685 7.74333 5.75955 4.57863 4.53189 4.50615 3.75425 5.21859 3.97536 3.01819 5.02336
threshold=1.0000000180025095e-35 0.00078214285714285831 0.00083142857142854657 42.88968300897303 0.00089142857142859074 1.124991200075093 1.3183753498828483 -1.0000000180025095e-35 0.65637526174735084 1.4421076436000826 0.72365158525108808 39.763990514047315 47.95266039197778 44.222246798515663 0.0019160714285714278 51.964405862874365 69.823779046698988 0.0013471428571428725 31.729457722630652 1.262556342100343 1.0000000180025095e-35 0.0020364285714285584 1.5628705303756771 1.726704471343117 38.083818324639346 1.2556316967219605 0.40921247845305464 1.6762537038002605 30.724850426649503 31.10983679836135
decision_type=2 2 2 2 2 2 2 2 2 2 2 2 2 2 2 2 2 2 2 2 2 2 2 2 2 2 2 2 2 2
left_child=1 9 3 -3 5 8 -7 -5 -4 10 -1 -12 -13 18 16 -16 25 -18 28 20 21 -20 24 -24 -21 26 -15 -27 -2 -30
right_child=13 2 4 7 -6 6 -8 -9 -10 -11 11 12 -14 14 15 -17 17 -19 19 22 -22 -23 23 -25 -26 27 -28 -29 29 -31
leaf_value=0.0063220339117723281 0.0017529937942188257 0.033335337712734704 -0.016044463575205933 0.01580003817980755 -0.00077455696508665136 -0.067752584000974586 -0.014187902857502691 -0.027623250390875216 0.019902338913548479 0.0042230858658625246 -0.050332513686546135 0.008503093066223719 -0.037367057021175869 0.060849584583648392 0.016423215525769582 -0.058018280532270039 0.014235024113392107 -0.053513745168816754 -0.010622850458206615 -0.059748630958936871 0.037684352778703599 0.024480876881680238 0.02724296206215231 -0.018957821550017372 -0.011960862770329525 0.05905429550308057 0.0035124058063701509 0.0022787250073871496 0.060697125264529653 0.0017487092044931416
leaf_weight=4.8947400301694932 616.81725715100765 10.601685941219332 7.6094761341810244 4.8077367544174194 657.83039177954197 4.4220563173294059 8.1303443610668165 5.0648481249809247 6.7317085415124893 9.2906242311000806 7.2787787020206478 4.5260380655527097 5.0895813405513763 4.7319673150777843 4.3565284460782987 5.7603342533111572 6.6824129521846753 4.8147570192813873 75.762183800339699 11.139241725206377 11.922228455543516 13.815595120191572 7.1021804660558727 21.009591028094292 8.8539920896291715 11.093659125268458 24.594797864556313 4.26980136334896 5.8402132838964453 9.4810382276773435
leaf_count=22 2555 45 32 21 2759 20 35 23 29 43 34 20 29 22 21 24 28 20 317 45 50 61 29 88 36 49 107 20 24 40
internal_value=1.10304e-06 -0.00145463 -0.000883628 0.014138 -0.0013328 -0.0149876 -0.0330581 -0.00647704 0.000828856 -0.0144106 -0.0223557 -0.0306644 -0.0157761 0.00126497 0.00926027 -0.0259622 0.0156023 -0.0141366 0.000586845 -0.00664134 -0.000170552 -0.0052088 -0.0202945 -0.00728562 -0.0385858 0.023253 0.0127639 0.0432753 0.0022975 0.0242189
internal_weight=1584.33 736.278 705.198 20.4743 684.724 26.8936 12.5524 9.87258 14.3412 31.0798 21.7891 16.8944 9.61562 848.048 66.3043 10.1169 56.1874 11.4972 781.744 149.605 101.5 89.5778 48.105 28.1118 19.9932 44.6902 29.3268 15.3635 632.139 15.3213
internal_count=6648 3112 2964 89 2875 116 55 44 61 148 105 83 49 3536 291 45 246 48 3245 626 428 378 198 117 81 198 129 69 2619 64
is_linear=0
shrinkage=0.05


Tree=85
num_leaves=31
num_cat=0
split_feature=2 2 12 13 13 8 6 5 4 4 6 4 10 5 2 2 2 4 2 6 13 6 2 2 4 12 9 6 13 9
split_gain=1.13203 4.65349 4.00917 3.25343 2.92718 3.20884 4.06372 4.49044 2.73757 4.23621 2.59651 3.62765 5.44821 2.41189 4.40274 2.17086 5.05669 4.15479 1.95837 9.92498 7.56558 9.06137 6.97733 4.55742 4.42628 4.018 3.33903 2.40745 2.01874 2.01647
threshold=44.046856898969601 43.124205505003985 1.0000000180025095e-35 38.340435084263909 14.505228769273698 -1.0000000180025095e-35 0.39433753434953184 0.001295714285714297 0.67724702586658558 1.188030558115315 0.85561276709111056 1.8954557908114842 1.0000000180025095e-35 0.0015350000000000088 33.444973938110266 38.861944354672367 38.472248339420688 0.67724702586658558 47.459828289244591 0.79250295238056279 33.820946888059986 0.88036226904748771 47.645713849537856 45.291237968802655 1.4398751671571217 1.0000000180025095e-35 0.65771762838592962 0.88413417009677475 25.118424175187716 0.395001010371207
decision_type=2 2 2 2 2 2 2 2 2 2 2 2 2 2 2 2 2 2 2 2 2 2 2 2 2 2 2 2 2 2
left_child=1 4 3 8 5 6 7 -1 -3 -10 15 12 -12 14 -7 16 -6 -17 19 23 21 -21 -20 24 28 26 -25 -22 -2 -24
right_child=18 2 -4 -5 10 13 -8 -9 9 -11 11 -13 -14 -15 -16 17 -18 -19 22 20 27 -23 29 25 -26 -27 -28 -29 -30 -31
leaf_value=-0.030115594380945018 -0.0050347623163525413 -0.0026211071845908679 -0.014734113204420666 0.06122841340734974 0.0023987951496738133 0.056656836487867117 -0.044929200784829343 0.010333734414165949 0.060068801042382859 0.007019894379186398 -0.026446308305166373 0.033074323126574524 0.0053611930566929127 -0.015346618296087045 -0.0015597160048565993 -0.0060295921606373275 -0.033065910817886554 0.016147987365505882 0.052595061920000366 0.078200370814921094 -0.040880950583748389 0.0058898784112122364 -0.010743437428613101 -0.010784182630500043 -0.037573352833487304 0.0040020198704328984 -0.039045551284098187 0.0084449175628730291 0.022339020406805382 -1.5820203203176261e-05
leaf_weight=12.848730564117433 13.454277545213701 9.1174430102109962 7.1426434963941565 5.6237620413303366 313.78134105354548 4.7790929228067425 10.610164269804953 14.723974689841269 7.1317696273326856 7.9675508588552475 28.977215528488159 4.9440219551324835 25.145239278674126 9.3023945987224561 10.134816125035284 29.902986116707325 10.383708134293554 71.887679055333138 6.2120057642459861 8.0341995656490379 4.8105344772338849 9.4029568582773191 46.25276081264019 15.607134059071539 6.4053600281476966 10.872938707470892 31.63778318464756 5.092296838760376 13.486555740237234 827.78645422309637
leaf_count=54 56 39 30 24 1354 20 44 62 30 33 120 21 106 39 42 129 43 298 26 33 20 39 198 65 27 45 131 21 57 3442
internal_value=9.93531e-07 0.00174896 0.0189147 0.0269688 0.000589268 -0.00960428 -0.018634 -0.00851543 0.0190129 0.0320762 0.00190069 -0.00792347 -0.0116686 0.00463327 0.0170955 0.00326299 0.00126278 0.00963289 -0.00102149 -0.00704724 0.0193857 0.0392071 -0.000208223 -0.0149484 -0.000213922 -0.0234026 -0.0297095 -0.0155163 0.00866853 -0.000583509
internal_weight=1583.46 584.405 36.9832 29.8405 547.421 62.3992 38.1829 27.5727 24.2168 15.0993 485.022 59.0665 54.1225 24.2163 14.9139 425.956 324.165 101.791 999.055 118.804 27.34 17.4372 880.251 91.464 33.3462 58.1179 47.2449 9.90283 26.9408 874.039
internal_count=6648 2488 156 126 2332 261 160 116 102 63 2071 247 226 101 62 1824 1397 427 4160 494 113 72 3666 381 140 241 196 41 113 3640
is_linear=0
shrinkage=0.05


Tree=86
num_leaves=29
num_cat=0
split_feature=2 6 3 4 4 2 5 0 13 5 5 5 5 5 4 3 5 2 3 2 2 5 6 5 6 5 13 6
split_gain=1.12514 1.79269 3.01222 1.78355 3.57226 2.24894 2.07447 1.60249 2.17858 5.21611 3.28661 3.40267 3.14158 4.27373 3.03562 2.54856 2.32062 2.12091 1.75419 3.55752 2.70842 2.523 2.07786 5.0191 2.66867 1.3783 1.25554 1.11972
threshold=20.771590506259731 0.79838440557663748 18.681182687805997 1.4825225312708314 1.8954557908114842 16.196228910243011 0.0015221428571428688 1.0000000180025095e-35 13.21198499526089 0.0022449999999999974 0.0017521428571428532 0.0013271428571428445 0.0024014285714285787 0.0027157142857143139 0.95140259189337761 13.874624821861408 0.002292142857142878 45.503905047706972 10.538127413126643 42.729397043185266 28.274202375969569 0.0013307142857142725 0.063861394524264495 0.0010285714285714184 0.095238090136033945 0.00097071428571429317 27.382260632411992 0.28134353247540239
decision_type=2 2 2 2 2 2 2 2 2 2 2 2 2 2 2 2 2 2 2 2 2 2 2 2 2 2 2 2
left_child=1 2 3 5 -5 27 -7 8 9 10 11 -2 16 14 -14 -15 17 -10 19 21 -20 25 23 -22 -24 -9 -23 -1
right_child=7 -3 -4 4 -6 6 -8 18 12 -11 -12 -13 13 15 -16 -17 -18 -19 20 -21 22 26 24 -25 -26 -27 -28 -29
leaf_value=0.013766905081697995 -0.022632862007642043 -0.018002176189739979 0.049859089283810283 -0.040290414821711584 0.016252369122087357 0.045666222434595859 0.0024419281897914247 0.031258580983984451 0.0016781025120069645 0.031139309077687163 -0.052564995143461468 0.0061786651294734518 -0.062934983276831433 0.02921888891952093 -0.016789437625150942 -0.011788691757180572 0.025887449808425562 -0.0044389814702285183 0.033135747677598998 -0.019614174904043217 0.034175893963865181 0.027862269399937207 0.017673497386862028 -0.016003491614301736 0.00066516330531096214 -0.0055141464374638934 0.06548127818283174 -0.019693058561784604
leaf_weight=5.1392098069190997 28.425846427679062 5.7809136360883704 4.5902238041162482 5.1344533413648588 6.126418724656105 7.4899093285202962 4.4103104919195175 4.0206489413976723 362.98935598134995 6.3887969106435767 5.7028821259737006 16.024745091795921 6.2016024291515341 5.2510262280702618 8.3793323785066587 13.606499180197714 8.3155646175146085 232.43951197713614 6.437192663550376 6.0553136467933646 5.6901508867740622 5.3260477855801565 23.801041513681412 40.114435069262981 743.5543776601553 6.9580806568264961 3.8007592707872391 4.8694401383399963
leaf_count=23 122 24 20 21 26 34 20 19 1508 27 25 68 26 22 35 57 35 1007 34 26 24 25 98 167 3080 32 22 21
internal_value=9.33789e-07 0.0079272 0.0118969 0.00664346 -0.00952861 0.0149557 0.029647 -0.000223243 -0.00200443 -0.0114105 -0.0168307 -0.0122461 -0.00116976 -0.0160879 -0.0364162 -0.000369808 -0.000343511 -0.000709844 0.00123776 0.0139833 0.000830931 0.0241021 0.000575198 -0.00976987 0.00119271 0.00795282 0.0435283 -0.00251214
internal_weight=1583.02 43.5409 37.76 33.1697 11.2609 21.9089 11.9002 1539.48 693.725 56.5423 50.1535 44.4506 637.183 33.4385 14.5809 18.8575 603.744 595.429 845.758 26.1609 819.597 20.1055 813.16 45.8046 767.355 10.9787 9.12681 10.0086
internal_count=6648 189 165 145 47 98 54 6459 2932 242 215 190 2690 140 61 79 2550 2515 3527 124 3403 98 3369 191 3178 51 47 44
is_linear=0
shrinkage=0.05


Tree=87
num_leaves=31
num_cat=0
split_feature=4 6 5 5 6 5 4 13 5 5 13 4 6 5 13 5 6 4 6 6 4 6 10 5 13 6 6 6 13 6
split_gain=1.11188 6.17013 6.22616 5.28149 4.59075 4.49873 8.50787 6.57228 4.10427 3.6251 5.65581 3.851 5.39512 5.76424 3.82161 5.12172 5.30847 3.94254 3.80511 4.03225 3.40743 3.37702 4.14157 5.0218 8.55965 4.35106 3.81791 3.52783 3.31025 3.27049
threshold=0.62923914953435267 0.30232552866407797 0.0010671428571428381 0.0013010714285714116 0.063861394524264495 0.0020164285714285783 0.32334784093442387 23.575589243511612 0.0011928571428571862 0.0038596428571428614 17.59014636671402 0.71823366276075751 0.81846584218259688 0.0019285714285714386 17.781666986821453 0.002189999999999994 0.08168170842407857 0.76463552850662231 0.78844747727294018 0.066666656666774279 1.0790746604262256 0.35149981635189942 1.0000000180025095e-35 0.00092071428571428274 17.899294874847275 0.8614730069600639 0.90980517934161176 0.38038112218008729 35.440875335509652 0.10592129918398828
decision_type=2 2 2 2 2 2 2 2 2 2 2 2 2 2 2 2 2 2 2 2 2 2 2 2 2 2 2 2 2 2
left_child=1 2 -1 4 -4 6 -5 -7 -6 11 -11 12 18 -14 15 16 -13 29 19 -2 -19 -3 25 24 -24 28 -27 -25 -23 -16
right_child=9 21 3 5 8 7 -8 -9 -10 10 -12 14 13 -15 17 -17 -18 20 -20 -21 -22 22 23 27 -26 26 -28 -29 -30 -31
leaf_value=0.033060114372362503 -0.04212310698328145 -0.020521997453912404 -0.056917708639689382 -0.013784418972276825 0.013734942258159475 -0.034147392304277109 0.030247623448802829 0.02070619552883873 -0.031443036008142904 -0.05783321919670914 0.00045548216060406439 -0.020736572350221749 0.021623408737831758 -0.036609887071278602 0.046267110504577075 0.024077727528761701 0.0056274879782257153 -0.0076004793710512455 -0.058026634036113633 -0.0085127066946303395 6.5631966750892348e-05 0.0021083184053528126 -0.078201140289564583 0.051521506349838278 -0.0033787939317057127 -0.05753038998478377 -0.010942311412342816 0.0048144046275887184 -0.027380522135725893 0.0076279101750494462
leaf_weight=26.062628358602524 10.134032398462294 22.088496625423431 4.9746056944131878 14.584624193608759 13.128397464752199 11.128520518541338 44.269502699375153 10.721740961074827 8.1467033028602582 7.0956900715827969 10.064556658267973 21.156692072749138 22.036313638091091 5.2647811770439139 6.4418101906776419 33.442629903554916 195.78917393088341 205.0965628027916 4.8582229018211356 74.710683211684227 494.26527608931065 47.827610835433006 4.8012835383415249 4.1284143626689902 18.747724905610085 8.0084440708160418 9.7533742338418943 194.94000340998173 11.880695983767508 36.542575746774673
leaf_count=115 43 93 21 66 55 47 188 46 34 29 41 88 92 22 27 138 812 856 21 312 2073 199 20 17 80 33 41 837 50 152
internal_value=1.10695e-06 0.0020867 0.0111464 0.00580642 -0.0136757 0.0121431 0.0193361 -0.00723119 -0.0035647 -0.000841333 -0.0236467 -0.000488687 -0.0090682 0.0103936 0.000522497 0.00586411 0.00305645 -0.00127919 -0.0149914 -0.0125272 -0.00218255 -0.00165377 -0.000264941 0.00320016 -0.0186339 -0.0102222 -0.0319479 0.00578305 -0.00375934 0.0134185
internal_weight=1582.09 455.193 133.017 106.954 26.2497 80.7044 58.8541 21.8503 21.2751 1126.9 17.1602 1109.74 117.004 27.3011 992.735 250.388 216.946 742.346 89.7029 84.8447 699.362 322.176 300.088 222.617 23.549 77.4701 17.7618 199.068 59.7083 42.9844
internal_count=6648 1942 572 457 110 347 254 93 89 4706 70 4636 490 114 4146 1038 900 3108 376 355 2929 1370 1277 954 100 323 74 854 249 179
is_linear=0
shrinkage=0.05


Tree=88
num_leaves=18
num_cat=0
split_feature=4 13 3 2 3 4 4 2 2 4 3 4 2 4 5 11 5
split_gain=1.09283 4.2166 3.51996 1.12093 4.21725 3.63225 3.21572 2.52423 2.49673 2.28586 2.00439 1.92846 5.99329 2.13699 1.68903 2.78446 0.307367
threshold=0.076844693090041619 25.202006248139416 52.137419109250295 75.903347251829857 71.059978286398589 0.52035610873923099 0.58787129411818728 78.797530524640578 75.521737320431114 2.4394013952695239 88.944930769418292 1.9552434489684085 67.573051571813906 1.747769527698829 0.0012171428571428613 1.0000000180025095e-35 0.0013928571428571564
decision_type=2 2 2 2 2 2 2 2 2 2 2 2 2 2 2 2 2
left_child=1 2 -1 8 -5 10 -7 -8 9 11 -6 13 -13 -2 -11 -16 -12
right_child=3 -3 -4 4 5 6 7 -9 -10 14 16 12 -14 -15 15 -17 -18
leaf_value=-0.037263908461797036 0.0004495256171667083 0.04614137365550329 0.023828942769011967 0.044967214747211964 -0.0079862758254553561 0.036814475614293518 -0.017859356028437794 3.4256583876223891e-05 0.032855683689007986 -0.032158829132562725 -0.03207466041930223 0.0037054829583403706 0.051929313736200369 -0.0092035148181971727 -0.016179722806198331 0.019370831688122196 -0.049530866375128574
leaf_weight=4.8476509377360326 1258.0602547153831 5.9695727229118338 4.5903476551175117 4.154760316014289 7.8249601572752026 4.9025434851646414 26.680329605937004 75.434298574924469 5.8550745397806159 8.2617705166339857 4.6018550992012006 69.902950957417488 7.0970420539379111 60.071924470365047 19.999453678727154 7.6013718396425238 5.578766718506813
leaf_count=23 5271 35 23 17 33 20 111 314 24 37 20 297 29 252 86 32 24
internal_value=1.10082e-06 0.0132523 -0.00755025 -0.000129272 -0.00459068 -0.00623759 -0.00274185 -0.00464095 0.000271823 0.000138503 -0.0270148 0.0004589 0.00815024 9.60258e-06 -0.0123256 -0.00638897 -0.0416403
internal_weight=1581.43 15.4076 9.438 1566.03 129.178 125.023 107.017 102.115 1436.85 1430.99 18.0056 1395.13 77 1318.13 35.8626 27.6008 10.1806
internal_count=6648 81 46 6567 539 522 445 425 6028 6004 77 5849 326 5523 155 118 44
is_linear=0
shrinkage=0.05


Tree=89
num_leaves=31
num_cat=0
split_feature=5 5 9 9 9 9 13 5 13 5 4 9 5 4 9 5 4 9 9 9 13 9 13 13 9 5 0 4 13 4
split_gain=1.0089 4.88748 3.8782 6.46257 5.02371 5.55511 3.32991 5.58925 3.31219 3.13705 2.95648 3.17532 2.89424 7.04079 6.62535 4.65893 2.55208 3.72688 5.18246 2.44894 2.2851 2.15649 6.34221 4.7941 2.04363 1.96562 1.89345 4.00348 3.09161 2.1759
threshold=0.002224999999999993 0.001942499999999998 0.48095248886473446 0.40134016554985164 0.70036453795906661 0.7864963983576917 15.414153739502511 0.0038596428571428614 16.187167316600323 0.0020364285714285584 0.78557039793781325 0.53036897959010376 0.001833928571428556 1.3044943732209096 1.1054440424049206 0.0019010714285714566 1.3487569192517974 0.8992631636092393 0.72797658687046785 1.2714453326969584 69.025114522140868 0.57689942284052964 28.380643719017925 41.758680655529268 1.5614137469382496 0.0021021428571428385 1.0000000180025095e-35 0.36900620144776425 20.194978166607225 0.28199255103375426
decision_type=2 2 2 2 2 2 2 2 2 2 2 2 2 2 2 2 2 2 2 2 2 2 2 2 2 2 2 2 2 2
left_child=1 12 3 9 10 -6 7 16 -8 -3 11 -4 20 14 15 -14 17 18 -2 -15 21 22 -1 -23 -21 -12 27 -10 -29 -28
right_child=6 2 4 -5 5 -7 8 -9 26 -11 25 -13 13 19 -16 -17 -18 -19 -20 24 -22 23 -24 -25 -26 -27 29 28 -30 -31
leaf_value=0.0018999691453348067 0.014822732503042585 -0.045300037462732361 -0.014574389949412715 0.039104852242819579 0.031538575995957205 -0.011642465903493731 -0.043043115883556506 -0.02250625446063996 0.031127855156076994 0.0080053837928352294 -0.032815950850434171 -0.056922132296958944 0.024484953957235725 0.0053203170463220206 0.070306300286829895 -0.015136949907715733 0.052969268195244883 -0.01126748206507314 0.074462786360939545 -0.055815741013514719 0.027679029731433741 -0.00055012654870823072 -0.014784009054635928 0.0096098758475053302 -0.0097136043834158466 0.010570355282308071 -0.029504646539479165 0.019848821332465613 -0.017888403176915983 0.0088323261530144567
leaf_weight=150.10968709737062 14.552788615226751 5.0915813371539134 6.7324452549219194 9.9229034483432752 8.3874068111181241 66.508434072136879 4.4028329253196707 7.6767134368419638 6.1662050932645789 6.0274278074502945 4.868739575147627 12.924244254827498 27.899074330925941 7.4894100278615978 6.0441237539052954 10.106885321438311 6.4803356528282157 7.7483363151550284 4.8585816621780387 4.8178564161062223 7.3936204239726058 849.70877764374018 91.794317103922367 134.48350434750319 4.7974372357130051 5.6284995973110199 3.9324837252497664 6.4206671118736258 35.079917788505554 62.934683293104172
leaf_count=635 61 23 28 42 35 276 18 32 28 26 20 54 119 31 25 45 27 32 20 20 35 3554 390 575 20 23 20 27 145 262
internal_value=1.07816e-06 -0.000423127 -0.0098201 0.00977272 -0.0137446 -0.00680672 0.0037619 0.0159905 -0.000486131 -0.0164041 -0.0309769 -0.042418 0.000492089 0.0111094 0.0216812 0.0139483 0.0247755 0.0180485 0.0297504 -0.0161164 -3.4304e-05 -0.000201421 -0.00443103 0.000838172 -0.0328136 -0.00955271 0.00114981 -0.00646447 -0.01205 0.00657771
internal_weight=1580.99 1420.74 126.092 21.0419 105.05 74.8958 160.254 41.3168 118.937 11.119 30.1539 19.6567 1294.64 61.1548 44.0501 38.006 33.64 27.1597 19.4114 17.1047 1233.49 1226.1 241.904 984.192 9.61529 10.4972 114.534 47.6668 41.5006 66.8672
internal_count=6648 5976 527 91 436 311 672 172 500 49 125 82 5449 260 189 164 140 113 81 71 5189 5154 1025 4129 40 43 482 200 172 282
is_linear=0
shrinkage=0.05


Tree=90
num_leaves=26
num_cat=0
split_feature=2 9 4 6 9 4 9 2 5 9 9 6 2 2 13 13 2 2 9 6 9 13 9 6 6
split_gain=1.03401 1.76024 3.35475 2.27919 2.43502 1.58985 3.06522 1.40956 3.21883 3.12948 4.92947 4.42003 2.95073 2.02503 3.41279 6.24483 3.36988 2.97344 2.79391 2.51641 1.45931 3.52165 3.06815 1.3497 0.880292
threshold=20.771590506259731 0.91381707818982683 0.98055906170960649 0.49444370354383066 1.2385107413245835 0.62923914953435267 0.49117353775202849 25.165525846926077 0.0021021428571428385 0.77642876261011684 0.58522589786147061 0.3899152173007337 23.638381596206177 31.479511867442699 42.599802831581094 27.733313647198944 29.133781680746626 31.885572027046823 0.96822209697376282 0.79250295238056279 1.966952209926941 41.758680655529268 1.8971923455530406 0.59523804209183739 0.12084223430770488
decision_type=2 2 2 2 2 2 2 2 2 2 2 2 2 2 2 2 2 2 2 2 2 2 2 2 2
left_child=1 2 5 4 -3 6 -1 8 9 10 -2 12 -11 14 15 19 -17 -15 23 -9 22 -22 -19 -16 -6
right_child=7 3 -4 -5 24 -7 -8 13 -10 11 -12 -13 -14 17 18 16 -18 20 -20 -21 21 -23 -24 -25 -26
leaf_value=0.027152370567326379 -0.010975591177581642 0.050501103376821045 -0.036767715704953595 -0.0092215049798199823 0.027287685613727422 0.033010929086049752 -0.030421639144291496 0.0062506630773459491 -0.041132086086224401 0.023512605381387532 0.049411579416169374 -0.042555108160859445 -0.020958458918126185 -0.034621739755448605 -0.038547000174819879 0.044510618734774715 0.0095902971666360012 -0.00013332227926704236 0.011557191606031914 -0.021115087731571995 -0.01105372046490951 0.01848385289917772 0.026892487030714302 -0.0059672775830724757 -0.00085994301141063302
leaf_weight=4.4708168283104914 7.6562889888882619 6.4092477709055009 5.4644427448511115 6.2519288808107367 5.0697912871837598 4.7309839427471152 4.78717190772295 52.719209387898445 6.6325105726718894 7.7787636369466799 6.0499206483364105 8.7520102411508542 7.1665149927139282 6.3477024585008612 8.005479574203493 16.756144210696224 11.755727186799048 1281.7376080229878 8.1659831255674344 9.9928414672613126 70.03067772090435 11.789924085140226 10.588461339473723 5.2726888060569754 6.1438284069299698
leaf_count=22 34 28 23 26 22 20 22 225 29 32 27 37 30 27 34 72 53 5367 36 43 294 51 45 23 26
internal_value=1.1362e-06 0.0076186 -0.00354597 0.0167156 0.0259171 0.00943127 -0.00261832 -0.000213573 -0.00903006 -0.00333763 0.0156793 -0.0143368 0.00218797 4.64408e-05 0.00649184 0.010711 0.0301126 -0.000479596 -0.0114565 0.00189007 -0.00032188 -0.00679751 8.81092e-05 -0.0256098 0.0118659
internal_weight=1580.53 43.3282 19.4534 23.8748 17.6229 13.989 9.25799 1537.2 44.036 37.4035 13.7062 23.6973 14.9453 1493.16 112.668 91.2239 28.5119 1380.49 21.4442 62.7121 1374.15 81.8206 1292.33 13.2782 11.2136
internal_count=6648 189 87 102 76 64 44 6459 189 160 61 99 62 6270 486 393 125 5784 93 268 5757 345 5412 57 48
is_linear=0
shrinkage=0.05


Tree=91
num_leaves=31
num_cat=0
split_feature=4 6 5 9 5 6 5 4 9 5 6 10 5 9 6 2 2 6 5 9 6 4 6 5 2 4 9 6 2 0
split_gain=1.03854 5.53739 5.66335 4.87655 4.77589 4.12216 4.0225 7.67108 6.176 3.67519 3.05595 3.75003 4.56168 5.24521 3.92832 4.14386 3.69154 3.21219 2.99123 4.31177 3.76741 2.58673 5.27376 4.22485 3.87041 3.00339 4.17386 3.75326 2.51339 4.75841
threshold=0.62923914953435267 0.30232552866407797 0.0010671428571428381 0.395001010371207 0.0013010714285714116 0.063861394524264495 0.0020164285714285783 0.32334784093442387 0.58102331599452461 0.0011928571428571862 0.35149981635189942 1.0000000180025095e-35 0.00092071428571428274 0.75623708792975453 0.8614730069600639 65.142437145174924 59.381591527270167 0.38038112218008729 0.0038596428571428614 1.1801004259775496 0.31074518564881243 0.71313456384245499 0.81846584218259688 0.0018696428571428616 59.822046351636864 0.80509705388275554 0.47320023520845639 0.17454988973625521 60.57780066279841 1.0000000180025095e-35
decision_type=2 2 2 2 2 2 2 2 2 2 2 2 2 2 2 2 2 2 2 2 2 2 2 2 2 2 2 2 2 2
left_child=1 2 -1 -2 5 -4 7 -6 -8 -7 28 14 13 -13 15 -12 -16 -14 21 20 -20 22 24 -24 -5 26 -23 -27 29 -3
right_child=3 10 4 18 6 9 8 -9 -10 -11 11 12 17 -15 16 -17 -18 -19 19 -21 -22 25 23 -25 -26 27 -28 -29 -30 -31
leaf_value=0.03159686463027319 -0.035235431555266788 -0.02751172022094564 -0.053849029088162796 -0.0057541640997697298 -0.013027754071235922 0.013019078247619742 0.011447504407663385 0.028789177626056581 -0.04562499069133566 -0.029755156637605758 0.0033426649124059025 -0.0010999969758963455 0.049242766215802244 -0.051305433346415769 -0.047502534050786652 -0.028751019442883698 5.6483079933425148e-05 0.0046350842522905325 0.02946197784656104 -0.057096453964905737 -0.028863283301286916 0.047617256917792394 0.022781952066912043 -0.029690447908825215 -0.028650918181957169 -0.006832215131767955 0.0062073684880916942 0.0013134548876852538 -0.050586534873902911 0.030264106248386258
leaf_weight=25.8868737667799 10.195732086896895 11.982554957270628 4.9985749423503902 52.795302629470825 14.600426457822321 13.096086308360102 14.855754867196085 44.071197979152203 6.9614095389842978 8.1449989378452283 46.857972905039787 15.689537391066553 4.12117975950241 7.7831169217824927 11.324464425444605 12.806781992316244 6.3783147931098929 194.63542954623699 4.8963130265474337 5.6320696771144858 6.3714427500963211 6.5303660035133353 19.877579718828205 4.7534383088350287 28.376479238271713 175.91023039072752 89.253092631697655 721.14939765632153 5.017599716782569 5.0723576992750159
leaf_count=115 44 51 21 221 66 55 64 188 29 34 196 67 17 33 47 53 27 837 20 23 26 27 83 20 119 736 371 3016 21 21
internal_value=1.31879e-06 0.00201925 0.0106166 -0.000813001 0.0055279 -0.0129966 0.011567 0.018383 -0.00676316 -0.00338291 -0.00152522 -0.000202415 0.00309822 -0.0177472 -0.00968311 -0.00354611 -0.030367 0.00556002 -0.000498391 -0.021374 -0.00351851 -0.000177274 -0.00760931 0.0126555 -0.0137585 0.000614725 0.00903063 -0.000283882 -0.01948 -0.0103284
internal_weight=1580.03 454.285 132.615 1125.74 106.728 26.2397 80.4888 58.6716 21.8172 21.2411 321.669 299.597 222.229 23.4727 77.3675 59.6648 17.7028 198.757 1115.55 16.8998 11.2678 1098.65 105.803 24.631 81.1718 992.843 95.7835 897.06 22.0725 17.0549
internal_count=6648 1942 572 4706 457 110 347 254 93 89 1370 1277 954 100 323 249 74 854 4662 69 46 4593 443 103 340 4150 398 3752 93 72
is_linear=0
shrinkage=0.05


Tree=92
num_leaves=31
num_cat=0
split_feature=5 5 9 9 9 9 13 5 4 13 5 4 5 5 4 9 2 5 2 4 9 13 9 13 9 13 13 13 13 5
split_gain=1.0565 4.2714 3.44281 5.77607 4.52334 5.04937 3.0225 4.87913 3.25418 2.95018 2.80007 2.7216 3.16866 2.59521 6.31346 6.13893 3.10417 3.00315 2.20797 2.07598 3.24667 2.02153 1.99987 5.65867 4.42817 1.92675 1.76001 5.86675 3.50886 2.42487
threshold=0.002224999999999993 0.001942499999999998 0.48095248886473446 0.40134016554985164 0.70036453795906661 0.7864963983576917 15.414153739502511 0.0033100000000000035 0.98055906170960649 16.187167316600323 0.0020364285714285584 0.91603283617038123 0.0021478571428571306 0.001833928571428556 1.3044943732209096 1.0029246514066217 58.480056742322965 0.0019010714285714566 74.714772333465888 1.3487569192517974 0.8992631636092393 69.025114522140868 0.57689942284052964 28.380643719017925 0.58102331599452461 13.07740509245672 43.829083677689368 47.252539920607738 38.849620600288127 0.0024014285714285787
decision_type=2 2 2 2 2 2 2 2 2 2 2 2 2 2 2 2 2 2 2 2 2 2 2 2 2 2 2 2 2 2
left_child=1 13 3 10 11 -6 7 19 -9 -8 -3 12 -4 21 15 17 -16 -15 -7 20 25 22 23 -1 -24 -2 28 -28 29 -11
right_child=6 2 4 -5 5 18 9 8 -10 26 -12 -13 -14 14 16 -17 -18 -19 -20 -21 -22 -23 24 -25 -26 -27 27 -29 -30 -31
leaf_value=0.0016754250414886083 0.020467032399993909 -0.042890193674920807 -0.027507922708326304 0.037067238529716509 0.030230939953231846 -0.0078134038948502495 -0.040417940727356681 0.017076661447620961 -0.037477034713164506 0.014896986303297739 0.0075655554433994498 -0.00011864273007777695 -0.071973436379102904 0.019832068310610088 -0.03379510088015019 0.056830711557778683 0.009282693760474402 -0.013314006684770008 -0.03739122400559125 0.053776444348169528 -0.0097188139207570381 0.026068440955305375 0.048382419703224801 -0.01409341224581203 0.00053244807600547387 0.056675828026397104 -0.061325825112913006 0.0048024953592237423 0.035178102726075827 -0.0038489881840762167
leaf_weight=149.93088182061911 12.731548532843599 5.0680149048566836 18.64142672717572 9.8803731352090818 8.379862040281294 59.373903974890709 4.3900825232267371 4.973139286041258 6.0702169984579086 23.336202204227448 6.0111438557505608 6.3089592456817618 5.103385090827941 25.347840286791325 9.7458345741033572 9.2023826390504819 7.325201913714408 9.3559551984071714 7.0598357617855063 5.4794567078351966 6.7772802859544745 7.3498683869838706 4.8590550869703284 91.681939974427223 978.68453057855368 5.1642372459173194 4.6542599797248867 12.005549520254133 8.2179859280586225 66.154954075813293
leaf_count=635 54 23 78 42 35 247 18 21 25 97 26 26 21 109 41 38 30 42 29 23 28 35 20 390 4109 21 20 53 36 276
internal_value=1.24254e-06 -0.000432905 -0.00922738 0.00927252 -0.0129249 -0.00634319 0.00385352 0.0155232 -0.0129099 -0.000194556 -0.0155148 -0.0293089 -0.0370647 0.0004226 0.0104916 0.0205236 -0.0153104 0.0108961 -0.0109566 0.0259369 0.0197542 -7.55552e-05 -0.000232396 -0.00430819 0.000768844 0.0309159 0.00134943 -0.0136718 0.00391061 0.00103931
internal_weight=1579.27 1419.31 125.827 20.9595 104.867 74.8136 159.955 41.1959 11.0434 118.759 11.0792 30.0538 23.7448 1293.48 60.9772 43.9062 17.071 34.7038 66.4337 30.1525 24.6731 1232.51 1225.16 241.613 983.544 17.8958 114.369 16.6598 97.7091 89.4912
internal_count=6648 5976 527 91 436 311 672 172 46 500 49 125 99 5449 260 189 71 151 276 126 103 5189 5154 1025 4129 75 482 73 409 373
is_linear=0
shrinkage=0.05


Tree=93
num_leaves=26
num_cat=0
split_feature=0 3 3 5 9 9 2 4 2 8 2 9 9 4 4 2 13 5 2 4 5 3 9 5 3
split_gain=1.0374 2.16314 3.15323 1.75039 1.86652 1.94789 1.73539 1.72803 3.08363 4.71042 3.78184 2.25311 2.41484 2.16264 2.40639 2.07666 1.75238 1.63042 2.85583 1.45987 6.62829 2.33374 1.32203 1.24054 0.253996
threshold=1.0000000180025095e-35 92.113724826536995 95.696876278938205 0.00078214285714285831 1.4646483581716396 0.72365158525108808 39.763990514047315 0.24512304115904363 61.774106837398513 1.0000000180025095e-35 54.894144322286657 0.25932563341979137 0.29535469071299952 0.20261039836908376 0.10985849801372735 17.545117116185335 31.10983679836135 0.00083142857142854657 42.88968300897303 0.28199255103375426 0.0014996428571428324 10.962380573248932 1.0884352109522917 0.0015803571428571635 53.157081630617434
decision_type=2 2 2 2 2 2 2 2 2 2 2 2 2 2 2 2 2 2 2 2 2 2 2 2 2
left_child=1 3 -3 4 5 -1 -7 8 10 -10 13 -9 -13 14 -2 -14 -17 18 22 20 -19 -21 -5 -11 -20
right_child=7 2 -4 17 -6 6 -8 11 9 23 -12 12 15 -15 -16 16 -18 19 24 21 -22 -23 -24 -25 -26
leaf_value=0.0077949306407301081 0.025377786688556499 -0.043765725133350246 0.001518906322665078 0.050039075359150136 0.007109208959617923 -0.046216541967163266 -0.013975895793883168 0.043980428191699047 0.024105069876191994 -0.0081260850035557494 0.055533542775307532 -0.044480525185635389 -0.10162316719340579 0.04217237176670266 -0.017429389629061379 0.0021506504360480224 -0.0031524838795293783 -0.028045555496909447 0.0010365969275794975 -0.0070737591018659928 0.0094860280327930483 0.0011377913728293886 0.014540078032567627 -0.040382447384969967 -0.015660535282611115
leaf_weight=4.7181663513183656 5.7784473448991829 7.2950633764266959 8.1260739266872388 5.0252012014389056 8.4609919935464841 7.6180129945278194 9.2316775619983655 2.9901864975690833 8.9410805255174637 6.0961171686649323 6.4942737892270079 2.9731501042842856 0.49588581919670005 4.2028499692678443 7.6021685749292374 581.13847389817238 212.82576274126768 23.641016766428947 4.9303454011678678 103.90234413743019 23.415272742509842 517.35479752719402 5.4857880622148514 5.8325176239013672 4.2332225292921066
leaf_count=21 36 33 37 22 39 36 47 13 39 26 31 13 2 20 34 2397 900 101 21 433 106 2173 23 25 20
internal_value=1.23367e-06 -0.00137477 -0.0199033 -0.000976829 -0.0127934 -0.0206011 -0.0285524 0.00119505 0.0107346 -0.00333227 0.0229273 0.000659357 0.000496913 0.0108845 0.00105698 0.000665235 0.000729121 -0.000461068 0.0137252 -0.000878698 -0.00936979 -0.000235552 0.0315118 -0.0238979 -0.00667685
internal_weight=1578.81 733.438 15.4211 718.017 30.0288 21.5679 16.8497 845.371 44.9475 20.8697 24.0777 800.423 797.433 17.5835 13.3806 794.46 793.964 687.988 19.6746 668.313 47.0563 621.257 10.511 11.9286 9.16357
internal_count=6648 3112 70 3042 143 104 83 3536 211 90 121 3325 3312 90 70 3299 3297 2899 86 2813 207 2606 45 51 41
is_linear=0
shrinkage=0.05


Tree=94
num_leaves=27
num_cat=0
split_feature=3 2 3 6 9 2 6 6 9 2 2 6 3 2 2 2 3 9 2 2 9 2 6 1 6 9
split_gain=1.04156 4.86897 5.42067 3.64837 6.03879 7.3729 5.98603 3.91894 3.83624 3.42198 3.12693 3.36313 6.14428 5.66241 3.03133 2.66839 6.40908 3.71612 2.54192 2.31405 5.47784 3.5375 2.66878 3.24736 2.53499 2.22278
threshold=47.267036562811292 39.391737138828582 48.170459616242546 0.9473682340718711 1.1125827814569955 38.472248339420688 0.98502227613638416 0.91325246159197548 0.70673893268651955 37.870993393686838 44.046856898969601 0.73220043267639912 52.701542400400548 41.708888153372207 38.614560460361638 56.528720951268689 89.649780732707725 0.57689942284052964 53.124639474116684 56.944444444444024 1.0143395187537811 58.241185101407744 0.52479499484279835 -1.0000000180025095e-35 0.37654695059146076 1.32375189107409
decision_type=2 2 2 2 2 2 2 2 2 2 2 2 2 2 2 2 2 2 2 2 2 2 2 2 2 2
left_child=3 9 18 7 5 8 -7 19 -5 -2 11 12 -4 -13 -9 16 -12 -17 -3 22 21 -21 24 -24 -1 -22
right_child=1 2 10 4 -6 6 -8 14 -10 -11 15 13 -14 -15 -16 17 -18 -19 -20 20 25 -23 23 -25 -26 -27
leaf_value=0.0015492625763146358 -0.010123389721479945 -0.059627120302540651 -0.011953501875884604 -0.050670872328028485 0.053345269180898151 0.054857530863121319 -0.013577321550699637 -0.044905818482670869 0.0053866137397155824 -0.05906097398586483 -0.003264271111064677 0.02742282979985208 0.043162244874433896 -0.029436586924680444 -0.0015245082354058315 -0.0072384233613749576 -0.036650497037860066 0.003015864067570098 -0.0097002171509659521 -0.06373243472681081 0.041416710519591005 -0.014844633045558775 0.041858363914279613 0.005112197742406498 -0.0073716648930422296 -0.006067076290498203
leaf_weight=339.54533315449953 9.0149861723184568 5.5742736458778364 7.4080961346626308 6.2196322977542895 8.6623593717813474 8.8442954272031766 5.0029241591691962 8.2738828063011187 5.9924156218767166 5.916638731956481 203.61009908467531 8.1119660958647746 15.930268958210943 9.5140074342489225 7.845042183995246 111.09694945812225 15.466709822416304 431.56168951094151 4.6979587376117706 5.4219182282686296 4.6777804493904096 11.65332394838333 6.1791249364614478 222.7901872843504 104.03232517838478 5.2091564536094666
leaf_count=1446 39 24 31 26 36 37 21 36 25 25 850 35 67 40 33 466 65 1796 20 23 20 48 26 951 440 22
internal_value=1.23111e-06 -0.0012216 -0.000701942 0.00135045 0.0171786 0.0051565 0.0301324 0.000582476 -0.0231636 -0.0295148 -0.000240077 0.013217 0.0256673 -0.00326829 -0.0237922 -0.000963768 -0.00562132 0.000916533 -0.0367933 0.00114415 -0.0132188 -0.030368 0.00171995 0.00610386 -0.000542964 0.0163988
internal_weight=1578.25 827.904 812.972 750.35 34.7216 26.0593 13.8472 715.628 12.212 14.9316 802.7 40.9643 23.3384 17.626 16.1189 761.735 219.077 542.659 10.2722 699.509 26.9622 17.0752 672.547 228.969 443.578 9.88694
internal_count=6648 3458 3394 3190 145 109 58 3045 51 64 3350 173 98 75 69 3177 915 2262 44 2976 113 71 2863 977 1886 42
is_linear=0
shrinkage=0.05


Tree=95
num_leaves=31
num_cat=0
split_feature=4 6 9 9 9 9 6 13 9 6 6 2 13 4 9 2 2 13 6 2 13 9 13 0 9 9 13 12 9 2
split_gain=1.05658 4.92638 4.31385 3.82898 5.19487 3.58346 3.20972 3.13292 2.90122 3.0379 3.29897 3.90185 3.38422 3.19093 2.42457 2.35924 3.43455 2.27354 2.1523 4.79087 4.83889 3.1696 2.91667 1.80082 3.72227 3.68956 2.96965 6.95059 2.60598 1.9002
threshold=0.62923914953435267 0.30232552866407797 0.395001010371207 0.93910074610582683 0.73180844837577608 1.0567109777015407 0.25563163902072999 19.426128291490084 1.2385107413245835 0.91325246159197548 0.35149981635189942 19.675213675215563 36.37417307639987 0.57362087583082266 0.6749906952926833 56.944444444444024 39.626988957482062 24.952972541462977 0.17454988973625521 19.675213675215563 50.959672548933433 1.0832083055910713 20.121602889799199 1.0000000180025095e-35 0.54424045621772832 0.52591657846889517 34.417017204414542 1.0000000180025095e-35 0.6165287918040826 14.553099185831551
decision_type=2 2 2 2 2 2 2 2 2 2 2 2 2 2 2 2 2 2 2 2 2 2 2 2 2 2 2 2 2 2
left_child=1 3 -2 4 6 -5 14 -8 9 10 12 -12 -3 17 -1 16 -6 -11 19 -4 22 -22 -21 26 25 -25 29 -28 -26 -20
right_child=2 8 18 5 15 -7 7 -9 -10 13 11 -13 -14 -15 -16 -17 -18 -19 23 20 21 -23 -24 24 28 -27 27 -29 -30 -31
leaf_value=0.0077521220572264451 -0.033337761777319626 -0.030508313070954574 0.033028219496303933 -0.042992423912124898 0.057476488996659414 0.01174987534769335 0.061197776811601913 0.0099955798325974399 0.02977274443671258 -0.021670508723428558 0.058658938021795309 0.00095035074763098444 0.014814920445418218 -0.047535960012994649 -0.02133701291263965 0.065364036250911625 0.0046120578284347706 0.0023006761012585955 0.030063428761320312 -0.00062483593199130728 0.056993032340868048 0.001338206268119955 -0.013087548416516548 -0.0054874758833295817 0.019739752428028636 -0.048726577735569737 0.011397802666657096 -0.016492974199304858 0.0027459422682671493 -0.005351064584583419
leaf_weight=82.063035517930984 10.107524186372755 15.924959823489191 7.9702416509389868 6.2459117323160154 5.1332840397954005 5.7339121252298355 5.3546334058046323 6.7580949068069458 7.3371731340885153 18.348797217011452 2.9647880196571341 243.10561878234148 5.555490404367446 6.1170363426208487 7.8483697026967993 5.3559436202049246 7.6529982686042786 21.460574492812157 3.8415347039699546 77.042036414146423 4.7370538264512998 5.5619086399674416 120.17784780263901 22.918981254100803 23.746317520737648 6.2868876308202735 91.081993818283081 29.596267819404602 451.37332604825497 270.35972426831722
leaf_count=356 44 67 35 26 25 25 23 29 31 77 14 1040 24 26 33 22 33 91 16 319 20 25 503 94 99 26 384 126 1864 1151
internal_value=1.03669e-06 0.00204 -0.000820058 0.0101646 0.0128519 -0.0167911 0.00846804 0.0326304 -0.00130661 -0.00203404 5.26035e-06 0.00164565 -0.0187864 -0.0139143 0.00521293 0.0375051 0.0258354 -0.00874804 -0.000525202 -0.00501328 -0.00647435 0.0269369 -0.00821911 0.000550338 0.00253028 -0.0147952 -0.00197837 0.00455761 0.00359529 -0.00485491
internal_weight=1577.76 452.961 1124.8 132.146 120.166 11.9798 102.024 12.1127 320.814 313.477 267.551 246.07 21.4805 45.9264 89.9114 18.1422 12.7863 39.8094 1114.69 215.489 207.519 10.299 197.22 899.205 504.326 29.2059 394.88 120.678 475.12 274.201
internal_count=6648 1942 4706 572 521 51 441 52 1370 1339 1145 1054 91 194 389 80 58 168 4662 902 867 45 822 3760 2083 120 1677 510 1963 1167
is_linear=0
shrinkage=0.05


Tree=96
num_leaves=31
num_cat=0
split_feature=13 2 5 13 13 8 2 6 5 13 3 2 13 5 3 13 8 5 13 2 3 5 2 5 2 10 5 3 6 6
split_gain=1.03793 3.27788 5.51611 2.94061 5.03305 4.8856 4.33717 4.33029 4.04194 4.83913 3.30829 4.74261 2.82947 3.9403 8.69867 7.39241 4.24779 5.42231 2.99995 7.6065 8.07928 3.09533 5.05148 4.63872 2.89126 2.87915 2.72561 2.71909 2.19927 1.87531
threshold=14.505228769273698 85.799635147461387 0.0012128571428571585 13.534763452008784 13.07740509245672 1.0000000180025095e-35 45.641319170598742 0.02603048842711753 0.0011700000000000204 12.136741443167184 62.028954094977287 42.412963662165545 17.99915748246632 0.0014557142857143143 43.9887955182082 15.657518503713938 -1.0000000180025095e-35 0.0013592857142856981 18.805163807690935 33.666840176982888 52.137419109250295 0.0015057142857142771 80.105795481697598 0.0014850000000000143 28.274202375969569 1.0000000180025095e-35 0.0020364285714285584 94.685897492870794 0.70370360596709713 0.78412324288237378
decision_type=2 2 2 2 2 2 2 2 2 2 2 2 2 2 2 2 2 2 2 2 2 2 2 2 2 2 2 2 2 2
left_child=3 12 -3 4 7 10 -6 -1 9 -9 11 -5 13 16 24 -16 25 -18 19 -14 -21 23 -23 -20 -15 -2 28 -10 -4 -7
right_child=1 2 26 5 6 29 -8 8 27 -11 -12 -13 18 14 15 -17 17 -19 21 20 -22 22 -24 -25 -26 -27 -28 -29 -30 -31
leaf_value=0.038844605605691751 -0.0015599769080046986 0.015731101405166838 -0.074391635349335253 -0.05238244585634684 -0.0091269192922403212 0.011638509773840516 0.040777893682626055 -0.0068389433672314971 0.0026067893956490174 -0.042248777823251427 -0.060794619712801291 0.0060386101434760824 -0.064881436323517824 -0.00031549330068781262 0.030770432419087269 -0.012026984499093542 0.017882412521177973 -0.029737717380800489 0.0019796398619817863 0.021657637608799019 -0.022414649610337071 -0.0039010292612359715 0.025262723932947241 0.029414834650408856 0.04175339923825061 -0.026199247101219948 -0.0075372693396570578 -0.02474971058528971 -0.027378036963107467 -0.016801025505388641
leaf_weight=5.9597608447074881 38.338684812188148 8.0443089455366152 4.9983214884996396 5.9774531722068813 6.5961147993803051 15.100146904587747 12.806763038039206 34.054374128580093 110.30630446225405 13.462873697280882 6.8057780712842932 8.2943013012409192 5.999147653579711 4.817069128155711 14.713723361492155 32.108547985553741 41.700770407915115 6.9781518280506125 642.94439145177603 17.314989373087883 26.033583328127861 408.39936427026987 15.408336848020552 15.785423055291174 26.84412644803524 17.164380297064781 5.6609162986278525 9.89838097989559 4.9520853608846664 9.408010467886923
leaf_count=25 160 34 21 25 28 62 53 144 462 56 28 35 25 21 61 132 174 29 2724 72 108 1731 64 66 111 72 23 42 21 39
internal_value=1.1416e-06 0.000542884 -0.0179041 -0.00303637 -0.000339683 -0.0144586 0.0238125 -0.00303785 -0.00452608 -0.0168715 -0.0321092 -0.0184299 0.000874842 0.00664924 0.0151101 0.00142194 0.000275429 0.011056 -5.70398e-05 -0.0121133 -0.00481058 0.000492549 -0.00284073 0.00263708 0.0353529 -0.0091797 -0.0352359 0.00035409 -0.0509941 0.000721351
internal_weight=1576.88 1338.21 23.6556 238.67 193.085 45.5857 19.4029 173.682 167.722 47.5172 21.0775 14.2718 1314.55 182.665 78.4835 46.8223 104.182 48.6789 1131.89 49.3477 43.3486 1082.54 423.808 658.73 31.6612 55.5031 15.6113 120.205 9.95041 24.5082
internal_count=6648 5649 99 999 810 189 81 729 704 200 88 60 5550 760 325 193 435 203 4790 205 180 4585 1795 2790 132 232 65 504 42 101
is_linear=0
shrinkage=0.05


Tree=97
num_leaves=19
num_cat=0
split_feature=2 2 3 3 13 5 5 6 9 13 3 9 3 3 3 9 2 2
split_gain=1.03118 2.55433 2.36761 3.78137 3.02087 4.61649 8.26383 4.95329 4.44563 3.04878 1.62794 1.47621 4.04165 7.06559 5.54378 2.74009 2.54261 1.75531
threshold=31.479511867442699 31.885572027046823 36.652920266664161 34.51854193004754 41.101657707380426 0.0020917857142857149 0.002559285714285701 0.91696975115866641 1.5020944692920628 54.149228771336276 1.8846982040972093 1.966952209926941 74.062494140588157 92.581124398398316 67.488803304955596 1.8971923455530406 54.70982426519965 85.799635147461387
decision_type=2 2 2 2 2 2 2 2 2 2 2 2 2 2 2 2 2 2
left_child=2 -2 3 4 5 7 -7 -1 9 -6 -3 15 14 -14 -13 17 -17 -12
right_child=1 10 -4 -5 8 6 -8 -9 -10 -11 11 12 13 -15 -16 16 -18 -19
leaf_value=0.011953222847206603 -0.032300357464742739 0.021794822527720668 0.030322494357723273 -0.042696032777845366 -0.025227766213049653 -0.048972366316012809 0.023041160586435114 -0.03006682927868189 0.032688875073998973 0.010952080396609977 -3.2034692493607319e-06 -0.0092448156935146294 0.026513331906166449 -0.0198723532254752 -0.057158900159665765 0.051221354564554011 0.002136691804822185 -0.013066419614987061
leaf_weight=125.74533145129681 6.2800562083721152 8.2570575177669507 7.824680268764495 4.5654740184545508 24.131923064589504 9.4327559024095553 6.8962815105915061 7.4275364279747 5.3693505674600592 7.6746158450841895 1245.8660208284855 39.749806992709637 18.789486110210419 14.579869970679281 7.1180201321840277 4.9898188263177854 5.5984620749950409 26.257342293858528
leaf_count=546 27 36 34 20 104 41 29 32 23 35 5227 170 78 61 30 21 24 110
internal_value=9.41199e-07 -0.000485175 0.00336471 0.00226174 0.00336125 0.00653298 -0.0185587 0.00960961 -0.00939382 -0.0164979 -0.000339463 -0.000473558 -0.00705287 0.00624632 -0.0165217 -6.20039e-05 0.0252683 -0.000272836
internal_weight=1576.55 1377.49 199.068 191.243 186.678 149.502 16.329 133.173 37.1759 31.8065 1371.21 1362.95 80.2372 33.3694 46.8678 1282.71 10.5883 1272.12
internal_count=6648 5784 864 830 810 648 70 578 162 139 5757 5721 339 139 200 5382 45 5337
is_linear=0
shrinkage=0.05


Tree=98
num_leaves=31
num_cat=0
split_feature=4 6 3 9 3 6 4 4 13 13 4 9 13 13 9 4 6 4 4 6 3 9 4 6 3 9 4 13 9 9
split_gain=0.972195 4.45274 5.26059 3.89729 3.31244 3.27957 3.23636 3.04938 5.879 2.66991 6.61805 5.64431 5.27262 8.25776 4.64024 4.41888 6.1125 5.19064 4.26765 2.85094 2.82445 2.6202 2.08953 4.71169 5.23552 3.62995 3.10078 4.2541 3.03755 3.57595
threshold=0.62923914953435267 0.30232552866407797 6.6397803840676408 0.395001010371207 3.7115457614102292 0.022222218930103902 0.43470423697896599 0.4614178987605671 23.671551691847949 45.660957736330566 0.29230859610409415 0.62206535371084326 25.627827723947174 28.525381963261847 0.44830728694286093 0.44254918845406738 0.87641583555801816 0.39703277649094232 0.40921247845305464 0.6666665582010759 60.809196716689719 0.50954513731470741 0.71313456384245499 0.81846584218259688 69.876796195100965 0.52591657846889517 0.64743180780812837 37.071580940191033 0.44442588827936857 0.4771741579361834
decision_type=2 2 2 2 2 2 2 2 2 2 2 2 2 2 2 2 2 2 2 2 2 2 2 2 2 2 2 2 2 2
left_child=1 2 4 -2 -1 6 -4 8 -7 12 -11 19 15 18 -15 17 -17 -3 -14 -12 -13 -9 23 24 25 -5 -25 -28 -24 -30
right_child=3 9 5 22 -6 7 -8 21 -10 10 11 20 13 14 -16 16 -18 -19 -20 -21 -22 -23 28 26 -26 -27 27 -29 29 -31
leaf_value=-0.0022316427586296143 -0.031818112741464837 -0.0030627744415597942 0.012659007561434264 0.020260154921192947 -0.052890029150627731 -0.0064982418452302409 -0.033426261016174866 0.044597821998373394 0.026516348228480542 0.017784033991869407 -0.024184546559578315 0.019636186356393366 0.011366961182918916 -0.019235785000465879 0.0075609176645950356 -0.0071368987017969513 -0.042854134816248314 0.028971983488238887 0.048436439935068319 -0.070114016076448946 -0.029763680490628264 0.018423282215169166 0.029861187083559778 0.045923511150525058 -0.032348047941583025 -0.011024552670965124 0.016853043077213189 -0.036312473282456778 -0.032834040479659675 0.00021542724351947241
leaf_weight=10.1909052580595 10.027992472052572 77.782204926013947 8.3906879201531392 11.622389167547224 4.7221453040838233 29.768017649650574 6.977427974343299 13.335868403315542 24.650805361568928 11.382386364042757 6.0425077527761477 6.4350213259458524 14.893664531409742 21.934956297278404 61.314246244728565 61.561112627387047 14.872368246316908 15.09972247481346 16.219570577144623 7.6639863401651382 5.2575216889381409 33.780579268932343 8.5561558753252012 5.2941947281360653 24.383714236319065 45.850235402584076 14.157247245311739 5.1245577931404105 8.2528853565454465 990.46145312488079
leaf_count=47 44 336 40 48 21 127 29 57 108 54 26 28 66 98 260 255 63 62 68 32 22 143 35 22 104 192 59 22 34 4146
internal_value=8.94645e-07 0.00195837 0.00969379 -0.000786946 -0.0182724 0.0132614 -0.00826461 0.0165195 0.00845681 -0.00122348 -0.013898 -0.028096 0.000419883 0.00871414 0.000500376 -0.00518239 -0.0140867 0.00214508 0.0306916 -0.049866 -0.00257634 0.0258317 -0.000507535 -0.00717016 -0.0129345 -0.00469801 0.0120294 0.00272315 0.000196465 -5.76773e-05
internal_weight=1576.01 452.276 131.816 1123.73 14.9131 116.903 15.3681 101.535 54.4188 320.459 36.7814 25.399 283.678 114.362 83.2492 169.315 76.4335 92.8819 31.1132 13.7065 11.6925 47.1164 1113.7 106.432 81.8563 57.4726 24.576 19.2818 1007.27 998.714
internal_count=6648 1942 572 4706 68 504 69 435 235 1370 162 108 1208 492 358 716 318 398 134 58 50 200 4662 447 344 240 103 81 4215 4180
is_linear=0
shrinkage=0.05


Tree=99
num_leaves=31
num_cat=0
split_feature=8 9 9 4 2 2 6 4 6 13 6 9 9 2 6 13 4 4 4 9 4 9 2 2 4 9 2 13 2 4
split_gain=1.01462 3.72251 9.53576 7.89184 4.31086 3.67438 3.89294 4.29004 4.27956 3.51634 4.01855 4.53398 3.9774 5.22072 3.74715 5.31805 3.60256 3.5602 3.42021 4.28373 4.41218 3.27661 2.64739 2.80051 2.60933 2.77402 2.58299 2.29531 1.92219 1.53319
threshold=-1.0000000180025095e-35 0.81953953953942016 0.73716104906831548 1.2270803804707433 82.015003354446293 67.797676153928549 0.3899152173007337 1.5523434273467893 0.14516864487383138 9.5085807171925971 0.1119701405968983 0.43365440794883309 0.41517091693453978 74.212215763705203 0.6246386126246396 12.284182260146212 0.34523843209145494 0.28199255103375426 0.58787129411818728 0.70673893268651955 1.071602738857812 0.82384988149649241 63.325548851410296 52.358913912356698 0.56811794018365158 0.45892168923470328 19.675213675215563 7.930723070909333 58.480056742322965 0.80509705388275554
decision_type=2 2 2 2 2 2 2 2 2 2 2 2 2 2 2 2 2 2 2 2 2 2 2 2 2 2 2 2 2 2
left_child=1 2 18 22 5 21 8 -8 -7 27 -11 12 13 -12 15 -13 -14 -16 24 20 -20 -3 23 -4 25 -1 -23 -2 -29 -21
right_child=9 4 3 -5 -6 6 7 -9 -10 10 11 14 16 -15 17 -17 -18 -19 19 29 -22 26 -24 -25 -26 -27 -28 28 -30 -31
leaf_value=0.011546636300271496 0.0061993495314411869 -0.058477007431349065 0.033137901832039372 -0.023070891864101311 -0.043226956366924592 -0.00084516496145695054 -0.040985415483282578 0.018255068827523774 0.03657221071955815 0.046925009594224965 -0.00060810672800537015 0.038830511310814927 -0.070166646621826936 -0.052039069284293762 -0.017259562799996849 0.0062965563417873432 -0.012494822774338662 0.0014034389009261331 -0.0071961662218045334 -0.05463347961224814 0.023472144206019053 0.013958878358609164 0.052251209021909155 0.00071170829857721994 0.033175528992893361 -0.0031631906596749056 -0.0055611944623989917 -0.0094911840919287647 -0.044978004953879755 -0.02008381510879215
leaf_weight=54.244068160653114 6.6101538985967663 2.8524126857519141 23.143114328384399 8.0003277510404569 6.9683713763952246 13.888482674956323 6.5941105484962446 5.6958587840199471 16.9899962246418 4.9039769098162642 51.74328276887536 13.458127334713934 4.9181535094976407 5.4543810635805121 27.00042399764061 188.39521358907223 6.0252163261175156 476.87056724727154 102.39330710470676 5.2217982858419409 13.244715258479117 17.731718957424164 10.93428687751293 9.3482622951269132 7.4970735013484946 78.335771612823009 383.07521168887615 6.9349461346864691 8.4845794141292554 8.3389538377523404
leaf_count=240 28 12 99 33 29 57 27 24 70 22 229 56 21 24 118 795 25 1992 427 22 55 77 45 39 32 337 1612 30 36 35
internal_value=8.82866e-07 -0.00128942 0.002834 0.022563 -0.00420348 -0.0035949 0.01027 -0.0135301 0.0197427 0.00124881 0.00180607 0.00152015 -0.0107964 -0.00551257 0.00270937 0.00846569 -0.0384136 0.000403364 -0.000933822 -0.00680131 -0.00368354 -0.00507765 0.0309701 0.0238084 0.004478 0.00285523 -0.00469763 -0.0184506 -0.0290178 -0.0333878
internal_weight=1575.3 774.498 320.702 51.426 453.796 446.828 43.1684 12.29 30.8785 800.799 778.769 773.865 68.141 57.1977 705.724 201.853 10.9434 503.871 269.276 129.199 115.638 403.659 43.4257 32.4914 140.077 132.58 400.807 22.0297 15.4195 13.5608
internal_count=6648 3272 1364 216 1908 1879 178 51 127 3376 3282 3260 299 253 2961 851 46 2110 1148 539 482 1701 183 138 609 577 1689 94 66 57
is_linear=0
shrinkage=0.05


Tree=100
num_leaves=26
num_cat=0
split_feature=4 13 6 3 9 4 6 2 2 0 2 9 13 9 9 3 3 6 8 3 13 9 6 3 3
split_gain=0.982778 2.06808 1.74592 2.43238 1.10128 4.92031 2.60988 2.55176 5.34351 4.69808 3.44203 2.70348 2.40508 1.71804 3.67416 3.62393 2.15913 3.63664 1.86531 4.68414 3.84098 1.71666 1.20624 0.982668 0.694216
threshold=0.10985849801372735 37.344088789124875 0.79838440557663748 29.508313888712987 0.38886128910642276 0.45100137252618627 0.23734908852492875 40.74720009663077 35.33877443867236 1.0000000180025095e-35 74.212215763705203 0.3506579463282678 21.830275269924353 0.41517091693453978 0.42228260869561923 78.090496965562238 42.024264740593559 0.32718772811078184 -1.0000000180025095e-35 83.387520918004569 9.5085807171925971 0.30992987366703911 0.53403568954012248 58.398182220342974 66.66666666667011
decision_type=2 2 2 2 2 2 2 2 2 2 2 2 2 2 2 2 2 2 2 2 2 2 2 2 2
left_child=1 2 3 -1 5 7 -7 8 11 21 -11 -2 -8 15 -15 16 17 -6 19 -16 -20 -9 -14 -4 -5
right_child=4 -3 23 24 13 6 12 9 -10 10 -12 -13 22 14 18 -17 -18 -19 20 -21 -22 -23 -24 -25 -26
leaf_value=-0.01375656332657235 0.019391776498738328 0.042938928782551497 -0.027111130397133771 0.047781091376043881 0.053074482371626833 0.0055904293312822526 -0.053129913302395332 -0.009401234540445072 0.0653674379310763 0.019007561478949365 -0.028601089458639446 -0.026363030964408663 -0.036596120100564601 -0.040709435421995455 -0.00065470716236924785 0.051052574813948294 -0.018926290333798803 -0.0044260385065220814 -0.019818580153964305 -0.016896212414405046 0.0024726141375129278 -0.049230982481942603 -0.0027853694853318001 0.0040880375360495807 0.017868258494129968
leaf_weight=4.2738555222749763 8.7227990329265612 3.9527095556259146 5.0954779088497144 3.9824716225266457 4.2893409281969124 5.6396851539611843 8.411980867385866 4.7538735419511777 4.4633004665374747 16.540768519043926 4.9274560362100592 5.1253937780857077 4.6537271440029127 5.5426806658506385 669.55566937476397 5.0502037853002539 6.8932738155126563 7.6610302180051804 19.868112415075302 47.545647814869881 706.69028833508492 6.2776154428720474 6.0899785459041595 5.0007462352514267 3.7812749445438385
leaf_count=23 41 25 22 23 20 24 36 21 20 69 21 22 20 24 2819 21 29 32 85 197 2959 27 26 22 20
internal_value=8.24612e-07 0.00962498 0.00367569 0.0165364 -0.000161286 -0.0060466 -0.0243058 0.00286369 0.0177912 -0.00554701 0.00808027 0.00245734 -0.0331076 0.000140778 -7.8477e-05 0.013439 0.00335829 0.0162126 7.75185e-05 -0.00173156 0.00186305 -0.0320669 -0.0174308 -0.0116579 0.0332123
internal_weight=1574.79 26.0865 22.1338 12.0376 1548.7 75.6066 24.7954 50.8112 18.3115 32.4997 21.4682 13.8482 19.1557 1473.1 1449.2 23.8938 18.8436 11.9504 1443.66 717.101 726.558 11.0315 10.7437 10.0962 7.76375
internal_count=6648 135 110 66 6513 327 106 221 83 138 90 63 82 6186 6084 102 81 52 6060 3016 3044 48 46 44 43
is_linear=0
shrinkage=0.05


Tree=101
num_leaves=28
num_cat=0
split_feature=2 2 13 13 8 6 6 6 0 13 2 13 13 13 2 3 6 13 3 0 2 13 2 13 12 13 2
split_gain=0.9535 2.30487 2.15058 5.95788 4.06862 6.25854 3.61135 3.0501 2.8181 3.3306 3.37437 3.59242 3.42768 2.84655 3.14449 2.88072 2.12797 2.20558 1.49176 1.23222 2.06521 5.78965 3.91468 1.48955 5.19022 4.31466 0.148481
threshold=31.479511867442699 31.885572027046823 18.805163807690935 17.99915748246632 1.0000000180025095e-35 0.39433753434953184 0.19487640192074443 0.76744180097344583 1.0000000180025095e-35 42.599802831581094 25.165525846926077 35.043176881411505 20.684190709386701 47.932381273046055 25.665422430408565 13.874624821861408 0.78844747727294018 23.671551691847949 1.8846982040972093 1.0000000180025095e-35 33.444973938110266 39.747522554825515 38.861944354672367 29.087082019616577 1.0000000180025095e-35 26.310657064748696 28.274202375969569
decision_type=2 2 2 2 2 2 2 2 2 2 2 2 2 2 2 2 2 2 2 2 2 2 2 2 2 2 2
left_child=2 -2 3 4 5 6 -1 -6 9 10 12 -12 -4 15 -15 -11 17 -10 -3 20 21 -20 -22 25 -25 -21 -19
right_child=1 18 8 -5 7 -7 -8 -9 16 13 11 -13 -14 14 -16 -17 -18 26 19 23 22 -23 -24 24 -26 -27 -28
leaf_value=-0.013967746841300796 -0.030798318463507571 0.020902275289194402 0.029043608646797493 -0.057913626509744159 0.043813470316239653 -0.049791111206132284 0.033680801942557306 -0.0078446129070237156 0.013835438272561996 -0.0040547251285242862 0.010221390826547008 0.042252267241587281 -0.0064778525550833665 0.031753059796625217 -0.012999855253342081 -0.045260079619445046 -0.0059225655109243092 0.064330820094918556 -0.0020709602437848011 0.00073060446194703763 -0.011165381016533336 0.050360430574024756 -0.00069465166323821805 -0.0057476921772386634 0.012739745210766741 0.015174190321717344 0.049003372315308935
leaf_weight=9.7663734108209663 6.2347409427165976 8.2241780757904035 8.0011255741119367 5.0325134694576255 7.3972879946231824 7.4506628513336173 6.7078208476304999 4.6559484452009201 5.7749046832323092 8.5388155579566973 44.132511928677559 10.91953060030937 44.917841330170631 6.487727195024493 9.9369104951620084 8.4284489750862104 3.9932939261198035 3.1247620657086372 21.381856411695484 502.46304304152727 114.69331152737141 6.9851970672607413 402.62999452650547 209.05204159021378 46.38814976811409 57.636512093245983 3.1962355189025402
leaf_count=41 27 36 34 21 31 32 28 20 30 36 188 46 192 29 42 35 19 20 88 2076 476 30 1729 882 197 243 20
internal_value=8.63632e-07 -0.000466534 0.00324073 -0.00695773 0.00016984 -0.0117646 0.00543338 0.0238589 0.00589707 0.00364037 0.00790843 0.0165747 -0.00110716 -0.0101602 0.00467753 -0.0245234 0.0257249 0.0361728 -0.000328442 -0.000456712 -0.00229578 0.0108399 -0.00301607 0.000773838 -0.00239036 0.00221691 0.0565804
internal_weight=1574.15 1375.69 198.463 41.0106 35.9781 23.9249 16.4742 12.0532 157.452 141.363 107.971 55.052 52.919 33.3919 16.4246 16.9673 16.0892 12.0959 1369.45 1361.23 545.69 28.3671 517.323 815.54 255.44 560.1 6.321
internal_count=6648 5784 864 173 152 101 69 51 691 602 460 234 226 142 71 71 89 70 5757 5721 2323 118 2205 3398 1079 2319 40
is_linear=0
shrinkage=0.05


Tree=102
num_leaves=21
num_cat=0
split_feature=4 4 13 13 13 13 9 2 2 2 6 6 4 2 9 2 4 2 9 9
split_gain=0.964904 2.37389 3.38505 4.21446 2.40857 4.56378 2.2962 2.06087 3.29736 1.94501 2.27341 4.41939 3.67229 1.88783 1.97451 1.57378 2.70783 2.14471 1.39618 2.23429
threshold=2.3863032303732026 2.1663111332385236 20.121602889799199 37.071580940191033 29.750772063765815 25.503161253000641 2.6108585094717642 58.241185101407744 49.102437677023083 75.903347251829857 0.82623789039989182 0.96666655388901557 1.5721123790890166 12.365593154439134 1.7152393320225425 26.069179195449191 2.5046424174972821 40.968539929702324 2.6108585094717642 1.5614137469382496
decision_type=2 2 2 2 2 2 2 2 2 2 2 2 2 2 2 2 2 2 2 2
left_child=1 6 -3 4 5 -4 9 8 15 13 12 -12 -11 -1 -15 -2 -17 -18 19 -9
right_child=7 2 3 -5 -6 -7 -8 18 -10 10 11 -13 -14 14 -16 16 17 -19 -20 -21
leaf_value=-0.028564169113194149 -0.030058604625948837 0.041344568207170085 -0.027243810418230537 0.039673478000815832 -0.036424837880735604 0.038844832453716283 0.024890767193538998 -0.011856851714542153 -0.050592039488559198 -0.006083699104180375 0.014208999946880286 -0.028284925264973372 -0.033991098666253626 0.00094476400900973486 -0.0067702193788783437 0.033124097214572781 0.0034057984526954391 -0.037611257282437666 -0.015977234890335836 0.03020256778661556
leaf_weight=5.6328071057796469 5.7889492809772554 8.2769322097301501 5.442813456058504 5.9638543352484694 5.486829236149787 5.0229402184486389 9.1654656231403333 5.0345496535301235 5.3729940354824057 70.592059209942818 26.677766278386116 7.9394688457250586 14.15098215639591 1271.8389273807406 88.718260399997234 4.587838381528857 8.9668130427598935 4.9442583471536627 5.1962537020444861 8.4694073498249036
leaf_count=24 24 35 23 27 24 21 39 21 24 298 112 35 58 5373 371 20 39 23 22 35
internal_value=1.13963e-06 0.000221654 0.0141021 0.00381368 -0.00959246 0.00447481 -5.87313e-05 -0.00695206 -0.0151476 -0.000212663 -0.00633352 0.00446301 -0.0107439 0.000322099 0.000441691 -0.00730655 -0.000186639 -0.0111724 0.00604711 0.014522
internal_weight=1573.27 1524.91 30.1934 21.9164 15.9526 10.4658 1494.72 48.3611 29.6609 1485.55 119.36 34.6172 84.743 1366.19 1360.56 24.2879 18.4989 13.9111 18.7002 13.504
internal_count=6648 6440 130 95 68 44 6310 208 130 6271 503 147 356 5768 5744 106 82 62 78 56
is_linear=0
shrinkage=0.05


Tree=103
num_leaves=31
num_cat=0
split_feature=2 13 4 4 4 9 9 13 0 13 13 13 9 13 9 9 13 2 13 4 13 4 9 3 4 13 4 3 4 13
split_gain=0.957344 1.74038 2.81376 2.76242 2.6719 2.55284 3.92824 2.17797 1.24999 1.97379 4.17795 7.15347 2.8125 1.9306 5.17896 8.05582 4.14698 2.54142 2.51251 2.09554 1.69415 4.45483 5.70057 5.39881 3.62268 3.23191 4.79587 4.87593 4.19256 2.765
threshold=20.771590506259731 20.531219930560322 1.1443991020332616 1.355645202050431 1.8954557908114842 0.72365158525108808 0.49117353775202849 27.519821806395594 1.0000000180025095e-35 13.21198499526089 11.73201446097246 11.408581076132437 1.4331956664922394 17.162319941798142 0.88042038763715136 0.74377172293946869 17.59014636671402 75.066230817614823 17.392773982598403 0.90386679373036294 44.222246798515663 1.2975651085672502 1.7577739556250453 39.885074528425498 0.40921247845305464 31.729457722630652 1.262556342100343 75.685017168067247 1.3984610878940853 30.724850426649503
decision_type=2 2 2 2 2 2 2 2 2 2 2 2 2 2 2 2 2 2 2 2 2 2 2 2 2 2 2 2 2 2
left_child=1 2 -1 5 -5 6 -3 -7 9 10 11 12 -2 14 15 -11 18 -18 -15 -16 25 23 -23 -22 -25 29 27 -27 -28 -10
right_child=8 3 -4 4 -6 7 -8 -9 20 13 -12 -13 -14 16 19 -17 17 -19 -20 -21 21 22 -24 24 -26 26 28 -29 -30 -31
leaf_value=-0.00089399258375823698 -0.015320468440929477 0.031687646955091957 0.051495181934262092 -0.038977168350314395 0.008085800372573667 0.0035001282924320811 -0.03286034944015321 0.049066382384841345 0.0014866132516333586 0.0076271796015633638 -0.02968802728771297 0.056794889871714861 0.027075668004083526 -0.011330563413505888 -0.033251319756259286 0.065146732397721355 -0.0010714343704107327 -0.039994123911027933 -0.060140386744942959 -0.0011408100727837223 0.030242267635251577 0.045483120592335578 -0.01269562612015632 0.030203128102003502 -0.016517262693713525 0.0081446099366348293 -0.046225681731221151 -0.014848216197615253 -0.011114338360007222 0.023087586692385014
leaf_weight=5.1178596019744855 27.662458971142769 4.0709902793169039 5.1340542137622833 6.5115960389375669 5.6174948960542679 4.5550530850887281 5.5986167639493942 6.1809124946594238 611.50463306903839 27.550323963165283 19.200608089566231 4.6855376362800589 4.5561243146657935 5.9952890276908857 6.1405392736196509 7.8136297464370719 547.41645050048828 4.226200506091117 4.7061291188001633 29.443790584802628 11.158295482397078 14.264532059431078 5.9737294390797606 4.8396369144320479 29.080732807517052 65.100970059633255 11.05131810903549 35.702733516693115 36.857328951358795 15.182346910238264
leaf_count=23 120 20 22 27 24 21 24 28 2547 116 82 20 20 25 26 33 2325 20 20 125 56 63 27 22 122 280 45 148 153 64
internal_value=1.04508e-06 0.00737773 0.025342 0.00171707 -0.0171803 0.0129497 -0.00568507 0.0297335 -0.000205229 -0.00178339 -0.0107719 -0.000930171 -0.00932511 -0.000987079 0.00678512 0.0203361 -0.00196766 -0.00136963 -0.0327955 -0.0066819 0.00108888 0.0088223 0.0283105 7.29886e-05 -0.00985136 0.000437446 -0.00618913 9.93034e-07 -0.0192136 0.00200993
internal_weight=1572.9 42.7866 10.2519 32.5347 12.1291 20.4056 9.66961 10.736 1530.11 689.397 56.1047 36.9041 32.2186 633.292 70.9483 35.364 562.344 551.643 10.7014 35.5843 840.716 65.3169 20.2383 45.0787 33.9204 775.399 148.712 100.804 47.9086 626.687
internal_count=6648 189 45 144 51 93 44 49 6459 2932 242 160 140 2690 300 149 2390 2345 45 151 3527 290 90 200 144 3237 626 428 198 2611
is_linear=0
shrinkage=0.05


Tree=104
num_leaves=31
num_cat=0
split_feature=5 5 9 9 4 3 4 5 13 5 4 5 5 4 11 3 5 9 13 13 4 4 4 13 8 9 5 5 13 3
split_gain=0.944474 2.59621 3.7753 4.37947 3.33769 2.85046 2.27398 1.43427 4.08956 3.37009 5.62243 4.66415 4.08754 3.50348 2.78048 2.14142 2.97492 7.4315 3.899 2.17785 1.79042 1.57497 2.9629 2.8726 1.80461 1.75775 1.75333 1.27377 1.27561 0.67191
threshold=0.00078214285714285831 0.00077321428571428398 1.1801004259775496 1.0884352109522917 1.5188780896353586 59.468448774189348 1.0927333380012103 0.0009749999999999799 54.149228771336276 0.00092071428571428274 0.95140259189337761 0.00093571428571429373 0.00090928571428569203 0.41566175293005742 1.0000000180025095e-35 97.202660406885641 0.0013632142857142712 0.80085434541413814 23.072925437601622 27.382260632411992 0.90968708537999909 0.14225519663849576 0.19259771359776109 37.344088789124875 -1.0000000180025095e-35 0.3506579463282678 0.001459642857142856 0.00072392857142854813 23.072925437601622 36.652920266664161
decision_type=2 2 2 2 2 2 2 2 2 2 2 2 2 2 2 2 2 2 2 2 2 2 2 2 2 2 2 2 2 2
left_child=1 2 3 27 5 6 -4 8 9 12 13 -12 14 -11 -2 21 19 -18 -19 -17 -14 23 25 26 -24 -23 -9 29 -29 -1
right_child=7 -3 4 -5 -6 -7 -8 15 -10 10 11 -13 20 -15 -16 16 17 18 -20 -21 -22 22 24 -25 -26 -27 -28 28 -30 -31
leaf_value=-0.010158562736876672 -0.010355176172953909 -0.037003699210607775 0.0070737970326610333 -0.063095393581690626 -0.023779591056457786 -0.0036634675552676323 0.050958023920067479 -0.012316276244976741 0.039035093074780161 -0.0052689796943862768 0.025697591145537293 -0.012730813414864088 -0.051591992563522648 0.036565442404111248 0.006561777051773395 -0.010298834927287982 -0.040318124993100564 -0.0026898323736316287 0.049944446460738673 -0.048963557198772295 -0.013506488860003522 0.0039246842692609871 -0.0018762361133965221 0.041445653848321329 0.001965642968156156 -0.030452279152390932 0.012754910904119045 -0.040335998785133886 -0.0057765097178400348 0.014069982598335778
leaf_weight=4.8090384006500297 36.525221392512321 6.1296116560697547 4.6615912914276185 4.1236755251884452 5.4342264831066123 7.7149585485458365 8.0489528924226743 10.758779212832453 8.0873023420572263 6.3379331380128887 11.272931337356566 26.358685046434402 5.1976466476917249 23.789681494235992 72.506104022264481 7.217790946364401 7.6766348332166698 7.9155219942331296 6.3339580148458481 7.3513742089271545 7.5951082110404968 5.2458697110414532 631.90574634820223 6.1261933222413054 592.02781178057194 12.7709404528141 19.821104265749454 4.3720777034759504 6.8587878793478012 7.0659943372011185
leaf_count=22 155 27 21 21 25 36 35 47 38 28 47 110 22 101 311 30 33 33 26 31 32 23 2651 35 2471 54 100 19 32 32
internal_value=1.02092e-06 -0.00619334 -0.00263602 -0.0156297 0.011046 0.0203114 0.0348635 0.000243497 0.00421458 0.00272919 0.0116679 -0.0012192 -0.00224255 0.0277648 0.00089464 -0.000353366 -0.0122958 -0.000659165 0.0207063 -0.0298085 -0.0289805 -1.25073e-05 -0.000314187 0.0101948 -1.78842e-05 -0.0204429 0.00393423 -0.00715863 -0.0192302 0.00425814
internal_weight=1572.04 59.2189 53.0893 27.2296 25.8597 20.4255 12.7105 1512.82 197.671 189.583 67.7592 37.6316 121.824 30.1276 109.031 1315.15 36.4953 21.9261 14.2495 14.5692 12.7928 1278.66 1241.95 36.7061 1223.93 18.0168 30.5799 23.1059 11.2309 11.875
internal_count=6648 270 243 126 117 92 56 6378 844 806 286 157 520 129 466 5534 153 92 59 61 54 5381 5199 182 5122 77 147 105 51 54
is_linear=0
shrinkage=0.05


Tree=105
num_leaves=31
num_cat=0
split_feature=2 2 3 3 13 4 13 13 5 4 2 13 3 2 2 3 13 13 2 13 4 13 13 3 5 4 2 4 4 13
split_gain=0.943611 3.95575 3.75401 3.58054 2.71571 5.25927 3.14384 2.16905 5.10769 3.80234 2.60589 3.62015 3.29228 1.92516 6.27988 3.30835 6.06899 6.02225 4.37434 4.56938 5.9507 4.03312 3.63347 2.48002 3.12777 2.3217 1.58489 1.44212 3.84848 5.08189
threshold=44.046856898969601 43.124205505003985 61.272709320694211 58.076141412232168 17.282610783871814 1.3848660165063738 28.659473259622892 15.122668760384922 0.00092071428571428274 0.71313456384245499 38.861944354672367 35.043176881411505 52.137419109250295 47.459828289244591 47.645713849537856 60.390187077577828 33.208788725496213 41.758680655529268 45.291237968802655 28.185853067648022 1.262556342100343 36.60664925801364 25.118424175187716 46.490595143312746 0.0011521428571428399 1.1084966458054963 45.855049449406266 0.62923914953435267 0.72431413827027324 17.678110132520768
decision_type=2 2 2 2 2 2 2 2 2 2 2 2 2 2 2 2 2 2 2 2 2 2 2 2 2 2 2 2 2 2
left_child=1 2 7 4 -3 6 -6 8 -1 -10 12 -12 -9 15 -15 18 22 -18 19 20 -2 -21 26 25 -25 -20 -17 -16 -29 -30
right_child=13 3 -4 -5 5 -7 -8 10 9 -11 11 -13 -14 14 27 16 17 -19 23 21 -22 -23 -24 24 -26 -27 -28 28 29 -31
leaf_value=-0.044906643606733264 0.0061143431289544838 0.034293730476112311 -0.033749107825425617 0.052088998882807963 -0.0083822395145777742 -0.038373358916245735 0.036508584549471 0.00080747357263023583 0.013261592257188383 -0.01253800903623239 0.0026995965100577017 0.021907147218199047 -0.034906496116560264 0.050095319058077827 0.0027661944745685152 -0.0081216446109209015 -0.055235533292604 0.018646012259759093 -0.022509693760577914 0.055162672710842242 -0.051828679960727236 0.0019121872155025276 0.061007805025962827 -0.009440088333384342 -0.059279567272425719 0.0020667119830204534 0.030850126774779801 -0.012548693094484135 0.0071894121799871633 -0.0033990841328435137
leaf_weight=7.9771199449896804 13.366018831729891 8.5715704113245028 7.8704115301370612 6.215036913752555 7.0837331712245968 6.0907396823167792 8.6783189177513105 347.45020982995629 23.665579617023468 36.01453723013401 76.196952231228352 36.179196394979954 6.5751017481088629 6.1807991713285437 245.1497263237834 5.3640069365501422 5.788338825106619 5.2688988894224167 28.841954790055752 6.0002106875181189 6.6284891813993445 8.7281577289104444 5.5128003656864157 5.277491167187689 7.8013499975204468 14.411292538046835 5.0789510458707809 72.986841388046741 159.56960564851761 390.94461140036583
leaf_count=34 56 36 33 27 30 25 38 1511 101 151 318 156 28 26 1034 22 24 22 120 25 28 38 23 22 33 60 21 308 663 1635
internal_value=9.71892e-07 0.00160602 0.000531019 0.0175063 0.0104418 0.00108606 0.0163339 0.0010362 -0.00733008 -0.00230742 0.00224984 0.00888342 0.000144179 -0.000934301 -0.000125476 -0.00692734 0.00843918 -0.0200301 -0.0114861 0.00247261 -0.0130947 0.023606 0.0281682 -0.0200902 -0.0391687 -0.0143212 0.0108323 -0.000482817 -0.00176027 -0.00032995
internal_weight=1571.47 578.569 541.929 36.6394 30.4244 21.8528 15.7621 534.059 67.6572 59.6801 466.401 112.376 354.025 992.9 874.832 118.068 27.013 11.0572 91.055 34.7229 19.9945 14.7284 15.9558 56.3321 13.0788 43.2532 10.443 868.651 623.501 550.514
internal_count=6648 2488 2332 156 129 93 68 2299 286 252 2013 474 1539 4160 3666 494 112 46 382 147 84 63 66 235 55 180 43 3640 2606 2298
is_linear=0
shrinkage=0.05


Tree=106
num_leaves=31
num_cat=0
split_feature=5 5 3 9 3 9 9 3 3 10 5 2 6 3 6 3 9 9 6 9 9 9 4 3 5 6 13 5 3 9
split_gain=0.926766 3.79571 3.22175 6.93087 4.52815 5.73509 7.35267 6.13237 6.07771 5.6052 5.74644 4.27994 3.77611 3.64296 3.52597 3.20028 3.27291 6.1795 4.25488 3.63724 4.66488 3.01983 2.90431 2.66414 2.52499 2.26486 2.25374 2.08713 11.1749 1.75852
threshold=0.002224999999999993 0.001942499999999998 86.287315815011354 0.48599346178569375 35.928724796730613 1.1801004259775496 1.3741591817223957 46.490595143312746 80.023918612073459 1.0000000180025095e-35 0.0023696428571428545 85.799635147461387 0.84589557816471761 90.351690915600173 0.687184255033082 89.365552683193343 0.48095248886473446 0.38324082040465662 0.48507126504063214 0.70036453795906661 0.7864963983576917 0.66231136499269283 0.47302651954503222 40.631538130484465 0.0026653571428571269 1.0000000180025095e-35 69.025114522140868 0.001833928571428556 45.270075223719758 0.57689942284052964
decision_type=2 2 2 2 2 2 2 2 2 2 2 2 2 2 2 2 2 2 2 2 2 2 2 2 2 2 2 2 2 2
left_child=1 25 4 -4 9 7 -7 23 -9 10 -2 12 13 -5 -12 16 17 18 -3 21 -21 -18 -19 -6 -11 -1 27 29 -29 -27
right_child=2 15 3 11 5 6 -8 8 -10 24 14 -13 -14 -15 -16 -17 19 22 -20 20 -22 -23 -24 -25 -26 26 -28 28 -30 -31
leaf_value=0.024181694113760602 0.03781195720563077 -0.05322158132069961 -0.029143629680389402 0.033472701709690175 -0.00048296057186391657 -0.080809768083138514 -0.0097759474557739968 0.019159254946108022 -0.030693951104694597 0.022142824499424112 -0.015524021917416548 -0.011189728073149871 0.017124564546812642 0.093265219176167979 0.025601842864257648 -0.036643393662320396 -0.01720742002185861 0.064935454280623292 0.014903084924845104 0.031607714056980714 -0.00881315718472238 -0.058339884921850632 0.011861636317152903 -0.04217106601248026 0.066241956077141562 -0.0042746124404724178 0.028545829971619668 0.031621485547002594 -0.01157557518241982 0.00054481036643575984
leaf_weight=9.9352493062615377 8.7742331847548467 4.3805553615093249 6.0897005498409298 5.3341154605150276 6.1556878238916424 5.5739668309688595 10.515664294362066 32.876284703612328 7.5101127326488486 8.8684799373149854 27.148906111717224 4.858754336833953 8.6471956968307477 4.876106470823288 6.4500404447317115 9.4855811446905118 22.196273759007457 5.2363255769014341 4.8073616474866867 8.09910801053047 60.141805589199066 5.5850263833999625 5.0767072886228561 10.154329553246496 5.1198340207338324 234.87344344332814 6.9820789843797675 28.799008391797543 31.183269485831261 974.99174565076828
leaf_count=48 37 19 26 22 26 23 44 137 31 39 115 20 36 20 27 40 93 24 22 34 251 23 21 43 26 1002 34 128 130 4107
internal_value=8.07127e-07 -0.000406721 0.00362034 0.0184378 0.000200634 -0.00803799 -0.0343844 -0.000561266 0.00988873 0.0108401 0.00178046 0.0306554 0.0414372 0.0620279 -0.00762903 -0.00872462 -0.00643221 0.0122428 -0.017577 -0.0102249 -0.00401584 -0.0254765 0.0388093 -0.0264372 0.0382835 0.00040136 0.000216321 6.05552e-05 0.00916443 -0.000390793
internal_weight=1570.73 1411.77 158.953 29.8059 129.148 72.786 16.0896 56.6964 40.3864 56.3615 42.3732 23.7162 18.8574 10.2102 33.5989 125.009 115.523 19.5009 9.18792 96.0222 68.2409 27.7813 10.313 16.31 13.9883 1286.76 1276.83 1269.85 59.9823 1209.87
internal_count=6648 5976 672 124 548 304 67 237 168 244 179 98 78 42 142 527 487 86 41 401 285 116 45 69 65 5449 5401 5367 258 5109
is_linear=0
shrinkage=0.05


Tree=107
num_leaves=21
num_cat=0
split_feature=4 4 13 13 13 13 9 9 4 3 4 9 13 9 3 9 9 13 3 4
split_gain=0.882029 2.16847 3.12049 3.72236 2.18809 4.07762 2.12219 1.61483 3.60058 3.7419 3.20523 1.86247 3.23502 1.91265 1.61146 1.53704 2.79394 3.60914 2.96986 1.78395
threshold=2.3863032303732026 2.1663111332385236 20.121602889799199 37.071580940191033 29.750772063765815 25.503161253000641 2.6108585094717642 1.7152393320225425 1.1374654670030377 83.050914992513654 1.3487569192517974 1.4873064229500306 37.344088789124875 1.4754079524807595 88.203236271563085 1.3895652012887925 1.6127926195125244 22.708117627102098 43.9887955182082 2.8259660873282342
decision_type=2 2 2 2 2 2 2 2 2 2 2 2 2 2 2 2 2 2 2 2
left_child=1 6 -3 4 5 -4 7 11 9 -9 -10 13 -13 -1 15 -2 -17 19 -19 -18
right_child=14 2 3 -5 -6 -7 -8 8 10 -11 -12 12 -14 -15 -16 16 17 18 -20 -21
leaf_value=-0.00010418746390742256 0.014019383214915616 0.039758543789675582 -0.025555485702120174 0.037584097315693926 -0.034613422846601412 0.036985652560167913 0.023956616852869209 -0.0017952345716601816 -0.026951821869222972 0.052611793589125704 -0.0046503662048713885 0.0023100036308169435 0.02575871187140168 -0.029319034835592575 0.0144139919427143 -0.046905152247704529 -0.0061321809651352505 -0.0036393655434729904 -0.044204762084570963 0.033661209762684205
leaf_weight=1285.530981823802 5.4696087986230841 8.225101053714754 5.4323219209909457 5.8852550610899916 5.4589983820915213 5.0097462236881256 9.1449520587921125 8.8836896419525129 21.05202242732048 4.9052260667085639 68.650291822850704 69.287531673908234 18.672895580530167 5.6268402636051169 7.631964683532714 5.5845984965562812 5.592913746833803 9.9122683554887789 8.2816892564296705 5.6734345555305481
leaf_count=5447 24 35 23 27 24 21 39 38 89 20 286 288 79 24 32 25 24 42 37 24
internal_value=1.0668e-06 0.000211872 0.0135188 0.00361238 -0.00896113 0.00444961 -5.58392e-05 -0.000203952 -0.00622773 0.0175594 -0.00988424 0.000248082 0.00728787 -0.000231505 -0.00666187 -0.0106321 -0.0144795 -0.00833279 -0.0221043 0.0139067
internal_weight=1569.91 1521.77 30.0114 21.7863 15.9011 10.4421 1491.75 1482.61 103.491 13.7889 89.7023 1379.12 87.9604 1291.16 48.1465 40.5145 35.0449 29.4603 18.194 11.2663
internal_count=6648 6440 130 95 68 44 6310 6271 433 58 375 5838 367 5471 208 176 152 127 79 48
is_linear=0
shrinkage=0.05


Tree=108
num_leaves=29
num_cat=0
split_feature=5 5 9 9 2 3 3 5 3 13 2 9 13 3 2 13 5 2 2 3 3 6 6 9 5 3 3 9
split_gain=0.838778 2.37625 3.46272 4.00621 3.02655 3.25161 2.59776 1.31827 3.76799 3.76306 3.71132 4.95456 3.28529 1.90265 3.16452 3.12329 4.81973 2.3272 1.68734 1.1922 2.09245 1.08479 3.55266 7.29893 4.24264 3.00011 5.04067 3.93132
threshold=0.00078214285714285831 0.00077321428571428398 1.1801004259775496 1.0884352109522917 33.906909767688681 46.823732658122275 24.523890083862483 0.0009749999999999799 97.202660406885641 49.881297144744941 43.929209601524889 1.3965566658099755 21.830275269924353 97.202660406885641 84.02243463302456 23.363893652839575 0.0013632142857142712 68.106586887074471 54.531099906927743 46.094434155934799 63.043614145303998 0.68235286089963731 0.69491516590061109 1.094492077152198 0.0010492857142857289 91.823769972907442 90.351690915600173 0.78132172073306105
decision_type=2 2 2 2 2 2 2 2 2 2 2 2 2 2 2 2 2 2 2 2 2 2 2 2 2 2 2 2
left_child=1 2 3 4 -1 -6 -4 8 9 10 11 -2 -12 21 15 17 -17 -15 -11 -8 -21 25 23 -23 -24 26 -9 -27
right_child=7 -3 6 -5 5 -7 19 13 -10 18 12 -13 -14 14 -16 16 -18 -19 -20 20 -22 22 24 -25 -26 27 -28 -29
leaf_value=-0.043240499408151264 0.018556576991824038 -0.035361633734554677 0.037621695332328897 -0.060799721914152449 0.022718626971368151 -0.019226553840401759 -0.01710723254571871 -0.0010276131189764757 0.048080412776127734 0.046672190727344381 0.0052443072556734478 -0.0099666619959753108 -0.01226230185193336 -0.014312996087497427 0.015070820707097796 -0.030691279883192847 0.026904504888036942 -0.056448972840734246 0.0068705818613766546 0.038714778955934739 -0.0039508588560086544 0.00140424387225674 -0.016525486932610748 0.073189871302325613 0.0026812389296590657 0.0033389925494304953 -0.034293079409529414 0.050940388500867788
leaf_weight=4.5829387456178727 50.693428352475166 6.1126694381237021 6.6395576298236874 4.0472991913557044 9.421882629394533 9.0663041248917562 6.0149236023426083 834.78963611647487 4.7401486784219733 6.8090509176254255 47.596558317542076 21.759706526994705 61.328343614935875 5.9852659851312655 8.5016230344772321 7.7904108613729459 6.8052628487348557 7.2418402582406998 4.3729598224163055 4.2339953333139411 8.9444190710782987 10.676936306059359 31.225703507661819 5.2980907112359992 362.95341692119837 14.16526108980179 11.545325607061384 6.2518535554409018
leaf_count=21 217 27 29 21 42 42 27 3522 21 32 201 90 263 25 36 33 28 31 20 19 42 46 129 22 1528 60 48 26
internal_value=9.79576e-07 -0.00584427 -0.0024368 -0.0149162 -0.00686703 0.0021494 0.0106636 0.000229538 0.00404032 0.00295621 0.00122071 0.00999025 -0.0046125 -0.000342995 -0.0116269 -0.0197848 -0.00383713 -0.0373824 0.0311069 0.00133804 0.00975687 -2.19997e-05 0.00209654 0.0252118 0.00115974 -0.00102451 -0.00148141 0.0179149
internal_weight=1569.59 59.064 52.9513 27.1184 23.0711 18.4882 25.8329 1510.53 197.3 192.56 181.378 72.4531 108.925 1313.23 36.3244 27.8228 14.5957 13.2271 11.182 19.1933 13.1784 1276.91 410.154 15.975 394.179 866.752 846.335 20.4171
internal_count=6648 270 243 126 105 84 117 6378 844 823 771 307 464 5534 153 117 61 56 52 88 61 5381 1725 68 1657 3656 3570 86
is_linear=0
shrinkage=0.05


Tree=109
num_leaves=31
num_cat=0
split_feature=0 3 3 5 2 3 1 6 3 9 9 3 3 6 9 9 3 3 2 3 5 6 5 5 6 9 6 9 3 9
split_gain=0.853043 1.85428 3.40691 6.09089 3.66363 3.3851 2.62945 2.44901 3.2234 5.44877 3.19518 2.87505 5.08794 4.32655 2.33648 1.95227 1.80397 1.55916 3.34783 1.91015 1.95715 1.70685 4.55131 5.24617 3.37077 2.97786 2.29506 6.18815 2.43963 1.75608
threshold=1.0000000180025095e-35 26.374379948100085 29.153062557136408 0.0014935714285714199 28.577634355220507 25.55578238236108 -1.0000000180025095e-35 0.28134353247540239 14.212724509565232 0.84666142746903439 0.41517091693453978 10.962380573248932 11.96341197678373 0.19487640192074443 1.6260520147337016 0.92817963524749292 27.49851750437918 10.538127413126643 42.729397043185266 9.1200813275277159 0.0013307142857142725 0.063861394524264495 0.0010285714285714184 0.0015803571428571635 0.034035743045823595 0.98440132658345736 0.095238090136033945 1.2129133611466232 48.170459616242546 0.59978082083289963
decision_type=2 2 2 2 2 2 2 2 2 2 2 2 2 2 2 2 2 2 2 2 2 2 2 2 2 2 2 2 2 2
left_child=1 5 3 15 -4 7 -6 11 9 -9 -10 13 -13 -1 -8 -3 -5 18 19 20 -2 22 -19 24 -24 -25 27 28 -23 -28
right_child=17 2 4 16 6 -7 14 8 10 -11 -12 12 -14 -15 -16 -17 -18 21 -20 -21 -22 26 23 25 -26 -27 29 -29 -30 -31
leaf_value=-0.0061343998805424007 -0.00047739025766058423 -0.025224310744891006 0.02850501820235618 0.0291377652010987 -0.030280547967073291 0.027284435128998915 -0.0036818039893115892 -0.00062192179116005511 -0.02975095214604245 -0.031576343094407086 0.0042459220256387481 0.05933895263389808 0.0092779668454378676 0.021174742294729293 0.0097485470819657222 -0.061814115418673959 -0.010282164779606683 0.032971010479148639 -0.019725375574150616 0.051588728363622466 0.035025191772480334 0.0021107308048071306 -0.015083561966990677 -0.0084546206259676626 -0.05659609074529727 0.034908113708067089 -0.0036387889731195017 -0.028136694405796088 0.042984668486667002 0.0021061691124662743
leaf_weight=66.517046347260475 9.1378202661871963 7.7672318816185015 9.4458595216274244 4.8568759188055974 8.6437638849019987 12.374949127435682 335.078035145998 36.088201373815536 7.4488157182931891 23.457222774624825 95.766676336526871 5.689510077238082 47.03468231856823 18.547293893992901 35.848352536559105 6.8698710799217224 7.2116794213652611 5.7250333726406089 6.0143892765045157 4.4745429307222357 6.7489821165800086 5.1253711581230226 11.478412941098215 14.302047267556192 8.5194729417562467 5.4748360365629187 173.3699111752212 5.826393634080886 12.687856093049048 571.50771708786488
leaf_count=281 43 32 40 21 38 52 1443 154 32 97 398 24 199 79 161 30 31 25 26 23 36 22 48 61 35 23 744 24 52 2374
internal_value=8.04685e-07 -0.00125124 -0.0034396 -0.0207151 -0.00225365 0.001656 -0.0030191 0.000600763 -0.00355201 -0.0128161 0.00179245 0.00550618 0.0146801 -0.000179958 -0.00238382 -0.0423976 0.00558201 0.00108637 0.0130507 0.0227322 0.0146047 0.000698702 -0.00871094 -0.0147105 -0.0327687 0.00354949 0.0012558 0.0165936 0.0312241 0.000769033
internal_weight=1569.04 728.646 415.722 26.7057 389.016 312.924 379.57 300.549 162.761 59.5454 103.215 137.789 52.7242 85.0643 370.926 14.6371 12.0686 840.393 26.3757 20.3613 15.8868 814.017 45.4998 39.7748 19.9979 19.7769 768.517 23.6396 17.8132 744.878
internal_count=6648 3112 1796 114 1682 1316 1642 1264 681 251 430 583 223 360 1604 62 52 3536 128 102 79 3408 192 167 83 84 3216 98 74 3118
is_linear=0
shrinkage=0.05


Tree=110
num_leaves=22
num_cat=0
split_feature=3 13 5 6 4 10 5 6 11 6 6 3 3 6 5 5 6 4 13 6 5
split_gain=0.865378 2.26817 3.00511 3.56131 2.95711 2.63066 1.93622 1.08402 4.6606 3.02176 1.9033 4.04621 4.5922 1.78845 12.7418 8.15137 3.08152 7.11689 2.98987 2.41704 1.4771
threshold=4.0974613660682895 20.194978166607225 0.0015671428571428544 0.08168170842407857 1.3690330715628907 1.0000000180025095e-35 0.0015607142857142727 0.019139191383070967 1.0000000180025095e-35 0.010641006933299143 0.034035743045823595 24.523890083862483 49.861024251268041 0.059831420691032249 0.0016521428571428561 0.0010728571428571534 0.095238090136033945 1.2915162242203704 21.135016910087256 0.10174564955387982 0.0015549999999999891
decision_type=2 2 2 2 2 2 2 2 2 2 2 2 2 2 2 2 2 2 2 2 2
left_child=1 6 4 -4 5 -3 -1 8 9 20 11 -9 -13 14 15 -12 17 -15 -16 -18 -2
right_child=7 2 3 -5 -6 -7 -8 10 -10 -11 13 12 -14 16 18 -17 19 -19 -20 -21 -22
leaf_value=0.0086499237426792414 0.029091445132645943 0.047846701267715695 -0.045819811018680622 0.0053566075161908299 -0.017838974156135182 0.0017537297705988613 0.048523034200386145 0.055227951794584063 -0.041927537245140256 -0.026038981645755063 0.0073969418380231203 -0.027406860947296875 0.027522201411882559 0.021373689905688491 0.050847441077835946 -0.05763647923883293 -0.02311395021177149 -0.02238665330018989 0.0031225477701170862 -0.00021722539309633295 -0.0029357230223519912
leaf_weight=7.5163621008396131 8.2878222838044184 6.7224995493888908 6.2229615449905378 7.492359459400177 5.3436561971902838 5.7374911829829216 5.1175782829523087 4.815990254282954 8.11846871674061 6.383683815598487 7.3399446606636074 6.9414151310920706 8.4211946427822095 42.242642298340797 6.6493085473775846 14.025307059288023 11.623415052890776 11.910901457071303 6.4797947704792023 1374.5894814766943 6.3648522645235053
leaf_count=32 38 32 26 35 24 27 22 21 34 27 32 29 35 176 28 59 49 49 27 5817 29
internal_value=8.08426e-07 0.0069015 -0.000273334 -0.0178633 0.0132774 0.0266221 0.0248012 -0.000199091 -0.00974771 0.00267131 -1.2883e-05 0.0152391 0.00270315 -0.000221557 -0.0114727 -0.0352945 4.78886e-05 0.0117487 0.0272931 -0.000409215 0.0151794
internal_weight=1568.35 44.1529 31.519 13.7153 17.8036 12.46 12.6339 1524.19 29.1548 21.0364 1495.04 20.1786 15.3626 1474.86 34.4944 21.3653 1440.37 54.1535 13.1291 1386.21 14.6527
internal_count=6648 198 144 61 83 59 54 6450 128 94 6322 85 64 6237 146 91 6091 225 55 5866 67
is_linear=0
shrinkage=0.05


Tree=111
num_leaves=31
num_cat=0
split_feature=13 9 13 13 2 5 5 6 5 9 2 5 5 13 5 9 13 13 0 5 5 13 2 6 5 2 5 5 6 5
split_gain=0.859444 6.6338 3.62213 4.78524 3.72333 3.5164 4.72192 3.48882 3.72808 2.89479 2.61879 4.92966 2.52917 2.47482 3.46078 4.43999 6.33856 3.77521 5.6095 3.75455 3.03399 2.46079 6.23908 5.48801 2.96645 4.50948 4.18222 2.19338 1.98418 1.80358
threshold=14.505228769273698 2.1111783595098794 13.534763452008784 13.07740509245672 45.641319170598742 0.0016407142857142573 0.0010985714285713934 0.02603048842711753 0.0024232142857142851 0.81045476906369152 85.799635147461387 0.0012128571428571585 0.0020364285714285584 17.99915748246632 0.0014557142857143143 1.277693672043519 15.980896701307509 17.59014636671402 1.0000000180025095e-35 0.0013592857142856981 0.0017757142857142696 18.805163807690935 33.666840176982888 0.5853657465796106 0.0015057142857142771 80.105795481697598 0.0014850000000000143 0.0018621428571428521 0.70370360596709713 0.0015103571428571568
decision_type=2 2 2 2 2 2 2 2 2 2 2 2 2 2 2 2 2 2 2 2 2 2 2 2 2 2 2 2 2 2
left_child=1 2 3 7 -5 6 -4 -1 -9 -6 13 -12 28 14 17 16 -16 19 -19 -2 -17 22 -15 -24 26 -26 -23 -7 -13 -8
right_child=10 -3 5 4 9 27 29 8 -10 -11 11 12 -14 21 15 20 -18 18 -20 -21 -22 24 23 -25 25 -27 -28 -29 -30 -31
leaf_value=0.034694010801114214 0.00060330132440532692 0.04409980921355957 -0.032412179523003834 -0.0083377853559580186 0.010878069851649267 -0.0654033270269017 -0.0013417535709022207 -0.0083067812183407388 0.013930633720729247 0.058900210275083256 0.015738440692942751 -0.070554457997739226 -0.0059356529460631337 -0.059226035438192652 0.041046405706770886 0.012638185495198965 0.0078589994010832952 -0.014430568384911436 0.053311334771927177 -0.029483733767784188 -0.029619228789547522 0.0018953371440288303 0.010858140199094063 -0.02520525167511628 -0.0038626706128257922 0.023770848147965151 0.028005040752227674 -0.022943818547902506 -0.02550513612716819 0.034340355441257332
leaf_weight=5.6451723128557196 79.158506810665131 7.3162247240543357 12.131892144680025 6.538247317075732 5.5451059192419034 4.9123602956533414 14.224829956889154 139.21449542045593 21.798887670040131 7.2296486645936966 8.0121530741453189 4.8798864185810071 5.6361018121242514 5.9068566411733618 23.167537465691566 8.5084802508354205 37.963437288999557 5.1467693597078306 7.5226567834615707 11.932045787572859 8.4821670055389387 639.34459950402379 24.871924817562103 18.319205567240715 405.77240473404527 15.32109287381172 15.714033544063566 7.9869366437196732 4.8971239030361176 4.7153238058090201
leaf_count=24 332 31 51 28 23 20 59 587 93 30 34 21 23 25 97 35 158 22 31 50 35 2724 104 76 1731 64 66 33 21 20
internal_value=8.85896e-07 -0.00277139 -0.00426272 -0.00121129 0.0223494 -0.0171684 -0.00805809 -0.00394158 -0.00529616 0.0380554 0.000495226 -0.0160747 -0.0326121 0.000792178 0.00620361 0.0141522 0.0204364 0.000219037 0.0257922 -0.00333783 -0.0084578 -8.25071e-05 -0.0110293 -0.00443789 0.000416926 -0.00285725 0.00252168 -0.0391134 -0.0479901 0.00754163
internal_weight=1567.82 237.259 229.943 185.972 19.313 43.9713 31.072 166.659 161.013 12.7748 1330.56 23.4253 15.4131 1307.13 181.882 78.1216 61.131 103.76 12.6694 91.0906 16.9906 1125.25 49.098 43.1911 1076.15 421.093 655.059 12.8993 9.77701 18.9402
internal_count=6648 999 968 785 81 183 130 704 680 53 5649 99 65 5550 760 325 255 435 53 382 70 4790 205 180 4585 1795 2790 53 42 79
is_linear=0
shrinkage=0.05


Tree=112
num_leaves=30
num_cat=0
split_feature=2 13 4 4 4 4 4 0 13 13 13 2 13 13 4 13 2 10 13 2 6 4 13 6 13 4 13 4 13
split_gain=0.88877 1.56776 2.47568 2.41004 2.33869 1.94629 1.66041 1.15441 1.66269 3.68566 6.52034 2.48595 1.67995 4.44967 4.00566 3.73888 3.01527 2.40871 2.2143 1.55262 2.56368 1.55018 1.40964 4.39045 3.64618 5.0712 2.93589 2.59974 2.58828
threshold=20.771590506259731 20.531219930560322 1.1443991020332616 1.355645202050431 1.8954557908114842 0.79165089616497075 0.50012933139191096 1.0000000180025095e-35 13.21198499526089 11.73201446097246 11.408581076132437 38.006200675676034 17.162319941798142 15.980896701307509 1.3984610878940853 17.59014636671402 53.554400039971725 1.0000000180025095e-35 17.392773982598403 36.38817836611981 0.40694476248151251 0.04798418983542297 41.758680655529268 0.18100522587629961 31.729457722630652 1.262556342100343 47.654456075094451 1.3759167281731315 30.724850426649503
decision_type=2 2 2 2 2 2 2 2 2 2 2 2 2 2 2 2 2 2 2 2 2 2 2 2 2 2 2 2 2
left_child=1 2 -1 5 -5 6 -3 8 9 10 11 -2 13 16 -15 18 -10 -17 -14 -11 -21 -9 24 26 28 -26 -24 -25 -23
right_child=7 3 -4 4 -6 -7 -8 21 12 19 -12 -13 15 14 -16 17 -18 -19 -20 20 -22 22 23 27 25 -27 -28 -29 -30
leaf_value=-0.00038459510575559027 0.013053540623013874 0.015497762783297423 0.04897846601902095 -0.036346597577465868 0.0077727569821294182 0.030689327456571505 -0.022319050088712721 0.038665193137347863 0.0039688938519072152 -0.046700467964513638 0.054354866409228798 -0.017686081524632285 -0.01115776773622996 0.035661675868631407 -0.014183591816297667 -0.00358246025883 -0.027094733910137545 0.0035404373320562302 -0.057182961635403734 0.0098198333231732 -0.036814906935951561 0.0012968707181961398 0.012727761328999762 -0.003443263752234518 -0.0008303664145186589 -0.022474932558615508 0.063652284123800848 0.017148261184918683 0.022231883802219549
leaf_weight=5.0863161236047727 9.2498501017689687 6.7482234090566653 5.0736007541418076 6.4889782667160016 5.5922997891902924 8.408283978700636 5.0934001505374908 2.7297318950295439 37.995388761162758 6.9452350884676006 4.6843887269496909 22.762308984994888 5.9745402187108976 17.765595063567165 5.2133375555276862 376.3435623049736 9.8338903039693815 173.36352472007275 4.6450055241584778 5.1195170879363996 6.9447430521249771 607.44289974868298 6.2282119989395124 52.564001858234406 87.970645699650049 39.084872722625732 5.1876503974199295 21.638182446360588 15.131810382008551
leaf_count=23 39 34 22 27 24 37 22 16 159 29 20 101 25 75 22 1607 44 738 20 22 31 2534 28 231 373 162 25 94 64
internal_value=7.46551e-07 0.00713334 0.024266 0.00174947 -0.0159242 0.0122937 -0.000768264 -0.000198013 -0.00171761 -0.00999813 -0.00074158 -0.00880393 -0.000986748 0.0062699 0.024353 -0.00190377 -0.00241791 -0.00133608 -0.0312893 -0.0278673 -0.0170253 0.00104751 0.000924573 0.00700252 0.000230388 -0.00748868 0.0358691 0.00256145 0.0018057
internal_weight=1567.31 42.4911 10.1599 32.3312 12.0813 20.2499 11.8416 1524.82 686.841 55.706 36.6965 32.0122 631.135 70.8082 22.9789 560.327 47.8293 549.707 10.6195 19.0095 12.0643 837.978 835.248 85.618 749.63 127.056 11.4159 74.2022 622.575
internal_count=6648 189 45 144 51 93 56 6459 2932 242 160 140 2690 300 97 2390 203 2345 45 82 53 3527 3511 378 3133 535 53 325 2598
is_linear=0
shrinkage=0.05


Tree=113
num_leaves=20
num_cat=0
split_feature=4 4 5 5 5 9 2 4 9 2 3 3 9 3 2 3 9 5 9
split_gain=0.864125 1.89219 3.21688 3.39312 2.65203 1.85479 1.84658 1.84905 2.35176 1.71912 4.14913 2.51644 3.02884 1.69444 1.60091 2.06598 1.22246 0.801967 0.673853
threshold=2.3863032303732026 2.1663111332385236 0.001645357142857137 0.0014085714285714498 0.0011982142857142532 2.6108585094717642 75.903347251829857 1.9309639956881879 1.0707964601770346 58.241185101407744 46.094434155934799 32.121883917831035 2.525446239205333 81.164951875208033 12.365593154439134 4.0974613660682895 1.6962489914151624 0.001012499999999988 2.080842807543049
decision_type=2 2 2 2 2 2 2 2 2 2 2 2 2 2 2 2 2 2 2
left_child=1 5 3 4 17 6 14 8 -8 10 11 12 16 -11 -1 -16 -2 -3 -15
right_child=9 2 -4 -5 -6 -7 7 -9 -10 13 -12 -13 -14 18 15 -17 -18 -19 -20
leaf_value=-0.026345330779244946 -0.0093859788813998833 0.015175208513830038 -0.016231876121042422 0.05758599205655382 -0.010060128126795975 0.022462771268991127 -0.0099482151291960044 -0.032514984665727643 0.0052453009180223201 0.02235968015216102 -0.044609407410307271 0.029496805211154227 0.017512447548738607 -0.02079038300765565 0.012060411502076665 0.00012493642430683841 -0.043195036711419048 0.044260662262223312 0.0046187652737396268
leaf_weight=5.5959450155496588 5.0031114518642514 4.9095605015754789 7.2689842432737342 5.168120138347148 7.855229638516902 9.1009762734174711 73.471042692661285 6.301226094365119 38.983009099960327 8.1568813323974627 8.0942184478044492 4.7567696869373313 5.7482971996068946 5.2069102227687818 37.282119192183018 1318.0558741763234 5.7424505203962326 4.5816932022571564 5.2303672283887863
leaf_count=24 22 22 31 23 34 39 314 26 163 34 38 22 24 22 169 5575 24 20 22
internal_value=6.87774e-07 0.000209338 0.0126879 0.0220248 0.0114299 -4.02981e-05 -0.000178705 -0.00615815 -0.00468127 -0.00660875 -0.0141458 -0.00254243 -0.0117824 0.00528604 0.000343061 0.000453253 -0.0274536 0.0292156 -0.00805726
internal_weight=1566.51 1518.57 29.7836 22.5146 17.3465 1488.79 1479.69 118.755 112.454 47.939 29.3448 21.2506 16.4939 18.5942 1360.93 1355.34 10.7456 9.49125 10.4373
internal_count=6648 6440 130 99 76 6310 6271 503 477 208 130 92 70 78 5768 5744 46 42 44
is_linear=0
shrinkage=0.05


Tree=114
num_leaves=22
num_cat=0
split_feature=2 13 9 9 9 12 3 2 3 8 13 9 5 2 3 13 13 5 2 3 9
split_gain=0.818125 1.39856 1.56973 1.48213 2.72236 1.86868 1.65281 1.15422 2.61755 4.85524 2.91529 2.90935 1.88462 1.56568 3.31647 2.70995 3.82114 2.30006 2.021 1.25325 1.40089
threshold=20.771590506259731 20.531219930560322 1.0496207214190021 0.49117353775202849 0.72365158525108808 1.0000000180025095e-35 9.1200813275277159 25.165525846926077 21.068739205526178 1.0000000180025095e-35 18.735047335414979 1.6962489914151624 0.0013350000000000148 31.479511867442699 2.6315789473667439 42.599802831581094 27.733313647198944 0.0010728571428571534 31.885572027046823 1.8846982040972093 1.966952209926941
decision_type=2 2 2 2 2 2 2 2 2 2 2 2 2 2 2 2 2 2 2 2 2
left_child=1 2 -1 -3 -5 6 -6 8 9 10 -2 -12 -11 14 -9 16 -16 -17 -15 -20 -21
right_child=7 3 -4 4 5 -7 -8 13 -10 12 11 -13 -14 18 15 17 -18 -19 19 20 -22
leaf_value=0.0014622835077653285 -0.047592501626173615 0.030253306430394963 0.041044159213909664 -0.032636807344214293 -0.00068935764183061191 -0.016275149867347009 0.031859005933259382 -0.033226795077391368 -0.033320031653009445 0.051311739945931058 0.0068810706057031547 -0.035435809092858303 0.0076831144488368449 -0.02897415638564273 0.0043811503259137694 -0.038817469365025808 0.027115308219316576 0.00064593963030953254 0.019304238920916646 -3.6435767857405551e-06 -0.0068360833018209985
leaf_weight=4.5849712789058668 5.1355179995298412 3.9997142702341071 5.5208789557218552 5.8502913713455227 7.9978758841753024 6.7666707634925833 7.6130391135811806 5.2004701048135749 8.3857174068689329 4.4782339781522733 14.091793566942217 5.7065047472715369 5.5341518558561802 6.1677748486399642 58.267064847052097 4.8303053379058865 27.070154406130314 15.671016968786715 8.1134568005800229 1275.4328700825572 79.711521595716476
leaf_count=21 22 20 24 25 36 29 34 22 36 20 62 24 25 27 253 21 121 69 36 5382 339
internal_value=6.28927e-07 0.0068569 0.0230861 0.00176779 -0.00226843 0.00567094 0.0151836 -0.000189849 -0.00823335 -0.00221353 -0.0140235 -0.00531601 0.0271969 4.55776e-05 0.00575581 0.00767126 0.0115927 -0.00865201 -0.000417433 -0.000288234 -0.000405537
internal_weight=1566.13 42.3334 10.1059 32.2276 28.2279 22.3776 15.6109 1523.8 43.3319 34.9462 24.9338 19.7983 10.0124 1480.46 111.039 105.839 85.3372 20.5013 1369.43 1363.26 1355.14
internal_count=6648 189 45 144 124 99 70 6459 189 153 108 86 45 6270 486 464 374 90 5784 5757 5721
is_linear=0
shrinkage=0.05


Tree=115
num_leaves=11
num_cat=0
split_feature=4 13 2 5 5 9 5 5 5 6
split_gain=0.790608 3.6839 1.3709 0.8169 1.65261 6.97644 5.64727 1.37066 5.90394 5.79273
threshold=0.076844693090041619 25.202006248139416 51.964405862874365 0.005075714285714311 0.0041625000000000221 0.97918253137422351 0.0038596428571428614 0.002559285714285701 0.0025239285714285563 0.12084223430770488
decision_type=2 2 2 2 2 2 2 2 2 2
left_child=1 2 -1 4 6 -6 7 8 -2 -9
right_child=3 -3 -4 -5 5 -7 -8 9 -10 -11
leaf_value=-0.026280357429504259 -0.00011311765417811751 0.043769354286161292 0.012186761888914719 -0.019326500111034314 0.057828049030736739 -0.02191275744652196 -0.051227736334720081 0.049873459044091746 -0.051466302494029587 0.001846453947714311
leaf_weight=4.8122183457016927 1459.9769055470824 5.5374029241502276 4.4653666466474533 5.5102496445178977 5.6747449487447721 5.3090900778770447 5.3985277712345114 7.0659573823213568 5.6184299290180197 56.333643794059753
leaf_count=23 6183 35 23 23 24 22 23 30 24 238
internal_value=7.70746e-07 0.0114965 -0.00776586 -0.000109043 -4.05205e-05 0.0192849 -0.00017886 1.38146e-06 -0.000309983 0.00719912
internal_weight=1565.7 14.815 9.27758 1550.89 1545.38 10.9838 1534.39 1528.99 1465.6 63.3996
internal_count=6648 81 46 6567 6544 46 6498 6475 6207 268
is_linear=0
shrinkage=0.05


Tree=116
num_leaves=21
num_cat=0
split_feature=5 5 13 3 3 3 5 4 5 13 13 4 5 5 3 9 3 13 13 4
split_gain=0.787422 2.22371 2.85207 1.96391 2.07357 3.00561 1.89185 1.31423 1.21295 1.187 1.06106 2.09213 0.852854 4.06955 2.89616 6.1268 4.39131 1.67835 1.4107 0.231092
threshold=0.00078214285714285831 0.00070892857142855297 24.39725682002334 21.068739205526178 33.24033835169832 50.206371434564623 0.00074642857142856857 1.2096122491924906 0.00079214285714285248 20.365129341605734 69.025114522140868 0.50601771900464143 0.002224999999999993 0.0021735714285714019 86.287315815011354 0.48599346178569375 35.928724796730613 16.959974370038548 14.505228769273698 0.93853539163414079
decision_type=2 2 2 2 2 2 2 2 2 2 2 2 2 2 2 2 2 2 2 2
left_child=1 2 9 -3 -5 -6 -7 19 -2 -1 12 -12 13 18 16 -16 -14 -15 -10 -4
right_child=8 3 7 4 5 6 -8 -9 10 -11 11 -13 14 17 15 -17 -18 -19 -20 -21
leaf_value=0.010091322107381985 0.022679339155808172 0.0071909374328983922 -0.0030325761628758022 -0.045237204659417191 0.012156378329674688 -0.045575055296921053 -0.0066835872545034612 -0.025929025945248204 -0.0040100831120499 0.045995780843982759 0.046610899925601558 -0.0032047974538567596 0.011000168125640551 -0.00057446933499341048 -0.027335078360529348 0.029092692288417155 -0.0078512524654620816 -0.034673893279950761 0.00061583830464000588 0.013437322758348755
leaf_weight=4.6343157291412371 5.9889200776815406 8.5566853955388051 4.4706041216850263 6.3655693531036404 7.666666433215144 6.7513934597372991 5.8246046006679535 5.8638285249471656 193.07008376717567 4.5738268792629242 3.6160001978278142 5.0526632070541382 54.05788317322731 5.14117503166199 6.0416022837162044 23.606771737337112 72.086990691721439 12.10437688231468 1125.8923257812858 4.067693680524826
leaf_count=20 27 38 20 29 36 33 26 27 813 21 19 23 235 22 26 98 302 51 4762 20
internal_value=8.39064e-07 -0.00567679 0.00619227 -0.0136459 -0.0203466 -0.0125194 -0.0275624 -0.00770316 0.000222325 0.0279256 0.000132703 0.0175751 3.13611e-05 -0.000376827 0.00353231 0.0175941 0.000227299 -0.0245083 -6.13054e-05 0.00481378
internal_weight=1565.43 58.7752 23.6103 35.1649 26.6082 20.2427 12.576 14.4021 1506.66 9.20814 1500.67 8.66866 1492 1336.21 155.793 29.6484 126.145 17.2456 1318.96 8.5383
internal_count=6648 270 108 162 124 95 59 67 6378 41 6351 42 6309 5648 661 124 537 73 5575 40
is_linear=0
shrinkage=0.05


Tree=117
num_leaves=25
num_cat=0
split_feature=0 3 3 4 5 2 2 5 6 2 4 3 9 3 4 6 9 6 2 3 9 9 2 6
split_gain=0.760967 1.82194 3.09039 1.63032 5.83564 2.73152 2.62895 3.38441 2.54161 2.45058 2.51744 4.31026 3.74158 1.80346 1.48684 3.61242 2.36736 2.69165 3.63061 2.25306 2.11842 2.10665 1.71456 1.76687
threshold=1.0000000180025095e-35 92.113724826536995 95.696876278938205 0.28199255103375426 0.0014996428571428324 44.956628252880982 37.09587313029413 0.0012478571428571738 0.83645099606058404 73.570351185546897 0.38069873719298758 66.66666666667011 0.37657686573018995 43.295054156337294 0.24512304115904363 0.91325246159197548 0.29535469071299952 0.43295822447682536 56.528720951268689 29.508313888712987 0.25932563341979137 0.29535469071299952 17.545117116185335 0.90120730326000187
decision_type=2 2 2 2 2 2 2 2 2 2 2 2 2 2 2 2 2 2 2 2 2 2 2 2
left_child=1 3 -3 4 6 8 7 -1 -6 10 11 -5 -12 -8 15 16 -2 18 -18 -19 -16 -22 -23 -24
right_child=14 2 -4 9 5 -7 13 -9 -10 -11 12 -13 -14 -15 20 -17 17 19 -20 -21 21 22 23 -25
leaf_value=0.017236253574156341 -0.01300821727573178 -0.042178005618685711 0.003032113210757846 0.020682216413378217 0.033248577632362643 -0.016906919484711094 -0.062603258713621129 -0.036106053587582107 -0.011049950605547948 -0.036319936951001212 -0.027324269315265628 -0.028700801771642082 -9.34859703054493e-05 -0.023497359132413322 0.043083659709639434 -0.022960529247425285 0.0075583173993793709 -0.023609059450623637 0.071848666410999115 0.019395824529594395 -0.041966280606326394 -0.092986658593780219 -0.00031513676345932743 0.0067793240186850836
leaf_weight=5.6868748664855975 5.8380190283060065 7.1665626019239408 7.9987660571932793 29.263866379857063 10.892947956919672 7.3623158559203139 6.1762103289365751 6.2323917001485825 4.60755531489849 4.6589167118072501 12.879826322197912 5.2044694423675528 612.67803963273764 5.6409929841756821 2.9141669422388068 6.9999990314245215 3.7974523715674895 3.6461577750742462 5.2071705386042595 18.491737306118011 2.9268254041671744 0.48980896174907584 687.73018153011799 100.5992819070816
leaf_count=25 29 33 37 128 53 33 27 26 20 21 55 22 2607 25 13 30 21 21 24 86 13 2 2881 416
internal_value=7.6847e-07 -0.00118382 -0.0183325 -0.000818195 -0.00985891 0.00816993 -0.0272242 -0.0106556 0.0200808 -0.000184375 7.0695e-05 0.0132257 -0.00065415 -0.0439359 0.00102689 0.00997589 0.0162104 0.0216877 0.044736 0.0123128 0.000531605 0.000374984 0.000532087 0.000590192
internal_weight=1565.09 726.45 15.1653 711.284 46.5993 22.8628 23.7365 11.9193 15.5005 664.685 660.026 34.4683 625.558 11.8172 838.641 43.9805 36.9805 31.1425 9.00462 22.1379 794.66 791.746 788.819 788.329
internal_count=6648 3112 70 3042 209 106 103 51 73 2833 2812 150 2662 52 3536 211 181 152 45 107 3325 3312 3299 3297
is_linear=0
shrinkage=0.05


Tree=118
num_leaves=21
num_cat=0
split_feature=2 3 9 6 6 2 9 5 4 2 4 9 13 3 4 2 2 6 4 4
split_gain=0.760975 3.52652 2.44627 1.94982 3.93137 3.68633 3.03406 2.69979 1.5959 1.47138 1.72095 2.19867 2.98844 5.01764 1.41439 5.47417 3.42225 2.20104 3.33159 2.1868
threshold=75.903347251829857 71.059978286398589 2.525446239205333 0.82623789039989182 0.96666655388901557 77.401995870221825 0.91381707818982683 0.0013471428571428725 0.74536827781621195 75.521737320431114 2.4394013952695239 1.5725244996981365 32.848648225342039 68.691575721361218 1.9309639956881879 68.554643789630589 32.995778427250492 0.019139191383070967 1.0790746604262256 1.747769527698829
decision_type=2 2 2 2 2 2 2 2 2 2 2 2 2 2 2 2 2 2 2 2
left_child=9 -2 3 5 7 8 -7 -5 -3 10 14 -12 13 -13 17 16 -16 18 -1 -19
right_child=1 2 -4 4 -6 6 -8 -9 -10 -11 11 12 -14 -15 15 -17 -18 19 -20 -21
leaf_value=-0.0019863715849445657 0.041831981853799487 -0.018224043243078442 0.030247512519889011 -0.010625007999062332 -0.026042694395367147 0.0031699612997407155 -0.017205752080688301 0.023049461613904847 -0.057081834062301308 0.024750361364317023 -0.034383395737911264 -0.0077742680824058018 -0.028655937159386902 0.051871008198901593 0.022179035351639759 0.049111008797481946 -0.0030536052942595239 0.00086270427059482102 -0.036491923335415045 -0.0094821944135995376
leaf_weight=22.500652555376291 4.120052456855773 5.1024504750967008 4.6882003843784323 8.7053939551115054 8.7700189501047117 37.436567917466164 35.685355663299561 18.819153919816017 5.4804544150829315 6.1424185782670966 7.6634205952286711 14.263663366436964 8.5391148477792722 4.6839297264814368 17.601016446948051 7.017549216747283 56.810575626790524 1226.9528614729643 10.151506930589674 53.304669260978699
leaf_count=103 17 23 20 37 39 160 148 79 23 26 35 62 38 20 77 29 243 5201 43 225
internal_value=7.97254e-07 -0.00368072 -0.00518459 -0.00656887 0.00311015 -0.0107657 -0.0067739 0.012399 -0.0383469 0.00033111 0.000226182 -0.0107004 -0.00409746 0.00697031 0.000501632 0.006896 0.00291482 0.000105041 -0.0127141 0.000431985
internal_weight=1564.44 128.808 124.688 119.999 36.2946 83.7048 73.1219 27.5245 10.5829 1435.63 1429.49 35.1501 27.4867 18.9476 1394.34 81.4291 74.4116 1312.91 32.6522 1280.26
internal_count=6648 546 529 509 155 354 308 116 46 6102 6076 155 120 82 5921 349 320 5572 146 5426
is_linear=0
shrinkage=0.05


Tree=119
num_leaves=22
num_cat=0
split_feature=2 13 2 13 13 5 5 2 6 8 5 3 5 2 3 13 13 5 2 3 2
split_gain=0.719361 1.30806 1.44657 2.17433 1.5965 2.8609 1.3381 1.03478 2.66302 2.91483 6.71914 2.41254 3.77938 1.32977 2.89774 2.47933 3.49973 2.08308 1.82421 1.13691 1.10215
threshold=20.771590506259731 20.531219930560322 12.365593154439134 24.804547355511385 29.908590165360081 0.0017264285714285337 0.001280714285714278 25.165525846926077 0.82623789039989182 1.0000000180025095e-35 0.0013350000000000148 4.0974613660682895 0.0014200000000000009 31.479511867442699 2.6315789473667439 42.599802831581094 27.733313647198944 0.0010728571428571534 31.885572027046823 1.8846982040972093 38.861944354672367
decision_type=2 2 2 2 2 2 2 2 2 2 2 2 2 2 2 2 2 2 2 2 2
left_child=1 6 -3 -4 -5 -6 -1 8 9 11 -11 -2 -13 14 -9 16 -16 -17 -15 -20 -21
right_child=7 2 3 4 5 -7 -8 13 -10 10 -12 12 -14 18 15 17 -18 -19 19 20 -22
leaf_value=0.0022708370395782681 0.014611192150664976 -0.021039496706117364 -0.021238334100915343 0.035673325899324954 -0.010754447322555346 0.035817192984278573 0.038916706533707657 -0.031060890691140326 -0.041787415820854226 0.068138878659647933 -0.011986451819716533 -0.044030577255571107 -0.00097348639337435758 -0.027610784138904554 0.0039751574245323303 -0.037194878289106233 0.02578490424266397 0.00035852254942760119 0.018463500773414965 -0.0038894865573879571 0.00020785914014246566
leaf_weight=4.5815060585737211 6.4169980287551907 5.8187488615512839 5.5630719289183643 6.012931156903508 9.6937747150659543 4.9977250695228568 5.4593679010868073 5.2170600146055213 5.0864292532205573 4.2024004161357862 6.9330403469502926 9.328125938773157 11.234579458832739 6.1234217733144751 58.16009945422411 4.8339686542749432 26.901999793946743 15.641444660723208 8.0604011714458448 191.10192384570837 1162.6238948851824
leaf_count=20 28 25 25 29 42 23 25 22 22 19 31 39 50 27 253 21 121 69 36 825 4896
internal_value=6.96292e-07 0.00644585 0.00151718 0.00651391 0.0139707 0.0050882 0.0221957 -0.000177713 -0.00780536 -0.00327049 0.018252 -0.0121536 -0.020506 4.51406e-05 0.00531466 0.00711283 0.0108728 -0.00850733 -0.000381513 -0.000259074 -0.000370552
internal_weight=1563.99 42.1271 32.0863 26.2675 20.7044 14.6915 10.0409 1521.87 43.2016 38.1151 11.1354 26.9797 20.5627 1478.66 110.755 105.538 85.0621 20.4754 1367.91 1361.79 1353.73
internal_count=6648 189 144 119 94 65 45 6459 189 167 50 117 89 6270 486 464 374 90 5784 5757 5721
is_linear=0
shrinkage=0.05


Tree=120
num_leaves=22
num_cat=0
split_feature=4 13 4 3 2 5 6 2 6 5 8 3 6 4 6 2 5 13 13 13 4
split_gain=0.747258 2.99107 2.10065 1.74437 3.74237 1.52969 4.6859 3.54926 2.36083 1.25092 1.03007 3.35736 2.80698 3.13004 2.73119 2.59149 8.35249 4.20357 2.49506 2.986 2.7368
threshold=0.14225519663849576 37.344088789124875 0.19259771359776109 60.390187077577828 44.046856898969601 0.001459642857142856 0.82623789039989182 46.849040131023905 0.51162782765467762 0.001942499999999998 -1.0000000180025095e-35 83.387520918004569 0.095238090136033945 0.93853539163414079 0.16208664123398012 66.621884981143708 0.0019285714285714386 7.5089675806157308 9.5085807171925971 17.781666986821453 0.62377701629552751
decision_type=2 2 2 2 2 2 2 2 2 2 2 2 2 2 2 2 2 2 2 2 2
left_child=1 5 3 4 -2 7 8 -1 -7 -10 11 15 -13 -14 -12 17 -17 -4 20 -20 -16
right_child=2 -3 10 -5 -6 6 -8 -9 9 -11 14 12 13 -15 18 16 -18 -19 19 -21 -22
leaf_value=-0.040076294758627978 -0.0060567266010053749 0.039666355581525273 0.062869069660704824 0.0054018521065224137 -0.061738638250281891 0.0010850300964180412 -0.019490264053122243 0.014983147206441026 0.067535960854093607 0.025879459581280653 0.029166860580340039 0.013377308268230607 -0.02932124392866391 -0.0019405555606597025 -0.039416789259340397 0.018330388135710234 -0.020934253319437733 -0.0016679081743702494 0.0071178168376147335 -0.00032401507415407403 -0.0018466719952358751
leaf_weight=6.0538339018821734 7.9468333125114459 5.8960354775190345 2.5334318876266471 6.0357881784439078 4.8648612052202225 4.4543955773115176 8.2690370976924878 5.6667282283306122 3.7239501588046551 3.4923003539443016 8.7131834775209409 8.1600449532270414 26.570504412055016 17.190533235669136 7.8345571756362942 54.534084498882294 18.019553169608116 621.04137749969959 178.40081296861172 551.45501460134983 12.712621361017225
leaf_count=26 34 35 11 26 21 22 36 26 25 19 38 34 112 71 34 227 74 2645 742 2335 55
internal_value=8.85934e-07 0.00696851 -0.000170592 -0.0167597 -0.0272003 0.000879242 0.00930541 -0.0134558 0.0297081 0.0473763 3.68581e-05 -0.00127992 -0.0135452 -0.0185654 0.00133444 -0.000365106 0.00857855 -0.00140571 0.00101126 0.00149501 -0.016172
internal_weight=1563.57 37.5563 1526.01 18.8475 12.8117 31.6602 19.9397 11.7206 11.6706 7.21625 1507.17 748.05 51.9211 43.761 759.116 696.128 72.5536 623.575 750.403 729.856 20.5472
internal_count=6648 189 6459 81 55 154 102 52 66 44 6378 3174 217 183 3204 2957 301 2656 3166 3077 89
is_linear=0
shrinkage=0.05


Tree=121
num_leaves=31
num_cat=0
split_feature=3 2 3 2 2 2 2 13 2 13 13 5 2 13 4 5 3 5 2 2 2 5 0 2 4 3 3 3 3 2
split_gain=0.721572 3.88565 4.83524 3.165 2.81563 2.90256 3.96097 3.09037 2.41826 2.37016 4.648 6.99496 6.61811 5.96655 6.01859 5.83693 5.81917 5.32117 4.73124 4.31062 3.74428 3.29729 4.99235 4.09674 5.05767 3.92991 4.07079 3.18843 2.98211 2.32891
threshold=47.267036562811292 39.391737138828582 48.170459616242546 37.870993393686838 44.046856898969601 43.124205505003985 41.708888153372207 26.411509967460415 53.124639474116684 38.083818324639346 26.865044720153154 0.0014557142857143143 56.528720951268689 25.897451489141421 0.24512304115904363 0.0021021428571428385 43.9887955182082 0.0014850000000000143 30.400437340961712 26.069179195449191 55.262152471639538 0.0015489285714285841 1.0000000180025095e-35 44.396306677457552 0.37419691433334024 6.3137132772748545 10.038123668999178 39.101455061663493 20.667010068996891 36.558922476542726
decision_type=2 2 2 2 2 2 2 2 2 2 2 2 2 2 2 2 2 2 2 2 2 2 2 2 2 2 2 2 2 2
left_child=9 3 8 -2 5 6 -4 -7 -3 10 11 13 16 14 -1 20 18 -18 -12 -17 -13 25 23 24 -23 -11 -27 -24 -15 -28
right_child=1 2 4 -5 -6 7 -8 -9 -10 21 12 15 -14 28 -16 19 17 -19 -20 -21 -22 22 27 -25 -26 26 29 -29 -30 -31
leaf_value=-0.041139803174519429 -0.0077589115121580472 -0.057473029929081501 0.019127086232697425 -0.055201641965923101 -0.00080770446889245895 0.0071021226881547526 -0.018869409862767514 0.058343041531605869 -0.008381329294835203 0.045838220982945467 0.0065406635055493953 0.014644594117958815 -0.058938240976665182 0.063268547995571342 -0.0028238260628936241 -0.039567047137451003 0.062112687048824292 -0.0056980538566982529 -0.012756791651614852 0.0023962873172084166 0.053484098272221614 0.038505517102111468 0.049446815980275477 -0.04149694561701138 -0.009853834077020486 -0.041021095681485098 0.0027021176487645681 -0.0019169627666170087 0.0124753489405356 0.020199796786495933
leaf_weight=10.752438925206659 8.907504126429556 5.463094159960745 17.400996282696727 5.8072682023048392 755.92324076592922 5.6861041039228422 11.32144273817539 6.0983179062604904 4.6385034471750259 8.2321758866310102 43.195015083998442 107.48967269808054 5.9279216378927222 4.5236171931028357 218.82505588233471 7.0585464835166922 5.9303628504276258 5.6485514640808105 120.00694754719734 46.01750673353672 6.5854547172784796 6.340644769370555 6.8156737349927408 8.0969191640615445 36.705125786364079 3.7895031720399848 35.51902461796999 5.427249401807785 8.0003555715084058 40.930205039680004
leaf_count=48 39 24 74 25 3177 24 48 27 20 38 194 460 25 20 925 32 25 24 510 194 28 31 37 35 153 17 157 24 34 179
internal_value=9.53806e-07 -0.00102006 -0.000555515 -0.0264825 -0.000119512 0.0127233 0.00415011 0.0336188 -0.0349309 0.00113129 -0.000302593 0.00264648 -0.00698137 -0.00278506 -0.00461838 0.0105135 -0.00521919 0.0290325 -0.00764929 -0.00318439 0.0168868 0.00670194 -0.00200241 -0.00886801 -0.0027305 0.0129382 0.00956282 0.0266774 0.0308217 0.0120702
internal_weight=1563.06 821.246 806.532 14.7148 796.43 40.5069 28.7224 11.7844 10.1016 741.818 589.961 409.253 180.709 242.101 229.577 167.151 174.781 11.5789 163.202 53.0761 114.075 151.857 63.3856 51.1427 43.0458 88.4709 80.2387 12.2429 12.524 76.4492
internal_count=6648 3458 3394 64 3350 173 122 51 44 3190 2519 1741 778 1027 973 714 753 49 704 226 488 671 280 219 184 391 353 61 54 336
is_linear=0
shrinkage=0.05


Tree=122
num_leaves=31
num_cat=0
split_feature=5 5 9 9 4 2 9 5 6 6 2 5 6 12 2 6 9 5 6 4 5 2 10 2 5 9 2 2 4 9
split_gain=0.768007 3.32495 2.71987 4.57185 4.08874 3.19447 3.03156 2.52519 2.51277 6.76859 4.22428 3.67727 3.07716 4.37248 3.78458 3.01909 2.11361 1.85036 5.72627 7.17065 6.50202 3.44093 2.69939 1.83767 1.64632 1.47152 7.01272 6.2713 3.77681 2.98304
threshold=0.002224999999999993 0.001942499999999998 0.48095248886473446 0.40134016554985164 0.42615854593080221 74.714772333465888 0.70036453795906661 0.0020364285714285584 0.89698293093576409 0.84589557816471761 70.738094723083236 0.0022717857142857205 0.67945288133550552 1.0000000180025095e-35 70.738094723083236 0.97308550620899348 0.5477857225233882 0.001833928571428556 0.22085470665572285 1.3044943732209096 0.0019010714285714566 58.480056742322965 1.0000000180025095e-35 48.950572820706903 0.0027896428571428699 0.4771741579361834 69.473261334346148 74.714772333465888 0.62011791279429229 0.49741659954802947
decision_type=2 2 2 2 2 2 2 2 2 2 2 2 2 2 2 2 2 2 2 2 2 2 2 2 2 2 2 2 2 2
left_child=1 17 3 7 16 6 -6 -3 9 11 15 23 13 -13 -14 24 -4 25 22 20 -20 -21 -19 -2 -10 26 28 -28 -1 -27
right_child=8 2 4 -5 5 -7 -8 -9 10 -11 -12 12 14 -15 -16 -17 -18 18 19 21 -22 -23 -24 -25 -26 29 27 -29 -30 -31
leaf_value=0.0042736498609057946 0.0095122361732527371 -0.040302970314052319 -0.019056892262451972 0.033567444494348002 -0.021901932309377661 -0.037507947359288731 -6.1139016677682752e-05 0.0082248992829080415 0.039167456474467767 -0.044050120898682134 0.055530484193206768 -0.0071330561547285516 0.026939732641233061 0.024899393553687345 -0.022960772794594988 -0.027221128707462211 -0.066425722619432664 0.053727911959624966 0.026005646396380505 -0.051677411725756323 -0.026165428415222253 -0.0013631992053768948 0.0065818439198450946 0.051539633499737419 -0.00088020574149557697 0.020795739480175136 -0.070206596723479217 -0.0086393026700555039 -0.01904166693662878 0.00021367785530141431
leaf_weight=85.240743700414896 4.8575864657759649 4.9116250947117823 4.6826468259096128 9.6184271648526174 21.063043475151062 8.53213222324848 64.665840327739716 5.9019722864031792 5.5722994059324282 7.9124056398868552 5.843390464782714 82.155608590692282 19.233882904052738 12.240656569600104 4.735113099217414 4.8135029375553122 4.7374154180288315 8.8898987621068937 24.740757077932358 7.7397319674491865 7.8724390417337409 6.0576840937137604 4.6107666045427314 5.5990156233310699 4.7570673376321793 17.89652294665575 7.2668561935424831 9.6006967127323133 21.814405843615532 1078.5529987812042
leaf_count=376 21 23 20 42 88 36 272 26 24 33 25 351 84 51 20 20 20 39 106 33 35 25 22 23 20 76 30 43 92 4572
internal_value=1.13789e-06 -0.000370393 -0.00818419 0.00848942 -0.01147 -0.0083311 -0.00542728 -0.0138169 0.00330938 0.000836904 0.0194186 0.00359392 0.00108307 -0.00297931 0.0170818 0.00548355 -0.042879 0.000387091 0.00896608 0.000628875 0.0134122 -0.0295872 0.0376265 0.0320159 0.020724 -3.40747e-05 -0.00519855 -0.0351636 -0.000477264 0.000549623
internal_weight=1562.12 1404.4 124.113 20.432 103.681 94.261 85.7289 10.8136 157.721 136.734 20.9863 128.822 118.365 94.3963 23.969 15.1429 9.42006 1280.28 59.9113 46.4106 32.6132 13.7974 13.5007 10.4566 10.3294 1220.37 123.923 16.8676 107.055 1096.45
internal_count=6648 5976 527 91 436 396 360 49 672 583 89 550 506 402 104 64 40 5449 260 199 141 58 61 44 44 5189 541 73 468 4648
is_linear=0
shrinkage=0.05


Tree=123
num_leaves=24
num_cat=0
split_feature=4 13 4 0 2 9 6 6 13 4 8 9 9 4 2 6 2 9 9 4 6 4 6
split_gain=0.734164 2.63337 1.85752 1.55818 2.74006 1.51208 3.6752 1.90291 3.37094 0.987333 0.951056 3.06917 7.55283 6.44437 3.38652 3.38032 3.14212 2.58444 4.46785 3.58647 2.91604 4.38976 3.18905
threshold=0.14225519663849576 37.344088789124875 0.19259771359776109 1.0000000180025095e-35 40.429166868608654 0.79449165320710535 0.79838440557663748 0.52043651742340735 22.506347698508552 0.076844693090041619 -1.0000000180025095e-35 0.81953953953942016 0.73716104906831548 1.2270803804707433 82.015003354446293 0.29837650736348226 67.797676153928549 0.42791267373380215 0.41517091693453978 0.44254918845406738 0.6246386126246396 0.28199255103375426 0.56097547293308903
decision_type=2 2 2 2 2 2 2 2 2 2 2 2 2 2 2 2 2 2 2 2 2 2 2
left_child=1 5 3 4 -2 6 7 -1 -9 -8 11 12 15 -14 16 -4 -13 18 19 -12 22 -22 -19
right_child=2 -3 10 -5 -6 -7 9 8 -10 -11 17 14 13 -15 -16 -17 -18 20 -20 -21 21 -23 -24
leaf_value=-0.010200840865695813 -0.0034090356905628807 0.038071703703470045 0.0041567660296935862 0.00099629538998633068 -0.053741584856016295 0.025330252975516838 -0.011818507368079672 0.051215095626350272 -0.009344701440329185 -0.042318731048506586 0.0099135045248020873 -0.0047067435317122187 0.028077332675639933 -0.021057149437775181 -0.038801903721895507 -0.0076017116116807518 0.0095475619339975733 0.0036206057302757815 -0.046864239209348714 -0.017939872339603077 -0.032481306198733045 0.00068127138263921784 0.01825118511717649
leaf_weight=5.9827103018760743 5.5008098781108874 5.7442191913723937 142.43395808339119 7.9584519267082205 5.3181537985801697 5.4027220755815497 5.5718596875667554 5.4846465215086919 3.9547330997884274 5.0657007098197937 23.550892725586891 397.71688420325518 42.405183389782906 7.9197593182325354 6.8295016139745703 107.06650491058826 42.823464766144753 158.24635428190231 6.9081704765558234 22.693641558289528 10.187224894762037 488.06343103200197 48.710763692855835
leaf_count=28 23 35 613 34 24 25 25 31 23 22 103 1690 180 33 29 451 178 671 29 98 44 2053 206
internal_value=1.112e-06 0.00694048 -0.000168267 -0.0157971 -0.0281504 0.00125672 -0.00373424 0.0118604 0.0258429 -0.026343 2.66574e-05 -0.00123938 0.002675 0.0203449 -0.00386278 -0.000889073 -0.00332113 0.00127405 -0.00935786 -0.00375502 0.0020754 3.22985e-06 0.00706415
internal_weight=1561.54 37.2066 1524.33 18.7774 10.819 31.4624 26.0597 15.4221 9.43938 10.6376 1505.56 747.195 299.825 50.3249 447.37 249.5 440.54 758.36 53.1527 46.2445 705.208 498.251 206.957
internal_count=6648 189 6459 81 47 154 129 82 54 47 6378 3174 1277 213 1897 1064 1868 3204 230 201 2974 2097 877
is_linear=0
shrinkage=0.05


Tree=124
num_leaves=20
num_cat=0
split_feature=4 4 5 5 5 9 9 6 3 3 9 9 3 6 6 5 3 9 5
split_gain=0.72236 1.68941 2.85408 3.08193 2.4164 1.77735 1.35538 4.13675 3.784 3.60338 2.22494 1.41633 1.22521 2.08644 2.6923 2.31914 4.12153 1.3594 0.766424
threshold=2.3863032303732026 2.1663111332385236 0.001645357142857137 0.0014085714285714498 0.0011982142857142532 2.6108585094717642 1.966952209926941 0.33525082333611544 7.3964671081377631 67.902204734793131 1.8971923455530406 1.7152393320225425 88.203236271563085 0.40694476248151251 0.22421846842400803 0.0017521428571428532 57.627288648304777 2.4432858899838865 0.001012499999999988
decision_type=2 2 2 2 2 2 2 2 2 2 2 2 2 2 2 2 2 2 2
left_child=1 5 3 4 18 6 10 8 -8 -9 11 -1 13 14 17 16 -15 -2 -3
right_child=12 2 -4 -5 -6 -7 7 9 -10 -11 -12 -13 -14 15 -16 -17 -18 -19 -20
leaf_value=0.00023238892675171176 -0.027946423023507277 0.014044636806908454 -0.015246247961184714 0.055044730595109032 -0.0097528193566887734 0.022028988670378877 0.013013495869537543 0.024946175474844463 -0.038827996101576022 -0.0091799589387769522 0.025371355875489433 -0.0092520973535173689 0.012416426213145761 0.015727507746841257 0.023430843319877877 -0.050501412543535601 -0.037099876908324225 0.0063028521533170651 0.042544719735515553
leaf_weight=1371.6611441746354 6.9012039527297038 4.8857906460762113 7.2508044093847266 5.0903020277619353 7.8341023400425902 9.0640205442905408 4.6234650537371662 11.71994626522064 14.74771663546562 22.751537337899208 8.6669807285070402 40.525035455822945 7.5472289919853202 7.2622961699962634 8.3813615739345533 5.0083395391702643 7.510523647069931 4.9936503916978836 4.5611301362514496
leaf_count=5838 30 22 31 23 34 39 21 49 62 95 37 169 32 33 36 22 34 21 20
internal_value=1.08907e-06 0.000191854 0.0120151 0.0208508 0.0107787 -4.41888e-05 -0.000179859 -0.00796668 -0.0264546 0.00242257 0.00011522 -3.97842e-05 -0.00606344 -0.00954524 0.0017258 -0.0210984 -0.01113 -0.013568 0.0278049
internal_weight=1560.99 1513.38 29.6221 22.3713 17.281 1483.76 1474.7 53.8427 19.3712 34.4715 1420.85 1412.19 47.6046 40.0574 20.2762 19.7812 14.7728 11.8949 9.44692
internal_count=6648 6440 130 99 76 6310 6271 227 83 144 6044 6007 208 176 87 89 67 51 42
is_linear=0
shrinkage=0.05


Tree=125
num_leaves=31
num_cat=0
split_feature=13 2 5 5 2 2 6 5 4 13 2 5 5 5 4 6 4 13 5 13 10 13 2 2 4 2 11 4 6 13
split_gain=0.701495 2.77775 3.06255 4.77134 2.7457 5.29154 5.40886 4.04937 2.46046 2.2651 2.20102 4.55043 2.30638 2.091 3.25165 2.44062 2.07735 2.05953 2.97442 3.45162 3.44599 3.29623 3.41863 2.88187 2.6804 4.04675 3.8822 3.2197 4.92641 3.03922
threshold=14.505228769273698 87.027003336384055 0.0024232142857142851 0.0038596428571428614 72.78951049598183 65.432139232606374 0.74999993295024547 0.0017028571428571015 1.0927333380012103 11.568212540800412 85.799635147461387 0.0012128571428571585 0.0020364285714285584 0.0013471428571428725 0.94339945800773617 0.56097547293308903 0.85172271803257027 17.99915748246632 0.0014557142857143143 17.59014636671402 1.0000000180025095e-35 15.741815431105678 71.08408208336617 40.429166868608654 0.64319559953600736 12.365593154439134 1.0000000180025095e-35 0.66254195454710363 0.38533124829051268 18.206751715242728
decision_type=2 2 2 2 2 2 2 2 2 2 2 2 2 2 2 2 2 2 2 2 2 2 2 2 2 2 2 2 2 2
left_child=1 2 4 8 5 7 -7 -1 9 -4 17 -12 16 15 -15 -6 -13 18 19 20 -2 22 -20 -23 25 -19 -27 28 -26 -29
right_child=10 -3 3 -5 13 6 -8 -9 -10 -11 11 12 -14 14 -16 -17 -18 24 21 -21 -22 23 -24 -25 27 26 -28 29 -30 -31
leaf_value=-0.0029354383514434844 0.0033843300319034357 0.029749900498871162 -0.010280982066309639 -0.025249896050951438 -0.013037144238628992 0.031352086492868116 -0.019138155812967933 -0.023500452322765736 0.048718036803381298 0.035020376609569345 0.015742560104318234 -0.020700449481436393 -0.0053812646418863507 0.013514378907865193 -0.0366519690987019 -0.061604078171720693 -0.06732648576709109 -0.089756083287328439 0.018905709605356095 0.024663175838954277 -0.017507400866594108 0.02731627515089631 0.06563188714779726 -0.0002936676019831626 -0.067429486379331313 0.0053591421805328525 -0.018405575013785671 -0.036494292056682746 -0.0066624607032031522 -0.00090963394035624011
leaf_weight=125.62964267283678 61.819554284214973 6.4890825599431983 5.8120534121990257 6.0233782827854148 4.976040795445444 19.112216830253605 7.3420137315988532 29.571444042026997 7.2388356626033774 5.2535150200128555 7.9888713806867626 4.4498561471700651 5.6090008467435828 7.4445793330669385 5.7058113217353821 5.3873826116323471 5.1577836722135544 1.1539611816406239 19.559169992804531 12.576113671064375 28.996182039380074 12.287855759263037 4.8938889503478995 40.939128324389458 4.5978081971406963 309.85785527154803 18.194178208708763 6.0475715398788443 12.146512255072592 768.46570285409689
leaf_count=533 260 27 26 26 21 78 31 126 31 22 34 20 23 31 24 23 22 5 83 53 122 52 20 170 20 1357 79 25 52 3252
internal_value=9.93167e-07 -0.00251055 -0.00342273 0.0133509 -0.00541165 -0.00333062 0.0173392 -0.00685382 0.0260532 0.0112264 0.000448394 -0.0148149 -0.0308579 -0.0214886 -0.00825225 -0.0382845 -0.0457313 0.000720528 0.00566818 0.000113519 -0.0032861 0.0130614 0.0282572 0.0060803 -7.90341e-05 0.00371234 0.00404112 -0.00165645 -0.0233484 -0.00118749
internal_weight=1560.73 235.986 229.497 24.3278 205.169 181.655 26.4542 155.201 18.3044 11.0656 1324.74 23.2055 15.2166 23.5138 13.1504 10.3634 9.60764 1301.54 181.072 103.392 90.8157 77.68 24.4531 53.227 1120.46 329.206 328.052 791.258 16.7443 774.513
internal_count=6648 999 972 105 867 768 109 659 79 48 5649 99 65 99 55 44 42 5550 760 435 382 325 103 222 4790 1441 1436 3349 72 3277
is_linear=0
shrinkage=0.05


Tree=126
num_leaves=26
num_cat=0
split_feature=3 6 6 2 5 5 2 3 6 5 13 13 6 9 6 5 9 6 12 13 13 5 3 2 9
split_gain=0.694586 3.68585 5.39555 6.14821 5.30605 3.99851 3.53605 4.35459 3.25954 4.74168 2.99343 2.86144 2.58392 4.83944 7.26814 6.204 2.83125 7.26927 6.5412 2.29058 3.02644 4.62005 2.39628 2.20352 2.04077
threshold=47.267036562811292 0.9473682340718711 0.98843883420594836 40.131840219747865 0.0016828571428571528 0.0013432142857142989 39.391737138828582 48.170459616242546 0.91325246159197548 0.0012092857142856986 32.170783568543705 25.350510940772999 0.93417104199219869 1.2564102564103161 0.9565845205062512 0.0012610714285714111 0.90376367340330288 0.6666665582010759 1.0000000180025095e-35 8.4374039436667889 14.998409901341978 0.0010985714285713934 43.295054156337294 53.124639474116684 0.93485911157059043
decision_type=2 2 2 2 2 2 2 2 2 2 2 2 2 2 2 2 2 2 2 2 2 2 2 2 2
left_child=1 8 3 4 -3 -5 10 23 19 -10 -2 -11 16 15 -15 -14 18 -18 -9 -1 21 -21 -22 -8 -4
right_child=6 2 24 5 -6 -7 7 12 9 11 -12 -13 13 14 -16 -17 17 -19 -20 20 22 -23 -24 -25 -26
leaf_value=0.026535395547304261 -0.0017015263684354211 -0.022149309430553682 -0.03724300926859863 0.085503789925751611 0.046005760270347973 0.028201185358379101 -0.0549487564143923 0.0020465148482661758 0.014918350233919931 -0.014107501989628225 -0.046954574593708581 -0.067060013847201366 0.0066002948963649194 -0.025020870497074091 0.023685708863883326 -0.032197617394437154 -0.0086467567970746704 0.0056739014604100932 0.027936803049397909 -0.024976966301686582 0.00092631894282386637 -0.00065849731565493889 0.012770858171392086 -0.0079631994954873376 0.0081131372773095688
leaf_weight=8.5719571411609632 6.9935005009174329 7.3209066390991229 4.8181098252534849 5.6812635362148267 4.6820872724056244 6.5589335262775421 5.4104470610618574 330.26753152161837 5.5985848754644385 4.7916559576988202 7.6537656188011169 5.4564338177442551 15.515710800886152 12.065761893987654 20.972524702548981 30.673665374517441 200.87017527967691 158.56681625545025 26.342131927609444 27.63777381926775 540.96815583482385 66.58010222017765 46.360854133963585 4.6313477903604507 5.1107550412416458
leaf_count=37 31 31 21 24 20 28 24 1393 25 21 33 23 66 51 89 130 847 664 110 118 2338 284 199 20 21
internal_value=8.52061e-07 0.0011113 0.0171489 0.0298636 0.00443639 0.0547981 -0.00100149 -0.00055867 0.000335004 -0.0220857 -0.025348 -0.0423012 -0.00014552 -0.00871359 0.0058978 -0.0191648 0.000802503 -0.00232915 0.00395899 0.000849834 0.000526782 -0.00779205 0.00186127 -0.0332787 -0.0138965
internal_weight=1560.1 740.138 34.1721 24.2432 12.003 12.2402 819.963 805.316 705.966 15.8467 14.6473 10.2481 795.274 79.2277 33.0383 46.1894 716.047 359.437 356.61 690.119 681.547 94.2179 587.329 10.0418 9.92886
internal_count=6648 3190 145 103 51 52 3458 3394 3045 69 64 44 3350 336 140 196 3014 1511 1503 2976 2939 402 2537 44 42
is_linear=0
shrinkage=0.05


Tree=127
num_leaves=31
num_cat=0
split_feature=2 2 12 3 13 9 13 13 2 2 5 6 13 9 2 6 13 6 2 2 6 12 13 3 5 6 6 6 5 6
split_gain=0.712426 3.34981 3.2668 3.01149 2.64009 2.57472 5.01088 1.77443 4.91459 5.63372 5.54716 3.7842 5.14718 4.31085 1.64577 8.17519 6.4785 7.80879 5.71 3.47947 3.40048 4.55897 3.25447 5.73816 2.04722 2.00032 1.22306 4.28835 5.76437 3.56023
threshold=44.046856898969601 43.124205505003985 1.0000000180025095e-35 61.272709320694211 38.340435084263909 0.71432144643752971 20.365129341605734 35.043176881411505 39.122312336847735 38.243116471933035 0.0017685714285714451 0.642549337554291 26.865044720153154 0.3506579463282678 47.459828289244591 0.79250295238056279 33.820946888059986 0.88036226904748771 47.645713849537856 45.291237968802655 0.08168170842407857 1.0000000180025095e-35 28.185853067648022 49.012012676434033 0.0016075000000000002 0.88413417009677475 0.095238090136033945 0.059831420691032249 0.0015803571428571635 0.20362173548864362
decision_type=2 2 2 2 2 2 2 2 2 2 2 2 2 2 2 2 2 2 2 2 2 2 2 2 2 2 2 2 2 2
left_child=1 3 4 7 5 -3 -7 11 9 -9 -10 12 -1 -13 15 19 17 -17 -16 22 -21 -22 24 -24 -2 -18 27 28 -20 -28
right_child=14 2 -4 -5 -6 6 -8 8 10 -11 -12 13 -14 -15 18 16 25 -19 26 20 21 -23 23 -25 -26 -27 29 -29 -30 -31
leaf_value=0.0065166895598217506 -0.0011873569867684199 -0.005089049806589814 -0.014459576890393745 -0.030420867157560517 0.055193810593864884 0.059778558320496167 0.0018443392223264907 0.0030481519557438667 0.034922842319072903 -0.0479698366240041 -0.009233606787627793 0.040578924974743837 -0.0090092676743788163 -0.010648021074869762 0.048091322502354733 0.072456676747626222 -0.038035976587405609 0.0049638958532019573 -0.016847718216481056 -0.050688733419885071 -0.023459387444460758 0.015238667965939218 0.042933130827119054 -0.026056949438732949 -0.034654573755721001 0.0073203851527333386 -0.010729394014709633 0.020761304160818631 0.018281584730428208 0.0001651137502051346
leaf_weight=195.10137248039246 12.393323928117754 8.811057344079023 7.0342780500650397 7.8051837235689154 5.362999975681304 7.0182887166738492 7.9718175828456879 108.59546224400401 24.401932843029499 5.6949104517698279 10.038445033133028 4.2702865079045287 73.489011354744434 107.2855307534337 6.1125378310680381 7.9748754352331224 4.7544266283512098 9.2638092041015607 30.554855480790138 8.2712554931640607 39.658758223056793 9.4181732386350614 8.5388955995440465 4.6581672132015219 7.2382076382637015 4.9740160256624222 83.974340051412582 29.128824084997177 18.901368215680122 700.91114050894976
leaf_count=840 53 38 30 33 24 30 34 483 107 24 44 21 321 459 26 33 20 39 131 35 167 39 37 20 30 21 355 120 80 2954
internal_value=6.34134e-07 0.00140312 0.0161249 0.000410155 0.0235018 0.0163608 0.0289688 0.00086516 0.00549534 0.000506005 0.0220524 -0.000946378 0.00226863 -0.00868709 -0.000813631 -0.00637718 0.0177768 0.0361871 -6.41502e-05 -0.0136004 -0.0210313 -0.016033 -0.000619229 0.0185817 -0.0135268 -0.0148459 -0.000405044 0.00554202 -0.00342187 -0.00100048
internal_weight=1559.61 572.881 36.1984 536.682 29.1642 23.8012 14.9901 528.877 148.731 114.29 34.4404 380.146 268.59 111.556 986.727 117.144 26.9671 17.2387 869.583 90.1768 57.3482 49.0769 32.8286 13.1971 19.6315 9.72844 863.471 78.585 49.4562 784.885
internal_count=6648 2488 156 2332 126 102 64 2299 658 507 151 1641 1161 480 4160 494 113 72 3666 381 241 206 140 57 83 41 3640 331 211 3309
is_linear=0
shrinkage=0.05


Tree=128
num_leaves=25
num_cat=0
split_feature=4 13 5 9 4 9 5 5 4 2 13 2 2 10 2 9 9 9 13 13 8 4 13 13
split_gain=0.718197 1.34003 1.5374 2.08701 1.7762 0.964121 3.92251 6.41175 3.00006 3.88411 3.3088 3.27016 2.83146 2.7382 2.59447 1.66531 3.24497 2.85787 2.41475 2.4196 1.27177 3.18834 3.07675 1.23827
threshold=0.10985849801372735 37.344088789124875 0.0016889285714285578 0.59978082083289963 0.066345245877823797 0.38886128910642276 0.0012896428571428527 0.00099464285714286277 0.40383570702752331 52.358913912356698 28.927442455078481 43.929209601524889 63.528975711856916 1.0000000180025095e-35 66.433430027785221 0.41517091693453978 0.42228260869561923 0.4099138167621687 28.659473259622892 20.531219930560322 -1.0000000180025095e-35 0.16292593362408311 9.5085807171925971 20.531219930560322
decision_type=2 2 2 2 2 2 2 2 2 2 2 2 2 2 2 2 2 2 2 2 2 2 2 2
left_child=1 2 3 -1 -4 6 7 -2 9 10 -8 -10 -13 -9 -11 17 -17 18 19 -7 21 -18 -22 -15
right_child=5 -3 4 -5 -6 15 8 13 11 14 -12 12 -14 23 -16 16 20 -19 -20 -21 22 -23 -24 -25
leaf_value=-0.027064760883024105 -0.03661840292664726 0.037414834118696949 -0.0011317454327439611 0.01838885745002538 0.039931914143452554 -0.0042473319127138021 0.031469941433009158 0.0023438051791964637 -0.051703874002932318 -0.050098827975434579 -0.010779954420450596 0.0018383130527397495 -0.044345450345257442 0.025777218773900785 -0.00068604910614505498 -0.038784500042907816 0.039094188454720381 0.045155076802854389 -0.018874936917792743 0.042808568013212707 -0.017977643074866524 -0.0017014867387473544 0.0021030249389746639 0.061255681203076118
leaf_weight=6.5830144211649948 5.0904794633388546 3.438079521059989 5.8935335949063283 4.0971445925533772 4.7605640068650246 5.6413780301809364 9.8019821643829399 6.4535703808069238 8.2262521237134951 5.5345083773136121 8.789326608180998 10.571338251233099 4.8373607844114295 4.7256049662828445 5.1085560768842697 5.3919180035591117 4.8220887035131446 5.4309536889195433 7.1194964051246634 5.2968391478061676 19.60898070037365 705.40693610906601 701.17112149298191 5.1284138634800911
leaf_count=33 23 25 30 21 26 24 45 28 35 24 40 45 22 20 22 24 21 24 31 23 85 2995 2959 23
internal_value=8.34626e-07 0.00844643 0.00377808 -0.00962775 0.0172167 -0.000135538 -0.00569281 0.0123693 -0.0130032 -0.0022938 0.0114957 -0.0262497 -0.0126605 0.0276609 -0.0263812 0.000147171 -6.87765e-05 0.013353 0.00378837 0.0185395 7.7101e-05 -0.00142451 0.00155673 0.0442416
internal_weight=1558.93 24.7723 21.3343 10.6802 10.6541 1534.16 74.2674 21.3981 52.8693 29.2344 18.5913 23.635 15.4087 16.3076 10.6431 1459.89 1436.4 23.4887 18.0577 10.9382 1431.01 710.229 720.78 9.85402
internal_count=6648 135 110 54 56 6513 327 94 233 131 85 102 67 71 46 6186 6084 102 78 47 6060 3016 3044 43
is_linear=0
shrinkage=0.05


Tree=129
num_leaves=12
num_cat=0
split_feature=5 5 5 4 5 13 3 5 3 2 5
split_gain=0.686254 1.17161 4.49526 4.01769 1.29198 4.18615 3.8883 2.98032 2.88094 2.33824 1.41404
threshold=0.005075714285714311 0.0041625000000000221 0.0038596428571428614 0.98055906170960649 0.002224999999999993 15.414153739502511 94.685897492870794 0.0021735714285714019 86.287315815011354 40.429166868608654 0.0019010714285714566
decision_type=2 2 2 2 2 2 2 2 2 2 2
left_child=1 2 4 -3 7 6 -6 10 -7 -9 -1
right_child=-2 3 -4 -5 5 8 -8 9 -10 -11 -12
leaf_value=0.00041738542918417457 -0.017590035872996002 0.045850318936976886 -0.044967038036162719 -0.014054998915918797 0.027123982876433139 -0.0038159136328551344 -0.023168985809382273 -0.050444564641923297 0.019362072403871358 -0.009534506269492829 -0.0051920045114038143
leaf_weight=1260.5484704710543 5.5246373862028113 5.6508910991251451 5.5510435104370108 5.545662060379982 28.381300330162048 86.225221462547779 4.4450360536575309 4.8365186303854015 15.875031858682631 12.571321561932562 123.34297098964453
leaf_count=5373 24 25 24 23 120 370 20 21 66 54 528
internal_value=9.17972e-07 6.3497e-05 -5.35367e-05 0.0161792 0.000108755 0.00478166 0.0203138 -0.000341183 -0.00021209 -0.0209008 -8.25662e-05
internal_weight=1558.5 1552.97 1541.78 11.1966 1536.23 134.927 32.8263 1401.3 102.1 17.4078 1383.89
internal_count=6648 6624 6576 48 6552 576 140 5976 436 75 5901
is_linear=0
shrinkage=0.05


Tree=130
num_leaves=18
num_cat=0
split_feature=3 3 13 6 6 6 3 4 13 13 4 13 4 13 13 5 5
split_gain=0.696034 4.31945 3.55229 1.86436 4.46551 2.74437 2.67236 1.90885 1.57285 2.70532 1.63828 4.88196 4.67379 1.52935 4.6278 3.6396 1.39333
threshold=32.121883917831035 32.873783824870394 7.5089675806157308 0.9473682340718711 0.90120730326000187 0.97626085094535364 23.827300150828503 0.84622638229474167 7.5089675806157308 7.930723070909333 0.64319559953600736 49.478744507525484 0.66254195454710363 15.28863572058731 17.392773982598403 0.0010985714285713934 0.0014414285714285699
decision_type=2 2 2 2 2 2 2 2 2 2 2 2 2 2 2 2 2
left_child=2 16 -1 4 13 6 -5 -6 -3 -10 11 -11 -12 15 -15 -4 -2
right_child=1 8 3 5 7 -7 -8 -9 9 10 12 -13 -14 14 -16 -17 -18
leaf_value=0.069228108239026018 -0.043773422989475626 -0.030279033803099733 -0.02186831057417981 0.0070123907496278367 -0.012481043982356783 -0.0073669494138434502 0.059076044292982272 -0.056761170498555169 0.037592621282144086 0.0042405496694194562 -0.027871450483028332 -0.021921960129279341 -0.0011106905914524139 0.020070055913017068 0.00096209691563995954 0.0022178505006043869 -0.0088109799520072526
leaf_weight=1.9303983747959126 7.4790250211954099 4.3813922107219687 22.713896609842777 4.6770868897438067 5.3355851024389249 6.505403369665145 5.210524320602417 4.4752816408872604 4.6993552744388571 288.93080236017704 16.699944213032722 19.003766283392906 709.58794013410807 34.684622779488564 366.69128138199449 50.676506042480469 4.6037699729204178
leaf_count=8 32 19 97 20 23 28 22 20 20 1233 72 84 2992 146 1598 214 20
internal_value=8.96319e-07 -0.000728556 0.00153172 0.00127087 0.00070985 0.0178545 0.0344486 -0.0326797 -0.00038432 -0.000258246 -0.000430235 0.00262597 -0.00172602 0.00139983 0.0026133 -0.00523667 -0.0304521
internal_weight=1558.29 1055.39 502.901 500.97 484.577 16.393 9.88761 9.81087 1043.3 1038.92 1034.22 307.935 726.288 474.766 401.376 73.3904 12.0828
internal_count=6648 4472 2176 2168 2098 70 42 43 4420 4401 4381 1317 3064 2055 1744 311 52
is_linear=0
shrinkage=0.05


Tree=131
num_leaves=26
num_cat=0
split_feature=2 3 4 3 4 2 6 6 3 4 5 6 2 4 13 4 3 5 13 3 3 4 3 4 6
split_gain=0.684267 3.16377 2.40441 2.82883 2.67862 2.10536 3.55221 1.93816 1.46137 4.53835 6.71829 5.78937 1.6907 5.93742 5.30852 5.71988 4.87351 4.24819 3.88344 3.38363 5.2492 5.19198 2.90613 2.005 0.330884
threshold=75.903347251829857 71.059978286398589 0.52035610873923099 88.944930769418292 0.58787129411818728 78.797530524640578 0.83999991599991763 0.18100522587629961 96.75224739302503 0.79807897764964142 0.001543571428571438 0.95017870500260104 66.880993506832553 1.431362030149973 28.058248195434938 0.83764891838201838 91.204557735667109 0.0014557142857143143 18.554573776474186 95.696876278938205 92.113724826536995 0.79807897764964142 83.050914992513654 1.6522900334232393 0.77973866351100074
decision_type=2 2 2 2 2 2 2 2 2 2 2 2 2 2 2 2 2 2 2 2 2 2 2 2 2
left_child=8 -2 3 -3 -4 6 -6 -7 12 10 -10 -11 19 14 16 -16 -14 18 -15 20 22 -22 -1 -19 -5
right_child=1 2 4 24 5 7 -8 -9 9 11 -12 -13 13 17 15 -17 -18 23 -20 -21 21 -23 -24 -25 -26
leaf_value=-0.0004516983192273628 0.039714951530287423 0.00043691318298732748 0.03422370543500701 -0.046425578758824942 -0.026876298348371963 -0.02933639128399981 0.015090967152671067 0.0027485972410102276 0.037701339691635659 -0.064568502655874258 -0.035171928772730156 -0.000844916614959859 0.0013909681147256669 0.07429898923999409 -0.036682207520458116 0.0040292613662405666 0.03309757864738757 -0.020656061824888813 0.02495802974318263 0.039707392712021956 0.0027166467607042609 -0.04998565884391433 0.0099332469065363093 0.016645587344949631 -0.028560886690410094
leaf_weight=1149.4406659044325 4.0996359586715689 8.304174408316614 4.8717116415500632 5.9123436659574491 19.341657742857937 5.050967648625373 6.8200852572917929 69.07650987803936 8.278920844197275 6.6916395127773267 5.1178703755140296 7.6264976561069489 71.747586831450462 5.5602489411830929 17.363976113498211 17.148017838597298 14.582694411277769 5.3591464012861278 14.101934894919394 5.3215314745903006 8.4597648531198519 10.440622225403784 71.560885362327099 10.99003069102764 4.6152240484952927
leaf_count=4930 17 37 20 26 82 22 29 292 35 28 22 32 298 23 73 71 60 22 59 22 37 44 300 46 21
internal_value=7.7289e-07 -0.00350021 -0.00492906 -0.0213825 -0.00198264 -0.00374142 -0.0159359 0.00056236 0.000314419 -0.0110551 0.00986214 -0.0306264 0.000539161 0.00543124 0.00012078 -0.0164538 0.00674677 0.0232514 0.0389111 -7.70653e-05 -0.000247816 -0.0263962 0.000156946 0.00441837 -0.0385938
internal_weight=1557.88 128.092 123.993 18.8317 105.161 100.289 26.1617 74.1275 1429.79 27.7149 13.3968 14.3181 1402.08 156.854 120.842 34.512 86.3303 36.0114 19.6622 1245.22 1239.9 18.9004 1221 16.3492 10.5276
internal_count=6648 546 529 84 445 425 111 314 6102 117 57 60 5985 652 502 144 358 150 82 5333 5311 81 5230 68 47
is_linear=0
shrinkage=0.05


Tree=132
num_leaves=22
num_cat=0
split_feature=4 6 6 3 3 3 4 3 4 4 5 5 6 6 9 4 9 6 6 3 9
split_gain=0.672892 1.83901 2.01279 0.732708 4.34693 1.64127 4.53202 2.79638 2.72291 3.6611 1.67752 1.90911 1.47147 4.72085 4.12018 6.66797 3.62113 3.53579 3.50486 1.11882 0.483958
threshold=0.076844693090041619 0.52043651742340735 0.80519470062407061 32.121883917831035 32.873783824870394 29.153062557136408 1.8205165523767104 28.900408336427954 1.2705606096376167 0.78557039793781325 0.00061500000000000053 0.00069035714285716127 0.97626085094535364 0.93417104199219869 0.87577098733461489 0.66254195454710363 1.5999999999999261 0.90120730326000187 0.9473682340718711 32.51431273707653 1.1125827814569955
decision_type=2 2 2 2 2 2 2 2 2 2 2 2 2 2 2 2 2 2 2 2 2
left_child=1 -1 -3 5 19 7 8 10 9 -7 -2 -12 13 17 15 -14 -16 -6 -15 -5 -10
right_child=3 2 -4 4 12 6 -8 -9 20 -11 11 -13 14 18 16 -17 -18 -19 -20 -21 -22
leaf_value=-0.020093981717291497 0.044951090889029072 0.050201202461664741 0.0049771130084583261 -0.015104451162933961 -0.00068942760761825817 0.024583663586595424 -0.028500285546101109 -0.033005381289649298 0.028246101451290497 -0.0093087950678646201 -0.03989422020252114 0.001053383354345063 0.015172802850151585 -0.03111823767027691 0.032593787798357109 -0.062062162233082099 -0.0062404359874353062 0.013628032299385268 -0.0058213037277766591 -0.04590319738136267 0.050613839589845978
leaf_weight=3.6033058278262606 2.1606931760907164 3.8377556279301626 6.855205662548542 5.7077673971652967 889.11165831983089 17.650726735591888 6.5329737886786452 6.1284670382738105 4.7907685786485654 14.524677976965902 2.8651714026927939 437.22315528988838 6.9592522233724576 20.599813967943192 18.131260976195339 4.6696063727140427 8.9738226383924466 45.319495558738708 40.833188816905022 6.1001773327589035 4.8831703960895538
leaf_count=20 10 28 33 25 3758 77 28 26 20 61 13 1886 30 87 76 20 38 191 175 26 20
internal_value=5.84697e-07 0.0107982 0.0212083 -9.94473e-05 -0.000850123 0.00148182 0.010231 0.000537745 0.0162772 0.00928387 0.00100257 0.000786796 -0.000505842 -0.000877725 0.0090554 -0.0158412 0.0197367 4.96283e-06 -0.0143039 -0.0310156 0.0395368
internal_weight=1557.46 14.2963 10.693 1543.17 1046.41 496.76 48.3823 448.377 41.8493 32.1754 442.249 440.088 1034.6 995.864 38.7339 11.6289 27.1051 934.431 61.433 11.8079 9.67394
internal_count=6648 81 61 6567 4426 2141 206 1935 178 138 1909 1899 4375 4211 164 50 114 3949 262 51 40
is_linear=0
shrinkage=0.05


Tree=133
num_leaves=22
num_cat=0
split_feature=2 5 5 10 3 6 2 6 8 5 3 5 2 3 3 3 2 3 3 3 5
split_gain=0.673167 1.19927 3.6506 2.78047 2.64264 1.52243 0.939862 2.35172 2.53246 6.16351 2.12905 3.37791 1.09361 2.61255 2.2889 2.28466 1.65192 1.00875 0.896227 0.879344 0.595182
threshold=20.771590506259731 0.0014371428571428276 0.0011700000000000204 1.0000000180025095e-35 9.1200813275277159 0.44865799005307616 25.165525846926077 0.82623789039989182 1.0000000180025095e-35 0.0013350000000000148 4.0974613660682895 0.0014200000000000009 31.479511867442699 2.6315789473667439 36.652920266664161 15.640338051409785 31.885572027046823 1.8846982040972093 9.1200813275277159 4.5128252600419927 0.0017614285714285568
decision_type=2 2 2 2 2 2 2 2 2 2 2 2 2 2 2 2 2 2 2 2 2
left_child=1 2 4 5 -1 20 7 8 10 -10 -2 -12 13 -8 15 -15 -14 -18 -4 -19 -3
right_child=6 3 18 -5 -6 -7 12 -9 9 -11 11 -13 16 14 -16 -17 17 19 -20 -21 -22
leaf_value=0.021945802390855619 0.013766996251604708 -0.014605683155512007 0.022149644305783964 0.025564196377257788 -0.031436345623373496 -0.034085692002916237 -0.029698378777001669 -0.039537337187265015 0.065606436142643193 -0.011884268263323975 -0.041603217650160867 -0.00078614491259806202 -0.026364136702846055 0.012709473468358302 0.034374365790363001 -0.0025899489227375234 0.017467452148520565 -0.01362638764292119 0.052264614729620143 -0.00021300187872703793 0.0094247095282644286
leaf_weight=4.2768703103065508 6.3711011707782772 4.7665079683065432 5.153070390224455 6.6607508957386008 5.0628314018249512 5.5361046344041815 5.2176578342914572 5.0450488328933707 4.0950363576412183 6.8727183826267719 9.291158929467203 11.153660990297793 6.0739816650748244 45.98193359375 6.9053318277001372 51.991544079035521 8.0039213895797712 12.331399306654928 4.7458662539720535 1335.9259056709707 5.608773410320282
leaf_count=20 28 21 23 33 22 24 22 22 19 31 39 50 27 202 31 231 36 56 21 5665 25
internal_value=5.54042e-07 0.00625915 0.0154315 -0.00155866 -0.0069914 -0.0129127 -0.00017214 -0.00747358 -0.00319228 0.0170485 -0.0114708 -0.0193355 4.02374e-05 0.00483359 0.00655153 0.00459054 -0.000347135 -0.000230619 0.0365877 -0.000335683 -0.00161509
internal_weight=1557.07 41.8108 19.2386 22.5721 9.3397 15.9114 1515.26 42.8287 37.7837 10.9678 26.8159 20.4448 1472.43 110.096 104.879 97.9735 1362.34 1356.26 9.89894 1348.26 10.3753
internal_count=6648 189 86 103 42 70 6459 189 167 50 117 89 6270 486 464 433 5784 5757 44 5721 46
is_linear=0
shrinkage=0.05


Tree=134
num_leaves=20
num_cat=0
split_feature=4 4 9 5 5 5 9 2 3 4 2 9 9 2 3 9 5 5 3
split_gain=0.657674 1.57659 2.92173 3.01657 4.33197 2.842 1.66231 1.45996 3.55948 3.16202 1.70065 5.56789 1.56284 1.41978 1.94706 1.82163 2.50052 9.39135 1.46131
threshold=2.3863032303732026 2.1663111332385236 1.1927501356715566 0.0016689285714285695 0.0013632142857142712 0.0011982142857142532 2.6108585094717642 74.212215763705203 70.366150915066143 0.52035610873923099 72.78951049598183 0.8285207034691936 0.79449165320710535 26.069179195449191 15.315669523264015 2.525446239205333 0.0018525000000000032 0.0014371428571428276 74.689818663220947
decision_type=2 2 2 2 2 2 2 2 2 2 2 2 2 2 2 2 2 2 2
left_child=1 6 -3 4 5 -4 7 10 -9 -10 12 -12 -1 -2 -15 16 17 -16 -17
right_child=13 2 3 -5 -6 -7 -8 8 9 -11 11 -13 -14 14 15 18 -18 -19 -20
leaf_value=0.0020785148757580438 -0.029336318063111561 0.05203304442162543 0.018380549436337174 -0.026657133504277276 0.050706910177721491 -0.02728162678564194 0.021323543567190541 0.040734610167401014 -0.023119306152736004 -0.002939818657160297 -0.016913235636681886 0.032818046901802275 -0.0014129586231270369 0.028056618594369084 -0.01127515732681998 -0.038047425829016601 -0.025292697000357512 0.067575730012024063 -0.0015290862724538579
leaf_weight=563.99216798320413 5.6440091580152503 3.8847955316305187 8.2829301059246117 5.6770482361316672 5.8767650425434104 5.7893951386213294 9.0453244149684888 4.1255368888378134 23.437891229987144 113.03473111987114 9.1734021306037921 14.56345149874687 742.39983991160989 4.6030458584427825 13.888081490993505 6.7039625197648984 6.7255211919546118 5.1863918155431739 4.6323342174291611
leaf_count=2432 24 17 37 24 27 25 39 17 104 477 39 60 3142 20 62 29 30 23 20
internal_value=7.28043e-07 0.000182826 0.0116261 0.00550061 0.014652 -0.000405001 -4.5386e-05 -0.00017681 -0.00502224 -0.00640546 0.000335364 0.0135988 9.43713e-05 -0.00579957 -0.00261692 -0.00641891 0.000921603 0.0101646 -0.023125
internal_weight=1556.67 1509.28 29.5109 25.6261 19.9491 14.0723 1479.77 1470.73 140.598 136.473 1330.13 23.7369 1306.39 47.3833 41.7393 37.1363 25.8 19.0745 11.3363
internal_count=6648 6440 130 113 89 62 6310 6271 598 581 5673 99 5574 208 184 164 115 85 49
is_linear=0
shrinkage=0.05


Tree=135
num_leaves=20
num_cat=0
split_feature=2 2 6 4 5 5 5 13 9 5 4 6 9 13 9 2 2 9 6
split_gain=0.65765 2.1411 3.07946 1.87428 4.1116 6.28296 4.2955 3.60046 2.97403 3.45003 2.17383 1.6504 2.21862 1.17946 1.08318 1.49882 1.15666 1.13137 1.19859
threshold=23.0969549924415 25.165525846926077 0.64556955896487334 1.5429554522542146 0.0020917857142857149 0.0011478571428571529 0.00098428571428568388 20.919111308444545 0.72365158525108808 0.0016589285714285831 1.8954557908114842 0.35686594587642601 1.2057012601360098 21.256920164127653 2.8378985066241929 54.894144322286657 25.665422430408565 2.6108585094717642 0.97626085094535364
decision_type=2 2 2 2 2 2 2 2 2 2 2 2 2 2 2 2 2 2 2
left_child=3 2 11 4 5 6 -1 -5 9 -7 -9 12 -2 -10 16 -16 -3 18 -18
right_child=1 14 -4 7 -6 8 -8 10 13 -11 -12 -13 -14 -15 15 -17 17 -19 -20
leaf_value=0.019359010902960612 -0.041614903888587726 0.022103491625583786 -0.042438279645810241 0.029389153064181751 -0.026078735457092911 0.034315181249253306 -0.047933389064548027 -0.043680938622851162 0.066548550191266986 -0.017513696338828839 -0.00199939796719048 0.018236220811107835 0.0040390785651281272 0.035461575070013407 -0.031294765566343814 0.0011282905859422638 -0.00025930724289863904 0.023056832267306676 0.0081356759904260591
leaf_weight=4.3046867251396161 4.514956817030912 5.9863427281379691 7.1782020926475516 4.5046854615211513 6.4821822941303244 7.532081104815008 5.2806660532951355 6.2264927774667722 4.459609165787696 5.5966382995247841 6.2861157208681107 5.8113936111330977 6.4811258763074875 9.6611017473041993 6.5394890010356885 7.8345948606729507 1402.3693665936589 5.3378347605466834 43.847100436687469
leaf_count=20 20 26 32 20 29 35 23 26 20 26 27 28 28 44 28 34 5972 23 187
internal_value=7.26928e-07 -0.000205697 -0.0150241 0.00511871 0.0106423 0.0171045 -0.017713 -0.00894141 0.029352 0.0122211 -0.0227409 -0.00331602 -0.0147063 0.0452795 3.57778e-05 -0.0136226 0.000170475 8.0021e-05 -4.78402e-06
internal_weight=1556.23 1495.9 23.9857 60.3343 43.317 36.8348 9.58535 17.0173 27.2494 13.1287 12.5126 16.8075 10.9961 14.1207 1471.91 14.3741 1457.54 1451.55 1446.22
internal_count=6648 6378 108 270 197 168 43 73 125 61 53 76 48 64 6270 62 6208 6182 6159
is_linear=0
shrinkage=0.05


Tree=136
num_leaves=18
num_cat=0
split_feature=6 6 11 9 6 4 13 13 6 5 5 5 2 4 5 9 2
split_gain=0.648782 2.17675 2.5568 4.35885 2.49799 2.98188 6.47568 3.73473 1.74478 6.40879 5.35931 1.70938 1.2996 1.09025 4.01028 1.97089 0.858992
threshold=1.0000000180025095e-35 0.019139191383070967 1.0000000180025095e-35 0.91381707818982683 0.037617918624470219 0.72431413827027324 21.830275269924353 18.336757793440864 0.052631574660323692 0.0016521428571428561 0.0010728571428571534 0.0011982142857142532 48.737891015715682 1.747769527698829 0.00082321428571428639 2.525446239205333 42.217030114226496
decision_type=2 2 2 2 2 2 2 2 2 2 2 2 2 2 2 2 2
left_child=16 2 3 -2 5 6 -3 -7 9 10 -6 -4 -9 15 -15 -10 -1
right_child=1 4 11 -5 8 7 -8 12 13 -11 -12 -13 -14 14 -16 -17 -18
leaf_value=-0.007047485073352424 -0.025361265520513265 0.03264126541145268 -0.014715798637135308 0.029265004937012836 0.0098048440585573066 -0.0086712960431541298 -0.043470052641301896 0.028036354050385594 0.00045814958343809263 0.025341706793487379 -0.050579993444250709 -0.056425295706210403 0.059646704346273796 -0.051538870675402193 -0.0023814506391731504 0.027979171124412623 0.021557565351630868
leaf_weight=3.9926972910761815 8.4386063963174802 5.4799922108650225 5.1617477089166641 6.4377708286046991 5.4784041345119538 5.4588920921087292 5.7030377835035324 8.4342127814888936 1274.2630436308682 7.3588436096906653 11.158932626247404 4.6869592666625977 5.2915387153625479 4.2467542737722388 180.11800508201122 6.538780763745307 7.6587135717272758
leaf_count=22 36 23 22 27 24 23 25 38 5430 31 49 20 22 20 772 28 36
internal_value=8.76585e-07 -8.78099e-05 -0.0148042 -0.00172168 0.000151648 0.014348 -0.00617341 0.0263102 -0.00013785 -0.0135112 -0.0306962 -0.0345652 0.0402227 8.11769e-05 -0.00351377 0.000598651 0.0117552
internal_weight=1555.91 1544.26 24.7251 14.8764 1519.53 30.3677 11.183 19.1846 1489.16 23.9962 16.6373 9.84871 13.7258 1465.17 184.365 1280.8 11.6514
internal_count=6648 6590 105 63 6485 131 48 83 6354 104 73 42 60 6250 792 5458 58
is_linear=0
shrinkage=0.05


Tree=137
num_leaves=31
num_cat=0
split_feature=2 2 12 4 4 4 6 9 2 2 6 4 2 13 9 0 9 9 2 6 13 2 6 13 6 2 4 9 2 2
split_gain=0.653022 3.0365 2.94638 2.53604 4.93794 3.85993 1.92521 1.76216 4.36099 3.88198 4.33812 3.58014 3.37992 2.92368 5.40364 2.62381 3.4376 2.50183 7.91398 3.0795 2.36687 1.45731 7.25471 5.752 7.141 5.18885 4.12407 4.29669 2.88628 1.95933
threshold=44.046856898969601 43.124205505003985 1.0000000180025095e-35 0.67724702586658558 0.46657770182702846 1.3848660165063738 0.69491516590061109 1.1233824602349618 35.097370535132647 26.972134363238485 0.82216869229834233 1.5815304545144475 23.638381596206177 34.852789077765969 1.2638916022684346 1.0000000180025095e-35 0.87106403218099404 0.92817963524749292 41.347563726595503 0.79531749587788469 23.910888005342581 47.459828289244591 0.79250295238056279 33.820946888059986 0.88036226904748771 47.645713849537856 0.20261039836908376 0.50502490391922106 45.291237968802655 45.503905047706972
decision_type=2 2 2 2 2 2 2 2 2 2 2 2 2 2 2 2 2 2 2 2 2 2 2 2 2 2 2 2 2 2
left_child=1 7 3 4 -3 6 -5 11 9 12 -11 17 -9 20 -15 16 -13 19 -19 -1 -10 22 26 24 -24 -23 -2 -28 -29 -25
right_child=21 2 -4 5 -6 -7 -8 8 13 10 -12 15 -14 14 -16 -17 -18 18 -20 -21 -22 25 23 29 -26 -27 27 28 -30 -31
leaf_value=0.0044295953188206883 -0.062915569959153206 0.034195459576789211 -0.013632305948819423 0.065381940932491708 -0.033661632900691373 0.00061866816941291063 0.024655740985907507 0.010235040354074281 -0.00064913979427340266 0.014681397695960205 0.057093359623855304 -0.064073799914394144 -0.02036041523725661 0.051267106330349324 -0.0030418624108464972 0.010628400185568175 -0.015220872665060982 -0.016219179874194058 0.035403889921596189 -0.0090873340206579258 -0.020245098466796941 0.045917482951356531 0.06898209736008229 -0.037307151418128869 0.0042916875882717939 -0.00039865140193987112 0.023620085601138846 -0.0013842607176727238 -0.021451768453626542 0.007665805374180084
leaf_weight=211.94734251499176 3.9312549009919158 5.8795105218887347 7.0353966653347006 7.5859555155038851 4.9281907230615616 5.9069464504718772 4.699508398771286 25.177672564983368 33.659552827477455 53.12477021664381 6.8011577427387229 5.3441424965858522 14.07188059389591 6.1687294542789486 17.786059074103832 4.8748323470354071 11.039270326495169 55.271691992878914 8.57611136138439 52.593074388802052 28.419746577739716 6.0898221880197516 7.9270994365215364 4.6731343269348127 9.2367765903472883 861.81624627113342 8.3121749162673932 28.049681827425957 49.606890186667442 5.0271428227424622
leaf_count=945 20 27 30 33 21 25 20 110 142 226 29 23 61 26 80 22 46 237 36 229 120 26 33 20 39 3640 35 118 208 21
internal_value=8.47518e-07 0.00134627 0.0153949 0.0224368 0.00325339 0.0338333 0.0498031 0.000399758 0.00434304 0.011489 0.0194948 -0.00168902 -0.000734144 -0.0038945 0.0109435 -0.0215745 -0.0311563 -0.000401731 -0.00928511 0.00174231 -0.00962012 -0.000779201 -0.00602344 0.0167757 0.0341688 -7.36657e-05 -0.0128363 -0.0105463 -0.0142034 -0.014
internal_weight=1555.56 570.892 36.0355 29.0001 10.8077 18.1924 12.2855 534.856 185.21 99.1755 59.9259 349.646 39.2496 86.0341 23.9548 21.2582 16.3834 328.388 63.8478 264.54 62.0793 984.67 116.764 26.8642 17.1639 867.906 89.9 85.9687 77.6566 9.70028
internal_count=6648 2488 156 126 48 78 53 2332 794 426 255 1538 171 368 106 91 69 1447 273 1174 262 4160 494 113 72 3666 381 361 326 41
is_linear=0
shrinkage=0.05


Tree=138
num_leaves=20
num_cat=0
split_feature=4 13 9 4 6 6 4 4 9 9 13 6 13 9 13 8 6 5 9
split_gain=0.639095 3.23949 0.69515 3.26159 3.26939 2.71111 3.26692 3.01436 2.41344 3.02034 2.18231 2.18024 2.15413 1.52659 1.40222 1.1122 3.18767 2.42346 0.465193
threshold=0.076844693090041619 25.202006248139416 0.395001010371207 0.47778924280537621 0.87641583555801816 0.63822780513868793 0.29230859610409415 0.29230859610409415 0.41517091693453978 0.42228260869561923 31.302234628605557 0.22085470665572285 21.830275269924353 0.36048412744772168 20.531219930560322 -1.0000000180025095e-35 0.6246386126246396 0.0019535714285714117 0.43365440794883309
decision_type=2 2 2 2 2 2 2 2 2 2 2 2 2 2 2 2 2 2 2
left_child=1 18 3 4 5 7 -7 -2 10 -10 14 -5 -13 -14 -4 17 -17 -11 -1
right_child=2 -3 8 11 -6 6 -8 -9 9 15 -12 12 13 -15 -16 16 -18 -19 -20
leaf_value=0.0034601221308620776 -0.016090703272483887 0.042048362402281644 0.012433567833438762 0.007181345661961761 -0.029516968724083156 0.04698376336063248 0.00021773964315879922 0.012259980371750944 -0.037540754962524861 4.1381915345310122e-06 -0.0059474421344347704 -0.052487283530421605 -0.033835228233247201 0.0026122306017290517 0.047243561968750403 0.0066220618183440161 -0.00067953282829222262 -0.0077074899752620323 -0.019251641738034335
leaf_weight=4.6560962349176389 17.798701874911785 5.1860433146357527 5.3757752329111117 5.4637674540281322 7.3898588120937339 7.6047810912132245 7.3374959975481033 19.812265112996101 5.3572566509246817 588.34969028830528 6.0036372914910308 6.2782914489507702 5.8947428315877897 5.6043736189603806 6.2639989405870438 211.16343639045954 511.70124768465757 123.21474834531546 4.3713352605700493
leaf_count=25 83 35 23 24 33 36 32 86 24 2510 27 28 26 24 27 900 2163 521 21
internal_value=9.7976e-07 0.0105548 -9.63879e-05 -0.00454204 0.00162282 0.00600159 0.024019 -0.00115646 0.000157352 -6.78834e-05 0.0185377 -0.0204423 -0.0289323 -0.0160717 0.0311667 7.20689e-05 0.00145341 -0.00133121 -0.00753755
internal_weight=1554.83 14.2135 1540.61 83.1843 59.9431 52.5532 14.9423 37.611 1457.43 1439.79 17.6434 23.2412 17.7774 11.4991 11.6398 1434.43 722.865 711.564 9.02743
internal_count=6648 81 6567 372 270 237 68 169 6195 6118 77 102 78 50 50 6094 3063 3031 46
is_linear=0
shrinkage=0.05


Tree=139
num_leaves=26
num_cat=0
split_feature=5 5 8 6 13 6 5 6 3 4 13 10 13 12 13 9 6 6 9 13 13 9 3 5 5
split_gain=0.674479 2.62023 2.63071 2.33781 8.81647 6.08463 3.35167 4.66882 5.39123 2.97609 3.00721 2.84788 3.13074 2.3725 1.30777 5.17858 2.85978 2.74841 1.85309 3.89683 3.7733 2.56873 1.9831 7.50154 1.92114
threshold=0.002224999999999993 0.0021735714285714019 -1.0000000180025095e-35 0.89698293093576409 33.208788725496213 0.84589557816471761 0.0023696428571428545 0.20362173548864362 35.928724796730613 1.4213432252566731 14.505228769273698 1.0000000180025095e-35 17.05941934928541 1.0000000180025095e-35 14.650979332728051 2.1499982411707461 0.02603048842711753 0.063861394524264495 2.1927297751329795 23.468998103507527 27.733313647198944 2.6108585094717642 86.287315815011354 0.0017521428571428532 0.0020364285714285584
decision_type=2 2 2 2 2 2 2 2 2 2 2 2 2 2 2 2 2 2 2 2 2 2 2 2 2
left_child=1 14 -3 5 11 6 7 -2 -9 13 -11 12 -5 -8 15 16 -1 -18 22 21 -21 -20 24 -24 -16
right_child=3 2 -4 4 -6 -7 9 8 -10 10 -12 -13 -14 -15 18 -17 17 -19 19 20 -22 -23 23 -25 -26
leaf_value=0.026150683206572791 -0.012556368358690635 -0.038387121716426206 0.00063587131595373983 -0.0063606998005210306 -0.040923018137519425 -0.041894503436641264 0.00080544997674795072 0.064389463845158187 0.011737023256458232 0.019679113832634404 -0.02517849580253333 0.065088187863077629 0.048815493239060176 0.030227726940909295 0.0013234068016664249 0.039931782440182514 -0.031755314952955152 -0.0050235939223356894 -0.044770430245603343 0.027566407612651181 -0.010089904462579513 -0.0015097143213915816 -0.00011731749487313045 -0.032671423884783966 0.012346139850443583
leaf_weight=6.9671582430601111 8.7977601736783999 9.01054695248604 8.2946055829524976 5.1991786360740679 4.7637714594602576 7.8874308168888083 66.746720351278782 7.625321269035342 13.414506688714026 4.6369332373142269 19.234197065234184 5.6580703258514395 5.0856335014104843 7.6354005038738242 928.47769007086754 6.5395021289587012 10.166522860527037 177.37430523335934 10.031710729002951 9.3048452734947187 23.338228613138199 5.2153243720531455 141.54955213516951 20.2245834171772 41.287106975913048
leaf_count=30 38 38 37 23 20 33 290 33 56 20 81 24 22 32 3981 28 43 752 42 39 101 22 599 86 178
internal_value=9.80939e-07 -0.000347723 -0.0196828 0.00311176 0.0187627 0.00072845 0.00335304 0.0180299 0.0308195 -0.00110404 -0.016465 0.0365969 0.0209228 0.00382568 -0.000105345 -0.00383276 -0.00530416 -0.00647271 0.000530037 -0.0091037 0.000643955 -0.0299729 0.000937765 -0.00418715 0.00179269
internal_weight=1554.47 1397.78 17.3052 156.685 20.7067 135.978 128.091 29.8376 21.0398 98.2533 23.8711 15.9429 10.2848 74.3821 1380.48 201.047 194.508 187.541 1179.43 47.8901 32.6431 15.247 1131.54 161.774 969.765
internal_count=6648 5976 75 672 89 583 550 127 89 423 101 69 45 322 5901 853 825 795 5048 204 140 64 4844 685 4159
is_linear=0
shrinkage=0.05


Tree=140
num_leaves=31
num_cat=0
split_feature=0 5 6 13 2 2 6 5 6 5 5 2 2 6 6 6 13 3 5 6 2 11 13 9 5 3 3 2 6 13
split_gain=0.640994 1.71896 3.10667 2.62463 1.67075 3.26749 2.44738 1.53008 3.54678 4.76783 1.68929 2.86663 4.29485 1.41167 2.82956 1.88706 1.29364 5.96575 5.5745 3.68065 4.96049 3.37914 3.00591 3.69141 4.3821 3.98619 7.03909 5.82669 3.18665 2.4246
threshold=1.0000000180025095e-35 0.00078214285714285831 0.30661797323320888 29.563998888034167 38.243116471933035 44.560304660193424 0.72222210519563257 0.00083142857142854657 0.27272724837660445 0.00080500000000000027 0.00089142857142859074 34.379386961569267 41.347563726595503 0.037617918624470219 0.022222218930103902 0.052631574660323692 41.758680655529268 39.101455061663493 0.0019650000000000188 0.16519480349567392 54.894144322286657 1.0000000180025095e-35 31.729457722630652 1.2192951364878468 0.0017092857142857072 75.685017168067247 56.62866519842953 75.066230817614823 0.76243805724236424 30.724850426649503
decision_type=2 2 2 2 2 2 2 2 2 2 2 2 2 2 2 2 2 2 2 2 2 2 2 2 2 2 2 2 2 2
left_child=1 2 3 -1 -4 -6 -7 8 -3 -10 11 -9 -13 14 -12 -15 22 21 19 -19 -21 -18 29 25 28 26 -24 -27 -25 -2
right_child=16 7 4 -5 5 6 -8 10 9 -11 13 12 -14 15 -16 -17 17 18 -20 20 -22 -23 23 24 -26 27 -28 -29 -30 -31
leaf_value=-0.011189605022086352 0.0012173559551228244 0.04209747548491935 -0.048102954809118158 0.037776805502557846 0.021541847496790584 -0.056419704777404926 -0.0020761125413679077 0.014911417908723504 -0.030102412304482885 0.030386523353650413 -0.0024592885231394515 -0.062442531767913617 -0.0091626462832518248 -0.02070733300384631 0.027481929876298314 -0.0006325626383604792 0.054896598533204326 0.04185529474788105 -0.040170422683465774 -0.020103467397012645 0.011943822332566767 0.011116413117654579 -0.0076383536393135124 -0.023764570467032266 -0.051247330699092375 -0.02679947697079553 0.027980823777427083 0.024276254268192722 0.011444851721609623 0.021545681090890337
leaf_weight=7.228765472769739 607.17217111960053 6.887318059802058 5.722404450178149 4.4037257581949234 4.0350828915834418 4.83598545193672 3.6245949491858482 6.6737710833549526 7.0665198862552625 6.0439775884151459 19.549574926495552 5.111165419220927 14.548465758562086 11.939518764615057 13.231344789266585 599.56825913488865 8.6857975125312805 6.1322980970144263 7.6504200398921958 18.368631117045879 35.24090339243412 8.9480709880590439 34.967732213437557 17.00819963216782 8.6757101118564588 25.094399318099022 22.989428199827671 7.1819053441286078 10.328774422407148 15.031326353549955
leaf_count=33 2555 31 29 20 18 28 20 28 31 27 88 21 67 52 57 2562 47 27 33 79 149 46 155 72 36 104 96 31 42 64
internal_value=9.22306e-07 -0.00109132 -0.0128386 0.00734767 -0.0257278 -0.0154811 -0.0331384 -0.000583565 0.0130452 -0.00221684 -0.000989971 -0.0134028 -0.0230145 -0.000482633 0.00962587 -0.00102452 0.000945072 0.00678942 1.46374e-05 0.00516066 0.000963223 0.0326809 0.000281137 -0.00675338 -0.020287 -0.00135205 0.00649044 -0.0154345 -0.0104613 0.00170845
internal_weight=1553.95 720.47 29.8506 11.6325 18.2181 12.4957 8.46058 690.62 19.9978 13.1105 670.622 26.3334 19.6596 644.289 32.7809 611.508 833.476 85.0261 67.3923 59.7418 53.6095 17.6339 748.45 126.246 36.0127 90.2335 57.9572 32.2763 27.337 622.203
internal_count=6648 3112 148 53 95 66 48 2964 89 58 2875 116 88 2759 145 2614 3536 381 288 255 228 93 3155 536 150 386 251 135 114 2619
is_linear=0
shrinkage=0.05


Tree=141
num_leaves=17
num_cat=0
split_feature=13 4 0 2 4 13 9 4 5 4 3 4 13 9 9 9
split_gain=0.617885 3.76307 1.73333 1.70063 1.25053 0.761917 6.68705 0.715789 4.73823 3.77253 2.66283 2.00996 6.40092 5.44006 2.57581 4.05608
threshold=61.604533345418311 0.44254918845406738 1.0000000180025095e-35 48.737891015715682 0.70091396015980589 58.079314237152538 0.79789421368945734 1.747769527698829 0.00082321428571428639 1.7655300801931866 16.355263238475086 1.6085920156334537 13.381463987978956 0.91381707818982683 2.525446239205333 1.966952209926941
decision_type=2 2 2 2 2 2 2 2 2 2 2 2 2 2 2 2
left_child=5 -2 3 4 -3 7 -7 11 -9 -10 -11 14 -13 -14 15 -1
right_child=1 2 -4 -5 -6 6 -8 8 9 10 -12 12 13 -15 -16 -17
leaf_value=0.00024326735963126642 0.054344557871517464 -0.016912064211714428 0.027054614152742174 -0.034282604603231952 0.019845604521767628 -0.050025960202431212 0.024316904166256387 -0.056851469449878678 -0.041520002588809474 0.012272438302040703 -0.0033706161722025564 0.063778067354089182 -0.037827023254751097 0.010831862354898218 0.033156634031835344 -0.019746341464043159
leaf_weight=1243.4310121536255 3.6949277892708805 4.3137238770723361 4.2219448015093795 4.6286281198263159 4.9910633116960526 6.010958716273306 6.0887211859226227 3.983364298939704 5.7730276435613623 33.433694005012512 146.0139286890626 4.9863510429859152 6.6251957416534415 43.189646527171135 5.8263742476701728 25.905555665493011
leaf_count=5315 20 20 22 20 22 25 27 19 24 145 625 21 28 180 25 110
internal_value=7.43108e-07 0.00834944 -0.00101136 -0.00951559 0.00280465 -0.000118388 -0.0126156 -1.88513e-05 -0.00289635 -0.00173598 -0.000456088 0.000390508 0.00976681 0.0043604 -1.24461e-05 -0.000164695
internal_weight=1553.12 21.8503 18.1554 13.9334 9.30479 1531.27 12.0997 1519.17 189.204 185.221 179.448 1329.96 54.8012 49.8148 1275.16 1269.34
internal_count=6648 104 84 62 42 6544 52 6492 813 794 770 5679 229 208 5450 5425
is_linear=0
shrinkage=0.05


Tree=142
num_leaves=31
num_cat=0
split_feature=5 5 13 5 13 13 13 13 13 13 4 3 9 13 9 3 13 4 3 13 3 3 4 13 5 3 8 4 9 3
split_gain=0.611749 2.45469 2.55596 5.78006 5.69897 4.0879 5.60944 4.09233 3.32151 3.31556 2.85176 2.21944 5.08568 4.37532 4.85369 3.73238 3.1596 2.50557 4.04591 2.38236 2.36414 3.76942 2.17716 1.82303 1.78336 8.5515 6.07319 4.55431 4.96535 3.23105
threshold=0.002224999999999993 0.001942499999999998 31.10983679836135 0.0020264285714285562 33.980472000747589 24.952972541462977 26.411509967460415 20.531219930560322 17.05941934928541 40.661216438758387 0.86348960616700499 86.287315815011354 0.48599346178569375 18.448591106864569 0.8992631636092393 80.023918612073459 18.448591106864569 0.45651431632988276 39.46394362342614 21.690021148978222 71.661358811042518 66.66666666667011 1.0259933828046435 28.525381963261847 0.0017614285714285568 46.094434155934799 -1.0000000180025095e-35 0.53710806856561921 0.60820775185624087 65.958855854586517
decision_type=2 2 2 2 2 2 2 2 2 2 2 2 2 2 2 2 2 2 2 2 2 2 2 2 2 2 2 2 2 2
left_child=1 24 5 -4 -5 7 -7 8 -3 -6 -9 15 -13 14 -14 17 -17 18 19 -2 21 -19 -22 -8 -1 27 -27 -26 -29 -28
right_child=11 2 3 4 9 6 23 10 -10 -11 -12 12 13 -15 -16 16 -18 20 -20 -21 22 -23 -24 -25 25 26 29 28 -30 -31
leaf_value=-0.00026837999653499728 0.017487251665775704 -0.011174195167823454 -0.044328130578537628 -0.054923767401294267 0.041255374226585262 0.056914536739670611 -0.023994435761641592 -0.048708124862647667 0.01527039934753148 -0.0047781222066874372 -0.0086575876080345181 -0.025826559882919375 0.039689546676048335 0.049652747604297769 -0.022418566649460497 -0.0022224226709577975 -0.057683640569529009 -5.1537697321376827e-05 -0.0073540970431173157 0.065970682656043653 0.0001469986084222421 -0.037625497265364793 0.045371169258852651 0.014611402176033076 0.043610518691957693 0.013060129857930059 -0.044470801675472321 -0.02443996474190583 0.019948460913929277 -0.010746192540190259
leaf_weight=1158.8434869386256 5.3092936873435992 30.294613555073738 13.3805034160614 4.2971613258123424 5.5701278150081661 6.2462200224399593 5.1234714090824109 8.9200011044740695 19.52839208394289 13.136480391025541 8.8587736636400205 5.9577453583478954 5.8187751471996325 10.59804682433605 6.8475154936313629 5.3676071465015394 4.9235187917947769 80.993453502655029 7.7446140795946112 4.8467205353081226 5.5649166703224164 7.2743250876665106 5.1004206836223602 7.5850044339895248 15.161722891032694 22.74540389329195 9.789852023124693 7.7720814049243918 33.26581896841526 25.869218215346336
leaf_count=4953 24 128 58 19 24 26 22 38 83 59 37 26 25 44 29 22 21 344 35 28 23 30 21 33 75 96 41 33 143 108
internal_value=7.61434e-07 -0.000331324 -0.00707828 -0.0181979 -0.00299891 -0.0024041 0.0181165 -0.00815783 -0.000809096 0.00892893 -0.0287518 0.00296673 0.015392 0.0259477 0.00611332 0.000110537 -0.0287564 0.00265324 0.019867 0.0406248 -0.000461365 -0.00314808 0.0217743 -0.000952691 0.000320039 0.00626996 -0.00712788 0.0201934 0.0115418 -0.020005
internal_weight=1552.74 1396.39 122.941 36.3843 23.0038 86.5565 18.9547 67.6018 49.823 18.7066 17.7788 156.347 29.2221 23.2643 12.6663 127.125 10.2911 116.834 17.9006 10.156 98.9331 88.2678 10.6653 12.7085 1273.45 114.604 58.4045 56.1996 41.0379 35.6591
internal_count=6648 5976 527 160 102 367 81 286 211 83 75 672 124 98 54 548 43 505 87 52 418 374 44 55 5449 496 245 251 176 149
is_linear=0
shrinkage=0.05


Tree=143
num_leaves=26
num_cat=0
split_feature=0 3 3 4 5 10 6 6 4 4 4 3 9 5 9 4 5 3 5 5 6 6 4 6 6
split_gain=0.613416 1.64178 2.64706 1.60003 4.59775 2.24634 6.25737 7.70878 5.4157 5.2184 4.11664 3.94726 1.94359 1.57339 2.50018 1.35425 1.30485 1.32393 1.95692 4.9308 4.67602 1.33289 4.82073 1.87477 1.15571
threshold=1.0000000180025095e-35 92.113724826536995 95.696876278938205 0.28199255103375426 0.0014996428571428324 1.0000000180025095e-35 0.55637910040136074 0.60960057558086944 0.47302651954503222 1.0790746604262256 0.71823366276075751 42.024264740593559 0.32398767128216693 0.0010671428571428381 0.55368696409035667 0.04798418983542297 0.00070892857142855297 10.538127413126643 0.0014521428571428626 0.0019285714285714386 0.25563163902072999 0.063861394524264495 1.355645202050431 0.066666656666774279 0.52479499484279835
decision_type=2 2 2 2 2 2 2 2 2 2 2 2 2 2 2 2 2 2 2 2 2 2 2 2 2
left_child=1 3 -3 4 13 8 9 -8 11 -7 -10 -5 -6 -1 -15 -2 -17 18 20 -20 -18 22 -19 -23 -14
right_child=15 2 -4 5 12 6 7 -9 10 -11 -12 -13 24 14 -16 16 17 21 19 -21 -22 23 -24 -25 -26
leaf_value=-0.051535471546119233 0.037411734422723192 -0.039913003337096326 0.0022187108180858773 0.007488649760049833 0.03393386517054757 -0.0063860912674323107 0.068422195632449084 0.010762936081207389 -0.015966497724376152 0.037994252567122112 -0.001435973360860639 0.048497655998919996 -0.015990257377266625 -0.032369284198493185 0.0059897987895667117 0.02044087291437631 0.017149108217592288 -0.015025106066413394 0.069493376488573524 -0.0076920236777247982 -0.0425926118748262 0.039854847492987212 0.031584539679657644 0.00058894687892176222 0.010280352414898348
leaf_weight=4.5953121334314373 2.5353876538574687 6.9920865744352323 7.9862238615751266 20.7407470792532 5.0132015645504024 96.348203346133232 6.3213069587945929 69.860723212361336 55.602992922067642 7.1126049906015387 395.13968372344971 8.1828729063272458 7.5959281921386745 12.068727731704714 6.5551808029413214 8.3824228569865209 13.174405656754976 37.769479736685753 4.2357596866786462 4.0451427400112152 4.3591208755969992 3.0522789657115927 6.5026552826166144 748.43121623247862 9.3270196691155416
leaf_count=21 16 33 37 93 26 411 27 297 240 30 1700 35 35 54 28 36 63 161 25 20 20 13 28 3154 45
internal_value=8.70251e-07 -0.00106844 -0.017449 -0.000720154 -0.00982545 -9.65418e-05 0.00467246 0.0155473 -0.00188261 -0.00333508 -0.00322844 0.0190906 0.00658919 -0.025333 -0.0188678 0.000924974 0.000813512 0.000613255 0.0117572 0.031789 0.00229634 0.000251745 -0.00817912 0.000748432 -0.00151131
internal_weight=1551.93 719.443 14.9783 704.465 45.1554 659.309 179.643 76.182 479.666 103.461 450.743 28.9236 21.9361 23.2192 18.6239 832.488 829.952 821.57 25.8144 8.2809 17.5335 795.756 44.2721 751.483 16.9229
internal_count=6648 3112 70 3042 209 2833 765 324 2068 441 1940 128 106 103 82 3536 3520 3484 128 45 83 3356 189 3167 80
is_linear=0
shrinkage=0.05


Tree=144
num_leaves=19
num_cat=0
split_feature=6 11 6 5 4 6 10 5 6 5 5 4 3 3 6 4 5 4
split_gain=0.57385 3.70943 2.51766 2.39903 2.3948 2.07059 3.24297 1.77778 1.38561 5.82698 4.82707 3.38463 1.41927 1.78097 1.23304 1.11155 1.08116 1.25282
threshold=0.019139191383070967 1.0000000180025095e-35 0.010641006933299143 0.0019535714285714117 0.52463140409267317 0.037617918624470219 1.0000000180025095e-35 0.0011982142857142532 0.052631574660323692 0.0016521428571428561 0.0010728571428571534 1.1192648157382934 1.3273759822812108 1.8846982040972093 0.095238090136033945 0.64743180780812837 0.0014850000000000143 1.2975651085672502
decision_type=2 2 2 2 2 2 2 2 2 2 2 2 2 2 2 2 2 2
left_child=1 2 3 4 -1 6 16 -3 9 10 -7 -12 -10 -14 -15 -8 17 -2
right_child=5 7 -4 -5 -6 8 15 -9 12 -11 11 -13 13 14 -16 -17 -18 -19
leaf_value=0.0047112943911837568 -0.00059684013787056128 -0.010947684457622004 -0.019775990821938275 -0.015474344473932703 0.048097707089144612 0.0099473065046426258 -0.023307223280680332 -0.050875847607082164 -0.033070087982433626 0.025071951692553149 -0.0729588589819824 -0.017455836362491834 0.033850792263782938 0.0065731017253847076 -0.00026170171436793631 0.0089243293000507047 0.038429295629670297 0.034084402557270736
leaf_weight=6.4211429767310673 5.9216997176408785 5.7876321822404844 7.4809105992317191 4.7392599731683722 6.3021787256002426 5.4600352495908799 5.942625507712366 5.378485769033432 3.2213851064443579 7.3182085305452338 5.9898472875356656 5.0731027275323868 3.9108233004808417 69.289733797311783 1384.7974006272852 4.8645279854536057 8.731707423925398 4.647793710231781
leaf_count=34 25 25 32 22 27 24 25 23 14 31 26 23 18 292 5926 21 39 21
internal_value=1.00814e-06 -0.00622835 0.00449387 0.014891 0.0262017 0.000149467 0.0131307 -0.0301802 -0.000113716 -0.0120704 -0.0285212 -0.047507 8.13688e-05 0.000154615 6.39883e-05 -0.00879912 0.0254096 0.0146538
internal_weight=1551.28 36.1096 24.9435 17.4626 12.7233 1515.17 30.1084 11.1661 1485.06 23.8412 16.523 11.063 1461.22 1458 1454.09 10.8072 19.3012 10.5695
internal_count=6648 163 115 83 61 6485 131 48 6354 104 73 49 6250 6236 6218 46 85 46
is_linear=0
shrinkage=0.05


Tree=145
num_leaves=18
num_cat=0
split_feature=13 4 6 5 13 4 4 13 13 13 3 4 13 13 6 5 6
split_gain=0.57613 3.42206 1.43471 4.86771 0.695132 3.84819 0.687306 1.61009 2.14754 2.75484 2.02921 1.33046 2.99807 2.96805 1.21217 3.3006 1.45843
threshold=61.604533345418311 0.44254918845406738 0.6246386126246396 0.001203571428571439 58.079314237152538 0.79807897764964142 2.3863032303732026 14.387077108834228 32.848648225342039 27.986119162742209 55.709386310114652 2.1663111332385236 20.121602889799199 37.071580940191033 0.019139191383070967 0.001942499999999998 0.037617918624470219
decision_type=2 2 2 2 2 2 2 2 2 2 2 2 2 2 2 2 2
left_child=4 -2 3 -3 6 -6 11 -8 9 -9 -10 14 -13 -14 15 -1 -16
right_child=1 2 -4 -5 5 -7 7 8 10 -11 -12 12 13 -15 16 -17 -18
leaf_value=-0.0013821281902137647 0.052731244151081103 -0.022383594530288972 -0.016262765660088652 0.047773483373230861 -0.041504006059178165 0.015054457276125892 -0.032220615097042903 -0.0020910263160735234 -0.0028192926536500188 0.039502190435531825 -0.043484825263401035 0.036688622122874909 -0.010269315332902013 0.03274446426767337 0.011444192243442565 -0.040058165946953057 -5.0121800102748713e-05
leaf_weight=26.410854440182447 3.5839299410581615 5.0373723879456538 8.1687612831592542 4.8556260764598846 5.7800344973802549 6.2697500586509705 5.2048165127634993 23.5806247740984 7.3135343939065915 4.7895904928445807 5.2841902822256088 8.0586153566837329 15.57304894924164 5.4015135467052451 28.159846261143684 6.9726743400096884 1380.4664913266897
leaf_count=120 20 26 37 21 24 28 24 102 33 21 24 35 68 24 122 31 5888
internal_value=9.66815e-07 0.00810111 -0.000754687 0.0120505 -0.000113685 -0.0120755 -1.86841e-05 -0.00602545 -0.00269746 0.00493093 -0.0198767 0.000169855 0.0107672 0.000807889 -4.35091e-05 -0.00946023 0.000179661
internal_weight=1550.91 21.6457 18.0618 9.893 1529.27 12.0498 1517.22 46.1728 40.9679 28.3702 12.5977 1471.04 29.0332 20.9746 1442.01 33.3835 1408.63
internal_count=6648 104 84 47 6544 52 6492 204 180 123 57 6288 127 92 6161 151 6010
is_linear=0
shrinkage=0.05


Tree=146
num_leaves=28
num_cat=0
split_feature=2 6 3 4 4 5 5 0 13 5 13 5 4 2 2 2 13 5 8 4 2 13 5 2 2 13 11
split_gain=0.565179 1.19636 1.81795 1.19104 1.96281 1.36417 3.62443 0.833476 1.50297 4.396 7.59462 6.22604 4.9443 3.12879 2.773 3.70935 3.25177 2.62784 2.9861 1.24073 1.20106 3.21378 3.87368 3.19633 2.82362 2.44014 2.11681
threshold=20.771590506259731 0.79838440557663748 18.000359324470406 1.4825225312708314 1.8954557908114842 0.0011571428571428646 0.0016589285714285831 1.0000000180025095e-35 25.118424175187716 0.0014464285714285948 20.194978166607225 0.0015549999999999891 1.0790746604262256 70.738094723083236 57.343895043010015 56.185784048923729 46.891180528347753 0.0014039285714285701 -1.0000000180025095e-35 0.04798418983542297 38.472248339420688 20.789084695807851 0.0013432142857142989 40.429166868608654 41.708888153372207 12.136741443167184 1.0000000180025095e-35
decision_type=2 2 2 2 2 2 2 2 2 2 2 2 2 2 2 2 2 2 2 2 2 2 2 2 2 2 2
left_child=1 2 3 5 -5 -1 -7 8 9 17 12 -12 -11 14 15 -10 -16 18 -2 -9 21 25 -23 26 -25 -21 -22
right_child=7 -3 -4 4 -6 6 -8 19 13 10 11 -13 -14 -15 16 -17 -18 -19 -20 20 23 22 -24 24 -26 -27 -28
leaf_value=-0.011107487747343069 -0.013506897962911766 -0.015897398006398403 0.037740380135964743 -0.032021792310242318 0.010861554851842779 0.045472737391745156 -0.0033269171783248674 0.036084153527840342 0.00064839276060516123 0.0020347390214569853 0.024775205684337422 -0.022173734847834858 0.02734743139310088 -0.031557092867647289 0.020450437249849993 -0.034974248044694949 -0.020969750672400884 -0.036246998339086949 -3.2629252931094928e-05 0.026265975165503552 -0.0058153591582347786 0.0021187955864867699 0.032710368073464627 0.021379215247963226 0.00029935528014542537 -0.013752235971349867 -0.038897539232290113
leaf_weight=4.9100992828607621 96.896920204162598 5.5181924551725379 4.80195428431034 4.921510234475134 5.8283179998397827 7.0618706941604605 8.2500297054648382 2.4989021345973006 324.46677213162184 47.217153213918209 8.7320046275854093 36.913215771317482 32.618626177310944 7.3919030576944342 31.619187772274017 7.4761637151241294 5.5737172812223426 8.5228248387575132 71.429093435406685 4.6343028992414501 11.661002576351166 23.235968187451363 18.656879287213087 16.242309562861919 723.86159736663103 21.396585613489151 8.2609638571739197
leaf_count=23 418 24 22 21 26 35 38 16 1393 203 37 158 139 35 142 34 25 37 311 21 51 110 109 70 3021 95 34
internal_value=1.02642e-06 0.00577227 0.00911486 0.00467669 -0.00877139 0.0118256 0.0191796 -0.000156865 -0.00145642 -0.00408193 0.00307571 -0.0131923 0.0123768 0.000651714 0.00129669 -0.000153916 0.0142432 -0.00916056 -0.0077891 0.000905469 0.000799294 0.0071695 0.0157427 0.000229986 0.000761974 -0.00662776 -0.0195334
internal_weight=1550.6 41.292 35.7738 30.9718 10.7498 20.222 15.3119 1509.31 678.858 302.33 125.481 45.6452 79.8358 376.528 369.136 331.943 37.1929 176.849 168.326 830.449 827.95 67.9237 41.8928 760.026 740.104 26.0309 19.922
internal_count=6648 189 165 143 47 96 73 6459 2932 1303 537 195 342 1629 1594 1427 167 766 729 3527 3511 335 219 3176 3091 116 85
is_linear=0
shrinkage=0.05


Tree=147
num_leaves=31
num_cat=0
split_feature=5 5 3 5 4 4 4 2 8 2 4 5 5 5 2 2 2 4 4 5 3 4 4 3 2 2 5 8 3 3
split_gain=0.566594 2.95308 4.13836 2.5113 3.98112 6.93833 4.80603 5.96971 3.3558 4.33303 3.17978 3.21435 3.05657 2.78994 2.56725 2.17844 5.37325 2.06821 1.95946 1.63937 1.387 1.18046 2.30508 2.88863 2.22034 7.32657 4.32078 4.12729 2.59226 2.13887
threshold=0.0010285714285714184 0.0010492857142857289 23.492908811301401 0.00092071428571428274 0.87880653236279194 0.51466873500240795 0.57362087583082266 49.510546924341035 1.0000000180025095e-35 55.062464234487742 2.1365361982664259 0.00093071428571428483 0.00090928571428569203 0.0009749999999999799 52.358913912356698 63.141204724298213 56.185784048923729 0.31433259634895588 2.0428422202361629 0.00091500000000003091 95.372962452357356 0.37419691433334024 0.31433259634895588 28.511088220707279 62.917948159260426 63.528975711856916 0.00110642857142858 -1.0000000180025095e-35 96.75224739302503 42.857142857143941
decision_type=2 2 2 2 2 2 2 2 2 2 2 2 2 2 2 2 2 2 2 2 2 2 2 2 2 2 2 2 2 2
left_child=3 2 -2 12 5 8 -7 -8 13 -10 11 -6 17 -5 -13 16 -4 -1 20 -14 -19 22 -3 -24 28 27 -27 -26 -23 -25
right_child=1 21 15 4 10 6 7 -9 9 -11 -12 14 19 -15 -16 -17 -18 18 -20 -21 -22 24 23 29 25 26 -28 -29 -30 -31
leaf_value=-0.035431846036832741 0.015026480471879228 0.0002671997142215676 -0.037478502178229949 0.048372576909007328 0.029904763283837055 0.081935316710837758 0.045890377847606606 -0.0035570410648898842 0.0075094026905846781 -0.046273761274617208 0.033794482480109522 -0.013667998753420747 -0.043630536627617636 -0.0016194177563214917 0.0050075979670532395 -0.053864460889042877 0.022377246292382913 0.00066305396505964606 -0.030835310927652945 -0.0078918749694057017 0.026226609275438496 -0.0018256277908493856 0.037500204353239565 -0.019359801675686877 0.01383185405717223 0.024548414060249494 -0.00036077674225795583 0.069687681129316947 -0.033317984717936865 0.013813916092800201
leaf_weight=4.0814706832170478 8.0243180096149462 100.74748178943992 11.451082453131681 4.7498388886451721 6.9914688020944586 4.4195103496313122 14.729318320751192 10.423339948058127 8.2763080149888975 6.8397842496633539 6.5080216228961936 42.309195995330811 6.3499118834733945 6.7667226269841194 32.565728813409805 5.5856479704380027 5.5747824162244788 155.76557257026434 4.8149396106600753 6.4866835922002792 5.4932223036885253 752.66473922505975 10.181721456348894 6.2571494281291988 7.2742739021778107 18.651540249586105 261.40562959015369 6.0644686669111234 6.5916645526885977 21.743314817547798
leaf_count=19 34 474 49 22 29 20 62 44 35 29 30 178 27 30 136 23 24 692 22 28 26 3196 48 26 30 77 1093 25 28 92
internal_value=1.02398e-06 -0.000493911 -0.0158217 0.0018477 0.00677297 0.0171769 0.0338484 0.0253992 -0.00133478 -0.0168266 0.000156238 -0.00251786 -0.00204368 0.0189991 -0.00554533 -0.0267691 -0.0178799 -0.000268782 0.000595395 -0.0255708 0.00153387 -9.98295e-05 0.00423207 0.0146938 -0.000671556 0.00302251 0.00129815 0.0392267 -0.00209904 0.00640072
internal_weight=1549.79 1222.22 30.6358 327.571 144.579 56.2048 29.5722 25.1527 26.6327 15.1161 88.3744 81.8664 182.992 11.5166 74.8749 22.6115 17.0259 170.155 166.074 12.8366 161.259 1191.58 138.93 38.1822 1052.65 293.396 280.057 13.3387 759.256 28.0005
internal_count=6648 5219 130 1429 615 242 126 106 116 64 373 343 814 52 314 96 73 759 740 55 718 5089 640 166 4449 1225 1170 55 3224 118
is_linear=0
shrinkage=0.05


Tree=148
num_leaves=12
num_cat=0
split_feature=5 5 9 5 5 5 8 6 6 6 5
split_gain=0.551173 1.0749 5.05411 4.19351 1.06152 2.42188 2.36964 2.3122 4.41869 3.33026 1.11489
threshold=0.005075714285714311 0.0041625000000000221 0.97918253137422351 0.0038596428571428614 0.002224999999999993 0.0021735714285714019 -1.0000000180025095e-35 0.34741300022162619 0.095238090136033945 0.44865799005307616 0.0019010714285714566
decision_type=2 2 2 2 2 2 2 2 2 2 2
left_child=1 3 -3 4 5 10 -7 8 -6 -9 -1
right_child=-2 2 -4 -5 7 6 -8 9 -10 -11 -12
leaf_value=0.00037081197658557524 -0.015880455404805201 0.04750570996864617 -0.020138323006922663 -0.043675901973218294 0.017609628307102807 -0.036794423317049386 0.00036203337307597115 0.035544487132197419 -0.015295088389794528 0.0055422787485909161 -0.004630465712007233
leaf_weight=1254.0331798382103 5.4438789300620547 5.8497882783412916 5.2303554713726044 5.4899641051888457 15.091741859912871 8.9385233521461505 8.2526856958866102 10.518835827708243 31.494605451822281 76.64060316234827 122.29984803497791
leaf_count=5373 24 26 22 24 66 38 37 45 133 332 528
internal_value=1.18761e-06 5.71894e-05 0.0155745 -5.49835e-05 0.000101817 -0.000306557 -0.0189574 0.00435675 -0.00463554 0.00916309 -7.35975e-05
internal_weight=1549.28 1543.84 11.0801 1532.76 1527.27 1393.52 17.1912 133.746 46.5863 87.1594 1376.33
internal_count=6648 6624 48 6576 6552 5976 75 576 199 377 5901
is_linear=0
shrinkage=0.05


Tree=149
num_leaves=31
num_cat=0
split_feature=13 9 13 13 2 5 5 4 5 13 9 9 2 5 5 4 13 5 9 13 10 5 9 4 9 2 4 11 9 9
split_gain=0.552496 5.36169 3.23013 4.18362 3.29705 3.22644 3.96111 2.86175 2.66067 3.30419 3.24272 2.47846 1.93072 4.04623 2.01353 1.9896 1.61721 3.64987 5.39354 4.14971 4.04599 3.84076 3.51447 2.24847 4.06027 3.64994 3.37108 3.32171 2.84434 1.52592
threshold=14.505228769273698 2.1111783595098794 13.534763452008784 13.07740509245672 45.641319170598742 0.0016407142857142573 0.0010985714285713934 1.1498766301071133 0.0012128571428571585 12.136741443167184 1.5209168866397527 0.81045476906369152 85.799635147461387 0.0012128571428571585 0.0020364285714285584 0.85172271803257027 17.781666986821453 0.0014557142857143143 1.277693672043519 15.980896701307509 1.0000000180025095e-35 0.001234285714285704 0.93910074610582683 0.64319559953600736 0.4771741579361834 12.365593154439134 0.70875177465473549 1.0000000180025095e-35 0.49741659954802947 0.58522589786147061
decision_type=2 2 2 2 2 2 2 2 2 2 2 2 2 2 2 2 2 2 2 2 2 2 2 2 2 2 2 2 2 2
left_child=1 2 3 8 -5 6 -4 -7 9 -1 -10 -6 16 -14 15 -15 17 20 19 -19 21 -2 -22 25 26 -18 -25 -27 -26 -8
right_child=12 -3 5 4 11 7 29 -9 10 -11 -12 -13 13 14 -16 -17 23 18 -20 -21 22 -23 -24 24 28 27 -28 -29 -30 -31
leaf_value=-0.0049313841398329087 0.013334879022981045 0.040364749246195458 -0.029562959096187721 -0.0076912582458561196 0.010963262501098412 -0.017215680956650135 -0.017776734715067171 -0.06547622133167183 -0.0010330365859280146 -0.03276406710195847 0.033348517480308475 0.055673423859093241 0.014886228888291509 -0.018555267885094269 -0.0054209725872109557 -0.064603783684152857 -0.084937640974224043 0.037350429707863356 -0.013374129308590475 0.0096597097707574256 -0.0065058815739098665 -0.013628976119563253 -0.045969874544466383 -0.046336091209044229 0.037937168879526438 0.0049811009964377054 -0.0079448157000791015 -0.0171071358797889 -0.0010554879840011444 0.015372118624300369
leaf_weight=41.005460239946842 48.025403916835785 7.159887731075286 11.968807563185694 6.4115890115499523 5.4622270017862302 7.4717105180025083 4.5985421985387829 5.2162621766328812 101.74508342891932 14.410904988646505 7.353680655360221 7.1661959141492844 7.9426034539938 4.361930772662161 5.575774982571601 5.0747344344854355 1.1638177484273899 22.783129967749119 14.424708515405653 33.312115661799908 23.476571217179302 18.215930178761482 7.4260655194520941 8.7204502224922198 4.7056164592504492 309.37692355364561 16.607655689120293 18.011737048625946 765.73305586352944 14.166652232408522
leaf_count=176 203 31 51 28 23 31 20 22 436 61 31 30 34 20 23 22 5 97 60 140 100 77 31 39 20 1369 70 79 3260 59
internal_value=1.12583e-06 -0.00223665 -0.00358049 -0.000679405 0.0215093 -0.0158441 -0.00708691 -0.0370565 -0.00324739 -0.0121692 0.00128441 0.0363347 0.000399582 -0.013974 -0.0292431 -0.0433187 0.000654962 0.00523586 0.0138943 0.0209063 -0.0010496 0.00592 -0.0159893 -2.81629e-05 -0.0014649 0.00345168 -0.0211629 0.00376589 -0.000817332 0.00724876
internal_weight=1549.08 234.137 226.977 183.555 19.04 43.422 30.734 12.688 164.515 55.4164 109.099 12.6284 1314.94 22.955 15.0124 9.43667 1291.98 167.664 70.52 56.0952 97.144 66.2413 30.9026 1124.32 795.767 328.552 25.3281 327.389 770.439 18.7652
internal_count=6648 999 968 785 81 183 130 53 704 237 467 53 5649 99 65 42 5550 708 297 237 411 280 131 4842 3389 1453 109 1448 3280 79
is_linear=0
shrinkage=0.05


Tree=150
num_leaves=23
num_cat=0
split_feature=9 13 9 2 6 5 9 9 2 5 2 2 6 4 2 13 9 13 6 13 6 8
split_gain=0.563239 4.88521 3.15763 3.07769 4.52637 6.26832 2.71847 3.74252 3.06387 2.46479 2.28434 3.40818 2.04335 1.73424 1.13479 1.02643 2.91806 4.19133 4.10137 2.50667 5.87573 1.55895
threshold=0.395001010371207 9.0003848984268284 0.3506579463282678 40.301925487068466 0.15384614550836759 0.0013678571428571509 0.41517091693453978 0.42228260869561923 54.201571820936415 0.0015057142857142771 28.858705677029025 42.042200354056064 0.27272724837660445 0.25743575526039503 36.38817836611981 9.7237512720838666 0.80472256573473933 9.0003848984268284 0.66949329572381677 10.55513909502452 0.63822780513868793 -1.0000000180025095e-35
decision_type=2 2 2 2 2 2 2 2 2 2 2 2 2 2 2 2 2 2 2 2 2 2
left_child=1 -1 3 9 -5 -6 8 -8 14 -3 -4 -12 -13 -11 -2 16 18 -18 -9 20 -17 -21
right_child=6 2 10 4 5 -7 7 15 -10 13 11 12 -14 -15 -16 19 17 -19 -20 21 -22 -23
leaf_value=0.068779018701311562 0.021118128488877567 0.00062980188108976379 -0.046844880352781566 0.030765705265387397 0.018958128300095856 -0.031378488892505003 -0.03951921317046074 -0.0045550852579576469 0.04438866367538731 0.066925958683912587 0.014967466095900731 -0.049453392789837305 -0.013559101270378222 0.019567350405221853 -0.011643029556897982 0.038921944057807127 0.018377139224159598 -0.024401636504657348 -0.051377307102708894 -0.0015743528889999312 -0.013404601191546756 0.0018009653757962516
leaf_weight=2.2532146871089926 4.6527281180024165 7.7091689035296422 5.5221976414322844 6.7340046465396872 9.2002176642417925 18.869814433157444 5.9682084023952475 13.04859319329262 7.3430906385183325 3.4567867182195187 8.4747798740863818 5.2955114096403149 15.779442504048346 4.3855536133050919 6.1201090663671494 12.873723290860655 17.056321188807491 8.6192550957202894 7.2898570299148551 677.26776740700006 9.1978813856840116 691.2419059574604
leaf_count=10 22 36 25 29 39 89 27 55 31 24 38 23 70 22 28 56 73 38 32 2899 40 2942
internal_value=9.47898e-07 -0.00389135 -0.00580808 0.00221439 -0.00604846 -0.0148802 0.000234592 -7.13067e-06 0.0194829 0.0207065 -0.0173266 -0.0118103 -0.0225783 0.0404423 0.00250633 0.000157019 -0.00719016 0.00401636 -0.0213375 0.000400135 0.0171159 0.000130539
internal_weight=1548.36 87.6807 85.4275 50.3555 34.804 28.07 1460.68 1442.56 18.1159 15.5515 35.0719 29.5497 21.075 7.84234 10.7728 1436.6 46.014 25.6756 20.3385 1390.58 22.0716 1368.51
internal_count=6648 405 395 239 157 128 6243 6162 81 82 156 131 93 46 50 6135 198 111 87 5937 96 5841
is_linear=0
shrinkage=0.05


Tree=151
num_leaves=23
num_cat=0
split_feature=3 2 3 2 2 13 2 4 2 13 13 3 9 3 5 2 2 2 8 9 3 13
split_gain=0.580766 3.06281 3.89153 2.85319 2.36583 3.39604 2.8734 2.10106 2.00943 1.97197 3.31399 5.55437 4.37257 3.58137 5.85587 3.5534 3.63185 3.17939 2.67903 2.5589 2.53794 2.29024
threshold=47.267036562811292 39.391737138828582 48.170459616242546 37.870993393686838 41.708888153372207 26.546974178868762 42.042200354056064 0.64743180780812837 53.124639474116684 9.299283620680372 12.610980549760979 34.28540705693721 1.3817673747074879 43.295054156337294 0.0021478571428571306 54.531099906927743 60.32312465642412 47.95266039197778 -1.0000000180025095e-35 0.48095248886473446 15.315669523264015 17.781666986821453
decision_type=2 2 2 2 2 2 2 2 2 2 2 2 2 2 2 2 2 2 2 2 2 2
left_child=9 3 8 -2 5 -4 -6 -8 -3 17 11 12 20 15 19 21 -17 -1 -13 -15 -11 -12
right_child=1 2 4 -5 6 -7 7 -9 -10 10 13 18 -14 14 -16 16 -18 -19 -20 -21 -22 -23
leaf_value=-0.00028630432483380723 -0.0058836491125124415 -0.052551898692025159 -0.0052468520113429402 -0.051317097610323284 -0.050102466301903362 0.039142389224636032 0.0037610011271465762 -0.0020009554863374525 -0.0074123505793709165 -0.029086630639014174 0.0083344671145765201 -0.063925860773998741 0.042548965565047725 0.052991621269951196 -0.023601816301780605 -0.023129649360642303 0.023115712181599135 0.046295140914256731 -0.016840840439913411 0.016586281456199212 0.0010683350628758392 -5.4353418655543324e-05
leaf_weight=8.8988957703113538 8.8154902011156064 5.3205430880188924 8.164953365921976 5.6833970248699179 2.9114301651716223 9.123451963067053 222.49246314913034 547.60925391316414 4.5944625586271286 10.447627164423468 97.756371363997459 6.2938040792942047 4.7438348382711402 5.4757947400212279 8.799810051918028 26.792532816529278 5.0449375584721556 6.2261337935924521 5.8096173256635648 40.72882254421711 21.008067518472672 485.12349296361208
leaf_count=39 39 24 35 25 12 39 951 2313 20 45 415 28 21 26 38 116 22 27 25 175 90 2123
internal_value=9.73008e-07 -0.000917777 -0.000505118 -0.023693 -0.000114569 0.0181783 -0.000523687 -0.000336251 -0.0316349 0.00102194 0.000645578 -0.0120028 -0.00219885 0.00155783 0.0137811 0.000464107 -0.0158017 0.0188887 -0.0413251 0.0209007 -0.00894727 0.00135256
internal_weight=1547.87 814.715 800.217 14.4989 790.302 17.2884 773.013 770.102 9.91501 733.15 718.025 48.303 36.1995 669.722 55.0044 614.717 31.8375 15.125 12.1034 46.2046 31.4557 582.88
internal_count=6648 3458 3394 64 3350 74 3276 3264 44 3190 3124 209 156 2915 239 2676 138 66 53 201 135 2538
is_linear=0
shrinkage=0.05


Tree=152
num_leaves=27
num_cat=0
split_feature=3 6 4 9 13 13 6 13 6 13 4 2 2 2 13 4 4 3 3 6 6 2 3 2 6 13
split_gain=0.556357 5.12684 2.54392 2.52873 3.23586 2.63657 4.75396 4.04452 3.5497 1.43624 0.996729 2.93752 3.32118 2.91142 2.31236 2.05651 1.86635 1.61697 1.44135 1.17016 3.29579 2.59521 6.93775 3.28049 1.26104 0.647848
threshold=94.986228911905371 0.77653307947505212 0.63857974489728775 1.966952209926941 26.865044720153154 27.986119162742209 0.97019360940901123 22.708117627102098 0.9254193886200911 33.208788725496213 0.14225519663849576 51.583021038603157 62.20006057852472 35.69498069498092 26.030456173963827 0.088714290825969447 0.19259771359776109 26.374379948100085 13.874624821861408 0.98502227613638416 0.97626085094535364 44.396306677457552 38.691971763580717 52.736063580692054 0.9473682340718711 24.39725682002334
decision_type=2 2 2 2 2 2 2 2 2 2 2 2 2 2 2 2 2 2 2 2 2 2 2 2 2 2
left_child=10 2 -2 5 -5 7 9 8 -3 -7 11 13 -13 18 -15 -14 17 -12 -1 20 24 22 -21 -23 -18 -19
right_child=1 3 -4 4 -6 6 -8 -9 -10 -11 16 12 15 14 -16 -17 19 25 -20 21 -22 23 -24 -25 -26 -27
leaf_value=0.046311487816491026 -0.013883505880542244 0.015647885690527285 -0.066970864445458342 -0.048869656646172439 0.0077235349381783022 -0.049112888144944564 0.03121091200112773 0.042028780440867899 -0.018495501522473621 -0.014525911463833667 -0.040125715383365942 0.055073968402800461 -0.017881322803047228 -0.040932227103290718 0.0025805231604868178 0.030541599398364441 4.5593753775532559e-07 0.0064998684308012061 0.0025644356385560421 -0.036561791561542205 0.034737418824604814 -0.049593928579592141 0.046660490939269772 -0.0017781225826637827 0.0097042598002229311 -0.015850768872266687
leaf_weight=3.1214074008166817 4.6718422025442106 21.23236845433712 4.3651030212640762 5.4274966120719892 4.7244543433189392 4.8500590622425097 4.6836868375539771 8.5241910368204099 11.866966769099234 7.8751940280199051 4.9817399755120304 5.7933403030037871 4.3925608918070775 6.079589478671549 6.1336668245494366 4.3780372813344002 1350.3608866557479 5.4579218775033933 4.7450197413563728 4.5921806693077105 6.9587189108133307 6.7641354799270612 5.50788214802742 7.636880949139595 34.331211224198341 7.9861088991165161
leaf_count=19 21 89 20 23 20 21 20 36 52 34 22 33 22 28 35 20 5768 24 26 20 29 29 23 32 147 35
internal_value=7.42814e-07 -0.00410811 -0.0395262 0.000518245 -0.0225327 0.00448236 -0.0118567 0.0113161 0.0034066 -0.0277083 0.000219498 0.00859991 0.0256956 -0.00379975 -0.0190795 0.00629005 1.71195e-05 -0.0157934 0.0199233 0.000222833 0.00041354 -0.0106092 0.00882194 -0.0242371 0.000241046 -0.006777
internal_weight=1547.44 78.2214 9.03695 69.1844 10.152 59.0325 17.4089 41.6235 33.0993 12.7253 1469.22 34.6436 14.5639 20.0797 12.2133 8.7706 1434.58 18.4258 7.86643 1416.15 1391.65 24.5011 10.1001 14.401 1384.69 13.444
internal_count=6648 336 41 295 43 252 75 177 141 55 6312 183 75 108 63 42 6129 81 45 6048 5944 104 43 61 5915 59
is_linear=0
shrinkage=0.05


Tree=153
num_leaves=28
num_cat=0
split_feature=3 6 6 2 5 5 2 3 13 6 5 13 6 13 6 13 5 6 13 5 4 13 2 6 2 5 3
split_gain=0.529702 2.98525 4.40095 5.59735 4.60066 3.71611 2.79556 3.52228 2.81554 2.59908 4.446 2.5027 2.40884 4.42791 3.11038 2.35485 4.76123 2.4933 1.97308 3.71095 8.61846 5.24976 2.05674 1.92372 1.84145 1.77546 1.14443
threshold=47.267036562811292 0.9473682340718711 0.98843883420594836 40.131840219747865 0.0016828571428571528 0.0013432142857142989 39.391737138828582 48.170459616242546 32.170783568543705 0.91325246159197548 0.0012092857142856986 25.350510940772999 0.095238090136033945 34.188217832850007 0.063861394524264495 9.5085807171925971 0.0014371428571428276 0.17454988973625521 38.083818324639346 0.0014521428571428626 0.17504366606913632 19.809573517693114 12.365593154439134 0.14516864487383138 53.124639474116684 0.0013821428571428559 36.652920266664161
decision_type=2 2 2 2 2 2 2 2 2 2 2 2 2 2 2 2 2 2 2 2 2 2 2 2 2 2 2
left_child=1 9 3 4 -3 -5 8 24 -2 18 -11 -12 13 14 -9 16 -14 -17 19 20 -1 -21 -20 -24 -8 -15 -4
right_child=6 2 26 5 -6 -7 7 12 -10 10 11 -13 15 25 -16 17 -18 -19 22 21 -22 -23 23 -25 -26 -27 -28
leaf_value=-0.057971255655195966 0.00041852534878413167 -0.022064665485619521 -0.029517815223604388 0.081065849632396395 0.04188971544849427 0.025334762559971594 -0.050370493795518834 -0.0070575363422167295 -0.043787698808316122 0.015916909301853324 -0.013174736441645157 -0.063306017416513372 -0.0013934443128859764 0.01827536413638586 0.019471775735370046 -0.011400047864294606 -0.050154735645072439 0.00041576959123146274 -0.047884558345542068 0.014101796056426769 -0.0028112488767483988 -0.0016431551649071627 -0.0045584582482112827 0.0099348952572284425 -0.0070434218604471608 0.056715497772459517 0.0046910384254732901
leaf_weight=7.244569018483161 6.8924947232007963 7.2622324377298373 4.9811982661485654 5.565123498439787 4.5889101922512054 6.4669403284788132 5.2650505006313306 30.056505784392357 7.5446949154138565 5.5589924305677405 4.6771922260522825 5.3229372650384903 16.155710384249691 6.2871869802474958 17.470368281006813 47.890575334429741 7.254018932580947 659.10253113508224 1.741548255085944 85.18849790841341 314.47748973220587 139.85855087637901 29.211325116455555 105.88674401864409 4.5904927849769592 5.7520999237895012 4.8014855086803436
leaf_count=32 31 31 22 24 20 28 24 130 33 25 21 23 69 27 72 203 32 2792 8 368 1344 615 131 478 20 25 20
internal_value=7.33556e-07 0.000975963 0.0155189 0.0270889 0.00269927 0.0511118 -0.000876971 -0.00048336 -0.0226831 0.000275698 -0.0199313 -0.039859 -0.000112748 0.00955556 0.00269435 -0.000901223 -0.0165032 -0.000384615 0.000735614 -0.000608209 -0.00405335 0.00431688 0.00610512 0.0068011 -0.0301897 0.0366412 -0.0127276
internal_weight=1547.1 732.834 33.6659 23.8832 11.8511 12.0321 814.262 799.825 14.4372 699.168 15.5591 10.0001 789.969 59.5662 47.5269 730.403 23.4097 706.993 683.609 546.769 321.722 225.047 136.84 135.098 9.85554 12.0393 9.78268
internal_count=6648 3190 145 103 51 52 3458 3394 64 3045 69 44 3350 254 202 3096 101 2995 2976 2359 1376 983 617 609 44 52 42
is_linear=0
shrinkage=0.05


Tree=154
num_leaves=31
num_cat=0
split_feature=5 13 6 4 13 4 4 5 13 8 9 6 5 13 4 5 2 5 2 6 13 13 3 9 9 9 9 4 4 4
split_gain=0.544864 3.89191 4.58462 8.42897 4.21044 3.72608 7.48797 3.65908 3.55454 5.23861 4.96862 3.95315 3.25739 4.10829 4.41105 3.23159 4.21284 2.76245 5.18291 5.1393 3.44714 7.529 3.30017 2.44291 1.43207 4.42068 6.32512 7.89548 3.98414 8.67859
threshold=0.0010285714285714184 14.888447898203385 0.34393975245818403 0.61101030783603083 13.534763452008784 1.0032424998643632 1.3183753498828483 0.00092642857142855831 18.336757793440864 -1.0000000180025095e-35 1.289803389324061 0.34393975245818403 0.0010257142857143045 19.22918253105836 1.1374654670030377 0.00084642857142855756 59.381591527270167 0.0010575000000000131 64.752521660414928 0.64556955896487334 19.015918599457553 26.865044720153154 53.157081630617434 0.96822209697376282 1.0769230769229983 0.92817963524749292 0.95403874061446603 1.3426039587532801 1.3243133798559741 1.0790746604262256
decision_type=2 2 2 2 2 2 2 2 2 2 2 2 2 2 2 2 2 2 2 2 2 2 2 2 2 2 2 2 2 2
left_child=1 2 4 -4 23 7 -7 -5 9 10 11 -3 13 -10 -15 -11 -17 18 19 20 -2 -22 -21 -1 25 28 -27 -28 29 -19
right_child=17 8 3 5 -6 6 -8 -9 12 15 -12 -13 -14 14 -16 16 -18 24 -20 22 21 -23 -24 -25 -26 26 27 -29 -30 -31
leaf_value=0.051662492611266903 -0.026394688777586123 0.045909115693058659 -0.065102914427566771 -0.016902848334155975 -0.025326598005231071 -0.061849071292972284 0.012703277380840662 0.043241756880709512 -0.036446408009498797 0.0023166865939832724 -0.036733694832011256 -0.011390729318857873 0.043831426414105569 0.0087693520212450884 -0.0051083515210740456 0.077278404464790618 0.018344735021480246 -0.00032504254797234301 -0.048819812835065049 -0.063378521556601869 0.065762893397595237 -0.0030330693068677458 -0.0093909015659579542 0.0063206205800013784 0.0024298331693695858 -0.03306208342128629 -0.013155619661295141 0.017909423564353735 -0.014304925637503213 0.021824367847315822
leaf_weight=5.2778112888336199 5.3351891040802029 6.3808168768882769 8.4757165759801847 4.6489584892988223 5.9230812191963187 6.6785465776920301 6.7947546243667603 5.5451302826404572 7.039961874485015 4.3951508104801205 6.0171452462673178 5.6980611979961395 4.5622953474521628 123.38241045922041 106.84311722964048 7.129012465476988 5.2770900279283524 566.11855204775929 8.1477378755807859 4.8177501112222654 5.8922876268625286 12.234664455056189 6.8630396574735641 6.7955163344740868 393.92723704874516 23.82475058734417 72.806707039475441 28.444949001073837 43.195041075348854 47.972226984798908
leaf_count=23 23 28 37 20 26 28 29 23 30 20 25 24 19 547 468 30 22 2454 34 21 25 52 29 30 1666 100 308 120 184 203
internal_value=5.84394e-07 0.00181346 -0.011004 -0.0223171 0.00920213 -0.00699468 -0.0242514 0.0158131 0.00413584 0.0190533 0.000386859 0.0188786 0.00198316 0.00117847 0.00232898 0.0391583 0.0522102 -0.000485292 -0.0128896 -0.00455931 0.00893203 0.0193295 -0.0316581 0.0261417 -2.87804e-05 -0.00126672 -0.0098826 -0.00442842 0.00037282 0.00140525
internal_weight=1546.44 326.865 50.1395 32.1431 17.9964 23.6674 13.4733 10.1941 276.725 34.8973 18.096 12.0789 241.828 237.265 230.226 16.8013 12.4061 1219.58 43.2907 35.1429 23.4621 18.127 11.6808 12.0733 1176.29 782.362 125.076 101.252 657.286 614.091
internal_count=6648 1429 216 137 79 100 57 43 1213 149 77 52 1064 1045 1015 72 52 5219 184 150 100 77 50 53 5035 3369 528 428 2841 2657
is_linear=0
shrinkage=0.05


Tree=155
num_leaves=20
num_cat=0
split_feature=2 3 4 4 13 9 9 2 6 6 9 13 3 9 3 2 9 6 4
split_gain=0.541735 2.20007 2.75864 2.40535 2.93636 2.44092 2.15206 1.76559 2.78354 1.55293 1.93953 1.26917 1.22202 1.0487 1.56206 1.09837 1.0157 1.00393 0.959603
threshold=23.0969549924415 4.5128252600419927 0.63407805971327835 1.5429554522542146 26.546974178868762 0.66572994234529725 0.84666142746903439 25.165525846926077 0.64556955896487334 0.35686594587642601 1.2057012601360098 31.499870709379554 13.497279610753234 2.8378985066241929 75.048077098181224 25.665422430408565 2.6108585094717642 0.97626085094535364 1.3984610878940853
decision_type=2 2 2 2 2 2 2 2 2 2 2 2 2 2 2 2 2 2 2
left_child=1 2 -1 5 -5 11 -7 8 9 10 -2 -3 -8 15 -15 -9 17 -17 -4
right_child=7 3 18 4 -6 6 12 13 -10 -11 -12 -13 -14 14 -16 16 -18 -19 -20
leaf_value=-0.012960778347439438 -0.038864063422493503 -0.023499074675732288 0.050603702525200495 0.0071786167175914434 -0.038757882560069817 0.041162545545712401 -0.0061631138136971804 0.021615328134318358 -0.039889596233998022 0.018549045349014127 0.0040184981978119956 0.010015393741047948 0.025772840742458038 -0.026268360324465247 0.0079790541182094606 -0.00023731639726390016 0.021878725585638494 0.0074730876499505498 0.019778369541471372
leaf_weight=4.0571158528327933 4.475679844617849 7.4089140966534632 5.2716234773397428 6.37278965115547 7.6607453227043152 6.6053212098777321 7.877673387527464 5.9436497539281836 7.1129670292139044 5.7330152727663508 6.4176934584975243 4.5655974447727203 4.8332336694002151 8.9133781567215902 5.314825862646102 1393.5186540074646 5.3225155323743811 43.536163076758385 4.8452925086021423
leaf_count=20 20 34 25 28 33 31 35 26 32 28 28 22 21 39 23 5972 23 187 21
internal_value=4.31753e-07 0.00467873 0.0218718 -0.000697989 -0.0178976 0.00701583 0.0180111 -0.000186847 -0.0137133 -0.00251478 -0.0136003 -0.0107208 0.00598031 3.27073e-05 -0.0134755 0.000165411 7.70219e-05 -3.72656e-06 0.0358405
internal_weight=1545.79 59.4983 14.174 45.3243 14.0335 31.2907 19.3162 1486.29 23.7394 16.6264 10.8934 11.9745 12.7109 1462.55 14.2282 1448.32 1442.38 1437.05 10.1169
internal_count=6648 270 66 204 61 143 87 6378 108 76 48 56 56 6270 62 6208 6182 6159 46
is_linear=0
shrinkage=0.05


Tree=156
num_leaves=31
num_cat=0
split_feature=2 2 3 3 12 4 4 13 4 5 13 5 6 2 6 13 6 2 4 2 4 6 6 5 13 6 2 4 2 4
split_gain=0.531474 2.75926 2.9804 2.46912 2.3052 1.82348 2.89971 1.59195 4.52426 4.09224 3.23883 4.63759 4.61761 1.34408 6.47245 5.42805 5.29134 4.57653 3.52028 2.93975 5.43334 2.94035 1.20859 3.564 3.68125 2.80239 4.36267 2.39054 1.63054 1.1211
threshold=44.046856898969601 43.124205505003985 58.076141412232168 61.272709320694211 1.0000000180025095e-35 0.64319559953600736 1.3848660165063738 35.043176881411505 0.16292593362408311 0.0014996428571428324 28.380643719017925 0.0018032142857143149 0.63308037617335688 47.459828289244591 0.79250295238056279 36.831956785236535 0.88036226904748771 47.645713849537856 0.20261039836908376 45.503905047706972 1.4398751671571217 0.08168170842407857 0.93417104199219869 0.00094464285714284443 49.070100777525219 0.90120730326000187 75.521737320431114 0.24512304115904363 57.767618076172731 1.1305718812999161
decision_type=2 2 2 2 2 2 2 2 2 2 2 2 2 2 2 2 2 2 2 2 2 2 2 2 2 2 2 2 2 2
left_child=1 3 4 7 5 -3 -7 10 -9 -10 12 -12 -1 14 18 16 -16 -15 -2 20 -20 -21 25 28 -25 27 -27 -19 -24 -18
right_child=13 2 -4 -5 -6 6 -8 8 9 -11 11 -13 -14 17 15 -17 29 22 19 21 -22 -23 23 24 -26 26 -28 -29 -30 -31
leaf_value=0.005416573000212181 -0.059019639143073115 -0.0023818014795290309 0.046977832282986104 -0.027813814068930999 -0.017908970909226409 0.042991460379930367 -0.0040506666511321331 0.060017036289444652 0.010942585312532614 -0.0061883842019103963 -0.016344409670962446 0.013213365293506661 -0.0082625151060948653 0.043433906746937298 0.057120379700997842 -0.019645296879275281 0.020892049903847063 0.013402971773447354 0.010643702548616065 -0.04844738340070142 -0.038926302841901537 -0.0130822311907954 0.0034652274093412388 -0.0071503522549228333 -0.052441885709296358 0.0065377262010178142 0.054563392949033479 -0.0010023949691887197 0.043539344374638751 -0.013203362109806991
leaf_weight=209.80378711223602 3.843313541263341 8.7428548783063942 5.9510127902030936 7.6886000931262961 6.5770977586507788 9.3792046308517438 5.0340290665626517 3.6628038696944705 82.92156770452857 60.146934911608696 61.902763776481152 16.891770228743553 87.392289940267801 6.0154678374528876 9.3110467493534141 7.6584581434726706 4.9502189010381681 30.017659354954958 28.34423004090786 6.7961505949497214 6.8673646599054328 43.478099472820759 5.7266826927661878 63.913778647780418 4.8251357823610297 33.107671916484833 5.5166917741298667 709.7978006824851 4.5590875595808029 4.7001957297325134
leaf_count=916 20 39 27 33 28 41 21 23 370 265 269 76 380 26 39 33 21 142 119 29 30 183 25 272 21 140 23 2995 22 20
internal_value=5.25645e-07 0.00122012 0.0146784 0.000314692 0.00821378 0.0156335 0.0265613 0.000728428 0.00514542 0.00374061 -0.000995316 -0.0100079 0.00139416 -0.000704381 -0.005759 0.0158813 0.0302304 -2.564e-05 -0.0122078 -0.0101032 0.000975998 -0.0178629 -0.000330527 -0.00622212 -0.0103296 0.000267569 0.0133972 -0.000417904 0.0212278 0.00428602
internal_weight=1545.52 566.095 35.6842 530.411 29.7332 23.1561 14.4132 522.722 146.731 143.069 375.991 78.7945 297.196 979.429 115.949 26.6199 18.9615 863.48 89.3292 85.4858 35.2116 50.2743 857.465 79.0247 68.7389 778.44 38.6244 739.815 10.2858 9.65041
internal_count=6648 2488 156 2332 129 101 62 2299 658 635 1641 345 1296 4160 494 113 80 3666 381 361 149 212 3640 340 293 3300 163 3137 47 41
is_linear=0
shrinkage=0.05


Tree=157
num_leaves=30
num_cat=0
split_feature=3 2 3 9 3 13 9 9 9 9 9 6 2 3 0 2 5 5 9 9 13 3 2 9 2 2 5 13 6
split_gain=0.53389 5.01613 3.29843 5.90375 5.56438 5.28463 4.89465 3.24252 5.83954 4.53045 4.28847 4.09343 4.01021 2.51229 5.41791 3.88364 2.38878 2.36487 2.20753 2.16366 2.11156 1.95239 3.58482 2.86585 1.89444 1.61675 5.91521 1.72024 1.49516
threshold=70.366150915066143 74.714772333465888 72.756347247936432 1.1715239006538136 71.661358811042518 28.795303858679958 1.3895652012887925 0.49117353775202849 0.41517091693453978 0.395001010371207 0.50954513731470741 0.81313537999299923 77.401995870221825 68.368391660460688 1.0000000180025095e-35 66.182791168043551 0.0015285714285714349 0.001280714285714278 0.75623708792975453 0.51814823549510536 10.55513909502452 67.097813067217302 66.621884981143708 0.8367150036131189 59.184139209812834 65.432139232606374 0.001252500000000006 35.246205593531485 0.51162782765467762
decision_type=2 2 2 2 2 2 2 2 2 2 2 2 2 2 2 2 2 2 2 2 2 2 2 2 2 2 2 2 2
left_child=1 13 3 4 5 18 -5 8 9 17 -9 12 -10 21 28 16 -16 -4 -2 -12 -21 25 23 -23 -6 27 -27 -1 -15
right_child=2 -3 7 6 24 -7 -8 10 11 -11 19 -13 -14 14 15 -17 -18 -19 -20 20 -22 22 -24 -25 -26 26 -28 -29 -30
leaf_value=-0.0013786197159532593 0.010758709018693637 0.048485016211898602 0.025933375380133156 -0.079283451525167248 -0.0049143396922943167 -0.019847378764627041 -0.016692687000768369 0.040586490219965826 -0.048089488157401925 0.047917481867295726 -0.036824785614099034 0.013452329983816756 0.004294206301467548 0.025101866103325144 -0.028536308563552711 0.033607942913777576 0.014585487147252336 -0.012396478276097621 0.054529478939594062 -0.014778080958027975 0.0020538820326716045 0.0022390987013636071 0.020082575188888105 -0.048137271298425245 -0.04510070270303148 -0.014005060823129693 0.027797362975817863 0.0034500889762573944 0.064964617725034479
leaf_weight=711.61521088331938 5.1739192157983833 5.4497670531272879 5.0450441986322465 5.3867174983024579 4.9138811826705915 6.9885997474193564 7.4342591762542725 6.9022219330072394 17.560034111142166 4.9072999805212012 3.7785859405994406 4.8657726347446433 4.6134204268455496 4.4813295900821704 9.5132897645235079 6.112301677465438 4.8483693599700919 19.886394456028938 6.4987034499645233 19.633460462093353 365.51864097267389 4.3070779591798809 4.7918415665626517 8.1944656223058683 7.2737222462892532 14.260523930191992 20.814910620450974 248.97732097655535 4.9513147473335266
leaf_count=3072 22 23 22 23 21 29 31 29 74 21 16 21 20 20 39 25 20 90 27 86 1543 19 20 35 30 60 87 1102 21
internal_value=7.11047e-07 0.00064035 -0.00135016 -0.0144732 -0.00262144 0.0145398 -0.0429901 -8.42662e-05 -0.0112474 0.00400349 0.00151978 -0.0280772 -0.0371905 0.000390326 0.0146728 0.000227779 -0.0139788 -0.00464017 0.035128 0.000826475 0.00119586 -3.13491e-05 -0.0166875 -0.0307814 -0.0288981 0.000257945 0.0108019 -0.00012706 0.0460263
internal_weight=1544.7 1048.32 496.381 43.6698 30.8488 18.6612 12.821 452.711 56.878 29.8387 395.833 27.0392 22.1735 1042.87 29.9066 20.474 14.3617 24.9314 11.6726 388.931 385.152 1012.96 17.2934 12.5015 12.1876 995.668 35.0754 960.593 9.43264
internal_count=6648 4543 2105 183 129 78 54 1922 248 133 1674 115 94 4520 125 84 59 112 49 1645 1629 4395 74 54 51 4321 147 4174 41
is_linear=0
shrinkage=0.05


Tree=158
num_leaves=24
num_cat=0
split_feature=3 13 13 13 13 5 3 4 5 5 5 5 5 4 3 13 5 5 13 3 4 3 13
split_gain=0.530867 2.7565 2.02294 2.42471 5.1027 2.32053 2.25621 0.934874 1.67812 3.47723 3.46539 2.10694 3.56695 1.67322 1.44246 2.31396 0.814115 7.21597 4.96065 4.14056 3.64466 3.64363 3.34072
threshold=94.986228911905371 46.891180528347753 12.434479179322683 16.444727381285201 18.448591106864569 0.00098928571428569278 97.202660406885641 0.14225519663849576 0.001459642857142856 0.0015671428571428544 0.0013050000000000167 0.0016889285714285578 0.0019285714285714386 0.19259771359776109 60.390187077577828 24.173599975423382 0.0014996428571428324 0.0014850000000000143 20.194978166607225 10.962380573248932 1.0119354568036945 43.65546628500681 20.531219930560322
decision_type=2 2 2 2 2 2 2 2 2 2 2 2 2 2 2 2 2 2 2 2 2 2 2
left_child=7 2 -2 6 -5 -6 -4 8 10 -10 -1 -11 -13 14 15 -9 17 22 21 -20 -19 -18 -15
right_child=1 -3 3 4 5 -7 -8 13 9 11 -12 12 -14 16 -16 -17 18 20 19 -21 -22 -23 -24
leaf_value=0.018008863763764756 -0.02474060670247348 -0.042824168764428627 0.047638269724994985 -0.046796551273377486 0.028203821815889315 -0.0024025918026618245 0.0025334034402330358 -0.048227183152296321 0.067142327486437822 -0.024824703437994939 -0.033865730986429247 0.05280886598211823 0.00021040957607892162 -0.0035132931282213387 0.0053789445072493884 -0.0049180216965610535 0.013306077820008236 0.013423346492193414 -0.02022070750950709 -0.0029519941070623528 0.069765829336097152 -0.00038785305183551685 0.0030249760818002731
leaf_weight=7.0095928460359556 8.4625631123781186 4.3228275030851355 4.9456065744161588 5.9595283865928641 7.3061027675867072 40.650192603468895 6.3097620904445648 5.6649607419967669 2.9745593443512943 3.7040429338812855 5.9541522264480591 4.7855133675038806 9.8731908872723562 307.06916163861752 5.8958558142185202 6.7698532342910767 79.366574734449387 5.9668919742107374 39.017606042325497 314.56187995523214 5.5308019369840622 125.20834708213806 537.07431894913316
leaf_count=33 37 20 21 26 33 172 27 25 18 21 27 30 54 1303 26 30 342 25 173 1343 23 524 2315
internal_value=4.46456e-07 -0.00402014 -0.00174207 0.00124432 -0.00316217 0.00226027 0.0223525 0.000214184 0.00837161 0.0169919 -0.00581675 0.00886813 0.0173818 1.88047e-05 -0.0149905 -0.0246485 0.000213409 0.00118247 -0.00127214 -0.0048576 0.0405261 0.00492482 0.000646588
internal_weight=1544.38 77.9566 73.6338 65.1712 53.9158 47.9563 11.2554 1466.43 34.3011 21.3373 12.9637 18.3627 14.6587 1432.13 18.3307 12.4348 1413.8 855.641 558.154 353.579 11.4977 204.575 844.143
internal_count=6648 336 316 279 231 205 48 6312 183 123 60 105 84 6129 81 55 6048 3666 2382 1516 48 866 3618
is_linear=0
shrinkage=0.05


Tree=159
num_leaves=19
num_cat=0
split_feature=2 2 9 9 4 4 5 5 3 13 9 13 5 9 3 2 9 2
split_gain=0.533709 2.33177 2.11299 2.94704 1.80624 1.80248 4.13239 7.26238 4.50754 4.11619 3.68941 3.22104 2.72705 0.930003 1.38328 0.990935 0.949649 1.03526
threshold=23.638381596206177 25.165525846926077 0.77642876261011684 1.4179792887625218 0.30293398235416563 1.5429554522542146 0.0011478571428571529 0.0016589285714285831 9.713257965056556 20.919111308444545 0.72365158525108808 30.903142002492697 0.0016889285714285578 2.8378985066241929 75.048077098181224 25.665422430408565 2.6108585094717642 75.903347251829857
decision_type=2 2 2 2 2 2 2 2 2 2 2 2 2 2 2 2 2 2
left_child=4 2 -2 -4 -1 6 8 11 -6 -7 -9 -8 -11 15 -15 -3 17 -17
right_child=1 13 3 -5 5 9 7 10 -10 12 -12 -13 -14 14 -16 16 -18 -19
leaf_value=-0.025471431422635523 0.0075276080075664499 0.020576683805411257 -0.049859548602812991 -0.00028539442916054647 0.023043231601298977 0.033112179902538771 0.030016828735690455 -0.0265098472111874 -0.045019963666747959 -0.036136767697856113 0.020799029971345483 0.078831735117776663 0.01100019776809669 -0.024758008652658925 0.0075093149920230709 0.00039999944346987806 0.021168968770089128 -0.0043962855071260059
leaf_weight=4.6846553646028033 5.5540574379265335 5.9134961515665045 7.3288051486015302 5.0730594247579575 4.280258432030676 4.9115886539220837 10.155315458774568 7.8287012279033688 5.6348662078380585 9.0907723903655988 8.70176914334297 5.0646952092647544 4.6317085325717917 8.8951952308416349 5.3006907105445853 1312.5699673593044 5.3119217455387107 123.05416802316904
leaf_count=26 27 26 32 22 20 22 47 36 25 39 39 23 20 39 23 5629 23 530
internal_value=6.0732e-07 -0.000194252 -0.0181027 -0.0295809 0.00443548 0.00675893 0.0125401 0.0213395 -0.0156378 -0.00616763 -0.00160608 0.0462607 -0.0202268 2.58385e-05 -0.0127095 0.000150792 6.69661e-05 -1.11129e-05
internal_weight=1543.99 1479 17.9559 12.4019 64.9843 60.2997 41.6656 31.7505 9.91512 18.6341 16.5305 15.22 13.7225 1461.05 14.1959 1446.85 1440.94 1435.62
internal_count=6648 6351 81 54 297 271 190 145 45 81 75 70 59 6270 62 6208 6182 6159
is_linear=0
shrinkage=0.05


Tree=160
num_leaves=26
num_cat=0
split_feature=0 3 3 4 5 2 3 2 2 9 9 9 9 5 3 2 13 13 13 3 3 6 3 2 5
split_gain=0.53594 1.57127 2.37981 1.30303 3.912 2.23431 2.29851 2.12425 1.88319 2.14168 1.76088 5.12717 4.09866 1.20256 1.14587 3.58511 2.2501 2.13816 1.44333 1.26847 4.90459 3.6096 3.29707 3.29049 1.612
threshold=1.0000000180025095e-35 92.113724826536995 95.696876278938205 0.28199255103375426 0.0014996428571428324 34.127531931364047 43.295054156337294 73.570351185546897 44.956628252880982 0.47320023520845639 0.79449165320710535 0.7864963983576917 0.87577098733461489 0.00070892857142855297 10.538127413126643 44.560304660193424 24.024790853753746 16.444727381285201 30.570529745630662 26.043136464421693 27.186754769476149 0.53403568954012248 20.052162927645352 50.299526547094821 0.00074642857142856857
decision_type=2 2 2 2 2 2 2 2 2 2 2 2 2 2 2 2 2 2 2 2 2 2 2 2 2
left_child=1 3 -3 4 5 -1 -7 10 9 -6 11 -5 -12 -2 15 16 17 -15 -18 21 -21 23 -23 -16 -22
right_child=13 2 -4 7 8 6 -8 -9 -10 -11 12 -13 -14 14 19 -17 18 -19 -20 20 24 22 -24 -25 -26
leaf_value=-0.0024760796133339539 0.019753397380932753 -0.038694556612800579 0.0014754800570826324 0.0023459564412326287 0.030818936394265237 -0.051416453327661309 -0.011116710913994628 -0.034228946834862863 -0.014767633290088018 -0.0095636983608225618 -0.015727972486628536 0.048786846054651792 -5.6868271555932192e-05 0.030493595809860718 -0.01987121478963683 -0.029602468691062114 0.058703227120850181 -0.013051854636565255 0.019534879397310141 0.041390882620136404 -0.02487317391971694 0.029106580665798534 -0.0069428463751065317 0.018422171222174037 0.00077002953880517125
leaf_weight=8.222559258341791 8.3431126326322538 6.8607632517814618 7.9704065918922424 236.36868919432163 9.3965771719813365 8.7050560265779477 5.9610882252454749 4.5277744680643073 7.0817987322807303 5.0466055944561949 47.162688240408897 6.0964417755603781 361.79115157574415 4.8131811320781761 39.349466569721699 4.4638166278600684 4.4171358197927457 6.8039883635938168 5.0306217521429062 7.4268480390310279 6.1820228993892661 11.364628393203022 14.353355623781679 6.5426164716482154 709.28354858607054
leaf_count=37 36 33 37 1016 49 39 27 21 33 24 202 26 1568 21 178 19 24 33 31 32 26 55 65 28 2988
internal_value=7.6497e-07 -0.00100193 -0.0171068 -0.000660882 -0.00894913 -0.0233395 -0.0350365 -9.96911e-05 0.00635294 0.0167088 0.000137529 0.00351365 -0.00186414 0.000866457 0.000674298 0.0111012 0.0197266 0.00498973 0.0378474 0.000339264 0.000968065 -0.00600838 0.00898719 -0.0144119 0.000548458
internal_weight=1543.57 715.192 14.8312 700.36 44.4137 22.8887 14.6661 655.947 21.525 14.4432 651.419 242.465 408.954 828.374 820.031 25.5287 21.0649 11.6172 9.44776 794.502 722.892 71.6101 25.718 45.8921 715.466
internal_count=6648 3112 70 3042 209 103 66 2833 106 73 2812 1042 1770 3536 3500 128 109 54 55 3372 3046 326 120 206 3014
is_linear=0
shrinkage=0.05


Tree=161
num_leaves=17
num_cat=0
split_feature=6 6 13 13 6 10 6 2 13 2 3 3 13 4 6 4
split_gain=0.5052 1.77976 2.23439 4.10558 1.7278 2.95923 1.29246 2.39895 3.1981 1.62355 1.27811 1.64524 1.14764 0.931179 2.09214 0.764677
threshold=1.0000000180025095e-35 0.019139191383070967 31.10983679836135 18.644810385095337 0.037617918624470219 1.0000000180025095e-35 0.052631574660323692 52.924882400253459 32.323064912045474 62.765563638705096 1.3273759822812108 1.8846982040972093 20.194978166607225 1.5087014359197879 0.02603048842711753 0.52463140409267317
decision_type=2 2 2 2 2 2 2 2 2 2 2 2 2 2 2 2
left_child=15 2 3 -2 5 13 7 8 -6 -9 -8 -12 -7 14 -3 -1
right_child=1 4 -4 -5 6 12 10 9 -10 -11 11 -13 -14 -15 -16 -17
leaf_value=-0.00041863947165737792 0.0013148059104981303 -0.0084893201947736207 0.0072436680655732005 -0.049569210927635721 0.020489610996251243 0.0092589210797527615 -0.031454567707039582 -0.04901197364926968 -0.029785159957075348 -0.0085104195713721752 0.032798175137364528 6.9865954705927266e-05 -0.023652192495924988 0.043444844030605945 0.031490175082069187 0.02580714801890029
leaf_weight=6.6975053846836072 7.7943699061870602 5.0070335566997555 8.4689521640539152 8.0669852495193464 8.5744124948978442 4.785799369215967 3.2046537548303595 5.3734982013702375 5.0123989433050147 4.5861733108758926 3.8501325696706763 1446.8381083533168 5.9322764575481415 4.6110734269022933 9.4451044648885709 4.7512210160493851
leaf_count=37 33 22 37 35 38 20 14 24 22 20 18 6218 26 21 42 21
internal_value=8.66653e-07 -7.73558e-05 -0.0134926 -0.0245645 0.0001392 0.0120629 -0.00010115 -0.0117217 0.00194242 -0.030362 8.70498e-05 0.000156727 -0.00895683 0.023881 0.017639 0.0104651
internal_weight=1543 1531.55 24.3303 15.8614 1507.22 29.7813 1477.44 23.5465 13.5868 9.95967 1453.89 1450.69 10.7181 19.0632 14.4521 11.4487
internal_count=6648 6590 105 68 6485 131 6354 104 60 44 6250 6236 46 85 64 58
is_linear=0
shrinkage=0.05


Tree=162
num_leaves=30
num_cat=0
split_feature=9 6 5 9 4 4 4 3 6 3 10 9 9 9 4 9 6 6 2 2 4 4 3 6 5 4 4 4 6
split_gain=0.515949 3.90916 4.45217 4.73662 4.23297 5.12575 8.62329 4.86128 3.85458 3.84092 3.49348 5.87919 7.29918 3.6227 3.26735 2.95122 3.24102 4.50413 2.46219 3.49206 2.76429 2.07805 1.43553 3.66059 6.69246 3.15355 3.88311 3.79953 2.19567
threshold=0.66989493746191864 0.30232552866407797 0.0010492857142857289 0.53824820187740785 1.0790746604262256 0.80509705388275554 0.74536827781621195 58.076141412232168 0.33525082333611544 67.902204734793131 1.0000000180025095e-35 0.6165287918040826 0.57689942284052964 0.63390648738831545 0.40921247845305464 0.68319771884642977 0.35686594587642601 0.67352220683354846 73.570351185546897 76.888079463226049 0.89022920235918079 0.076844693090041619 27.186754769476149 0.20362173548864362 0.0017349999999999868 1.1809121366169169 1.3120550432221803 1.0790746604262256 0.27272724837660445
decision_type=2 2 2 2 2 2 2 2 2 2 2 2 2 2 2 2 2 2 2 2 2 2 2 2 2 2 2 2 2
left_child=1 2 3 14 5 6 -4 -7 9 -3 11 12 -10 -13 -1 16 -2 -18 20 -20 -12 -17 25 24 -24 27 -27 -23 -25
right_child=15 8 4 -5 -6 7 -8 -9 10 -11 18 13 -14 -15 -16 21 17 -19 19 -21 -22 22 23 28 -26 26 -28 -29 -30
leaf_value=0.022087523500400316 -0.009906329935248535 -0.0071227779154514189 0.0010116050259446269 -0.00028626244372764742 0.047651320082834209 -0.043757052798498473 0.059759076130510159 0.0084646978630242998 -0.010672859084410423 -0.063156418064003489 0.00173266288478393 -0.067029209036903778 0.026103644050091843 -0.020935635177391429 0.081856406814033278 0.049860432334527638 0.069358101093958985 0.007851811376294782 -0.044158305134113306 -0.00020348332565878473 0.036529479668516017 0.004603211913784014 -0.015514842294775505 0.011287539729827345 0.0095787833938015699 -0.018520353207408288 0.0019522300918917461 0.025689686255526031 -0.00021102743669172491
leaf_weight=4.3006317168474215 5.804928898811343 6.9569504708051664 93.598066136240959 7.2074733525514594 4.945675164461135 11.50584000349045 6.6931549161672583 7.273663029074668 86.090550363063812 5.4573393762111664 160.22910617291927 5.9346991777420071 15.999274611473082 15.13115271180868 4.8825543969869614 2.1075040660798541 5.4213492870330793 6.600448951125145 6.973502583801749 12.836139500141142 5.9182934612035742 112.46069807186723 95.612925641238689 44.668604835867882 36.79587721824646 28.259206339716911 128.40812692791224 26.372721955180168 588.29202013090253
leaf_count=21 26 30 413 32 21 49 28 30 368 23 713 25 68 64 23 13 23 29 31 57 25 495 410 188 156 122 548 114 2503
internal_value=8.52287e-07 -0.0013978 0.00556263 0.0300534 0.00232579 0.000443171 0.00493225 -0.0235306 -0.00443734 -0.0317552 -0.00334023 -0.00987183 -0.00490933 -0.0339212 0.0538657 0.000598635 0.0207741 0.0355887 0.000985524 -0.0156767 0.00297215 0.000260281 0.000161747 -0.000981104 -0.00854142 0.00312182 -0.00174056 0.00860879 0.000600437
internal_weight=1542.74 461.934 140.407 16.3907 124.016 119.071 100.291 18.7795 321.527 12.4143 309.113 123.156 102.09 21.0659 9.18319 1080.8 17.8267 12.0218 185.957 19.8096 166.147 1062.98 1060.87 765.369 132.409 295.501 156.667 138.833 632.961
internal_count=6648 2021 617 76 541 520 441 79 1404 53 1351 525 436 89 44 4627 78 52 826 88 738 4549 4536 3257 566 1279 670 609 2691
is_linear=0
shrinkage=0.05


Tree=163
num_leaves=28
num_cat=0
split_feature=5 2 2 9 4 3 4 5 3 2 9 5 8 9 0 3 2 5 9 4 3 3 3 4 2 9 9
split_gain=0.523533 2.22937 3.55775 3.80957 4.19593 2.26028 1.46623 1.02211 3.04437 3.01418 3.3025 4.85905 4.80327 2.9602 3.08621 1.38475 2.90548 1.9185 2.73955 2.16288 1.1184 4.28476 3.32682 3.03908 2.64551 1.0199 0.810665
threshold=0.00078214285714285831 69.473261334346148 56.185784048923729 1.5725244996981365 0.77723992997566704 22.751536719510629 0.4941797448345942 0.0009749999999999799 97.202660406885641 48.737891015715682 1.3965566658099755 0.00092071428571428274 1.0000000180025095e-35 0.52591657846889517 1.0000000180025095e-35 97.202660406885641 84.02243463302456 0.0017349999999999868 0.9176820035474994 0.72942627353092104 10.962380573248932 11.620405101273603 10.538127413126643 0.23182482914813121 29.509298133258095 0.62206535371084326 1.3741591817223957
decision_type=2 2 2 2 2 2 2 2 2 2 2 2 2 2 2 2 2 2 2 2 2 2 2 2 2 2 2
left_child=1 2 3 4 6 -6 -1 8 9 10 11 -2 -12 -11 -15 20 17 19 -19 -17 22 24 23 -9 -22 -23 -4
right_child=7 -3 26 -5 5 -7 -8 15 -10 13 12 -13 -14 14 -16 16 -18 18 -20 -21 21 25 -24 -25 -26 -27 -28
leaf_value=-0.0097739097167973236 0.0038880929031692574 0.021546759197398825 -0.054667761171251807 0.026502437246051648 0.00039696398303838145 -0.034462926306512362 0.026244300935358705 0.036540147676341055 0.043845222591562948 0.029347951670531724 -0.020082973548506827 0.030674761743628782 0.023735883502937691 -0.021059017151874058 -0.00017490675942093074 -0.0060000049560068758 0.015778305312996909 -0.027771646574566208 0.026747683419761484 -0.041477988741814992 0.062202354417750086 -0.0022334002752640515 -0.042916065109666168 -0.0045611275806901356 0.0086519564252819248 0.0010995996586763165 -0.022617633553401281
leaf_weight=4.4427523463964445 43.388065531849861 7.10896411538124 4.0821431875228873 8.8754755258560163 6.7720088660717037 14.839365623891352 7.7620108872652054 4.6938337460160247 4.5803343504667273 6.1792345196008673 19.198810547590256 27.762883767485619 9.2753796875476855 25.400082796812057 58.28034245967865 7.0957811921835008 8.3311310410499555 4.433744475245474 4.7973435670137405 10.887254312634466 4.432424068450926 320.72902637347579 5.4295322000980368 107.52460369467735 4.8082519695162773 807.12989095970988 3.8185526430606842
leaf_count=21 190 33 21 38 31 71 36 27 21 27 81 122 40 118 245 31 36 20 20 46 21 1401 23 474 21 3414 19
internal_value=9.58535e-07 -0.00467174 -0.00835583 -0.00265187 -0.0103038 -0.0235394 0.013133 0.0001826 0.00356574 0.00259208 0.00858124 0.0143402 -0.00580912 -0.00404794 -0.006514 -0.000326238 -0.0100582 -0.0179675 0.000561737 -0.027479 -5.05462e-05 0.000429612 -0.0046914 -0.00284196 0.0343382 0.000151795 -0.0391773
internal_weight=1542.06 57.7013 50.5923 42.6916 33.8161 21.6114 12.2048 1484.36 194.065 189.485 99.6251 71.1509 28.4742 89.8597 83.6804 1290.29 35.5453 27.2141 9.23109 17.983 1254.75 1137.1 117.648 112.218 9.24068 1127.86 7.9007
internal_count=6648 270 237 197 159 102 57 6378 844 823 433 312 121 390 363 5534 153 117 40 77 5381 4857 524 501 42 4815 40
is_linear=0
shrinkage=0.05


Tree=164
num_leaves=31
num_cat=0
split_feature=0 6 9 2 6 6 13 6 12 13 13 13 9 2 2 6 13 2 9 9 12 9 13 9 13 6 13 2 9 13
split_gain=0.492945 1.28106 7.66359 5.22752 3.51672 3.19281 2.02598 1.50606 4.07059 3.16258 4.57802 3.30781 2.55229 1.43666 4.46559 3.05785 2.71323 3.86781 3.20967 2.46281 1.09869 3.76662 4.63964 2.64814 3.50195 3.1715 2.84785 2.58862 4.9476 2.47226
threshold=1.0000000180025095e-35 0.91325246159197548 1.2385107413245835 51.182631380585555 0.9565845205062512 0.93417104199219869 46.891180528347753 0.77653307947505212 1.0000000180025095e-35 45.660957736330566 32.323064912045474 50.959672548933433 1.2057012601360098 45.503905047706972 46.510095903421835 0.095238090136033945 13.997032016132628 38.861944354672367 0.52118473641755081 0.81517787509754791 1.0000000180025095e-35 1.0351227754500976 29.087082019616577 1.1054440424049206 20.789084695807851 0.6029411099697507 30.408766136336141 75.903347251829857 0.83171877815793971 22.218930196975972
decision_type=2 2 2 2 2 2 2 2 2 2 2 2 2 2 2 2 2 2 2 2 2 2 2 2 2 2 2 2 2 2
left_child=1 7 3 5 -4 -3 -7 13 9 10 -9 -11 -10 16 19 -16 18 -18 -1 -15 -2 22 27 29 25 -25 -26 28 -22 -23
right_child=20 2 4 -5 -6 6 -8 8 12 11 -12 -13 -14 14 15 -17 17 -19 -20 -21 21 23 -24 24 26 -27 -28 -29 -30 -31
leaf_value=-0.045122766269232235 1.643882067443961e-05 -0.044201219669641051 -0.0029394826494875534 -0.048863083217601473 0.044910721250747333 0.0045330345784862485 -0.028647090078479404 0.0058769944919736189 -0.042423842964167874 -0.044539171181249317 0.03525959759774247 0.011467273276091426 0.001805775463925745 -0.0082746771681164125 0.013834833201148328 -0.0050309664188457458 -0.0013637669151254639 0.010651743091388683 -0.0056471817894666564 -0.046894267072177011 -0.013738392389475078 0.00058061161155732982 0.038340849380347368 0.0037400088486664778 0.024616062275587658 -0.03135570128250062 -0.00036008506369848296 -0.026472778514745762 0.026665417108327719 -0.044073150547219844
leaf_weight=6.2144731283187857 689.48364464566112 5.3675301522016516 7.2387041747570029 10.730356648564337 8.1777584999799711 22.778154782950882 5.7650578320026389 45.441165596246719 6.4313638359308225 5.009106904268263 18.717191725969315 5.5656290650367737 6.6181100159883499 7.5215899050235775 24.9230837225914 155.41039012372494 239.94022674113512 92.911090649664402 30.040059491991997 9.1501085087656957 12.279815919697283 5.8862669914960843 15.538070797920225 13.71544533967972 19.775758758187294 12.130522310733793 26.989625930786133 5.318651631474494 19.783890828490257 6.5476491749286652
leaf_count=27 2952 24 33 50 36 99 26 196 27 21 80 26 29 32 109 694 1036 394 132 41 52 24 71 57 83 50 115 22 82 28
internal_value=8.76394e-07 -0.000961729 -0.00795032 -0.0184464 0.022443 -0.00882167 -0.00216857 -0.000319854 0.00577389 0.0102731 0.0144489 -0.0150622 -0.0199926 -0.00126477 -0.00471249 -0.00242361 0.000575408 0.00199021 -0.0124138 -0.0294707 0.000831444 0.00490444 0.0153775 -0.00161256 0.00203849 -0.0127318 0.0102016 0.00583273 0.0111915 -0.0229339
internal_weight=1541.4 713.951 60.0576 44.6411 15.4165 33.9107 28.5432 653.894 87.7826 74.7331 64.1584 10.5747 13.0495 566.111 197.005 180.333 369.106 332.851 36.2545 16.6717 827.449 137.966 52.9204 85.0453 72.6114 25.846 46.7654 37.3824 32.0637 12.4339
internal_count=6648 3112 268 199 69 149 125 2844 379 323 276 47 56 2465 876 803 1589 1430 159 73 3536 584 227 357 305 107 198 156 134 52
is_linear=0
shrinkage=0.05


Tree=165
num_leaves=12
num_cat=0
split_feature=5 5 9 5 5 13 3 5 5 13 5
split_gain=0.519625 0.948914 4.7152 3.90101 0.964292 3.066 3.06054 2.09613 2.69143 2.02203 2.01069
threshold=0.005075714285714311 0.0041625000000000221 0.97918253137422351 0.0038596428571428614 0.0022449999999999974 15.414153739502511 94.685897492870794 0.0019010714285714566 0.001833928571428556 31.10983679836135 0.0022717857142857205
decision_type=2 2 2 2 2 2 2 2 2 2 2
left_child=1 3 -3 4 7 6 -6 8 -1 -9 -7
right_child=-2 2 -4 -5 5 10 -8 9 -10 -11 -12
leaf_value=-5.0287567958600006e-05 -0.015438935190094075 0.045726122281428562 -0.019838865655900761 -0.042203707540760166 0.024353247841937362 0.03113709231862577 -0.020806832116509119 -0.0021202236720993034 0.012880549636687944 -0.015040476833345699 -0.0018043490451507705
leaf_weight=1205.4805097952485 5.4303949922323218 5.7925852723419649 5.2072813808917999 5.4688135385513297 26.54071639478207 4.87999253720045 4.3693446516990653 101.40979908779263 41.630838692188263 43.174511447548866 91.279250346124172
leaf_count=5189 24 26 22 24 114 21 20 436 184 192 396
internal_value=5.46818e-07 5.5159e-05 0.014688 -5.0441e-05 0.000101346 0.00427082 0.0179696 -0.000279349 0.000381367 -0.00597836 -0.000132601
internal_weight=1540.66 1535.23 10.9999 1524.23 1518.76 127.069 30.9101 1391.7 1247.11 144.584 96.1592
internal_count=6648 6624 48 6576 6552 551 134 6001 5373 628 417
is_linear=0
shrinkage=0.05


Tree=166
num_leaves=22
num_cat=0
split_feature=4 2 6 6 4 6 4 2 6 8 2 9 2 9 9 2 6 11 9 9 0
split_gain=0.508297 1.44707 1.68387 2.68922 2.03474 1.97248 1.31522 2.70436 4.15769 3.50391 1.23877 1.20371 1.1507 1.68654 5.49528 3.3177 1.10492 3.47677 1.3551 0.857459 0.507952
threshold=2.3863032303732026 26.069179195449191 0.40694476248151251 0.66949329572381677 2.8259660873282342 0.217606520665066 2.1663111332385236 33.173040864482957 0.20896311153055327 1.0000000180025095e-35 50.094502933502405 2.6108585094717642 75.903347251829857 0.7864963983576917 0.90376367340330288 82.015003354446293 0.019139191383070967 1.0000000180025095e-35 0.28101926805378474 2.080842807543049 1.0000000180025095e-35
decision_type=2 2 2 2 2 2 2 2 2 2 2 2 2 2 2 2 2 2 2 2 2
left_child=6 -2 5 10 19 -3 11 -8 -9 -10 -4 12 16 15 -15 -14 17 -1 -18 -5 -11
right_child=1 2 3 4 -6 -7 7 8 9 20 -12 -13 13 14 -16 -17 18 -19 -20 -21 -22
leaf_value=0.0018127940174141107 -0.029073749473681701 -0.0062016818428563087 -0.0085615366285065123 0.0032975080073585463 0.0301729683379394 0.029250097970039954 0.038613363308054871 0.044220421846916748 -0.037708883223990665 -0.0046879873605065363 -0.04402821819202779 0.018343077770006072 -0.024692493053129608 0.027903002250069905 -0.006903181059337341 0.0044833213607887801 0.016003346985139156 -0.034083587638780131 0.00031360634252141354 -0.025568001366606585 0.01707253767051908
leaf_weight=22.624284204095602 5.5599599331617346 8.0934864282608014 4.1332195550203341 6.0642702877521497 4.8560255616903296 7.6152058914303771 6.6795007176697281 4.6915464699268368 6.5615914911031732 4.4813737273216248 6.089025691151619 8.8436877802014333 24.590031825006008 13.890901103615759 61.754738003015518 16.138954401016235 13.910033062100409 9.6110772937536222 1293.0666019245982 4.4684513509273529 6.6782359927892685
leaf_count=106 24 35 20 26 21 34 31 22 28 20 28 39 110 59 263 71 70 42 5550 20 29
internal_value=5.75805e-07 -0.00512598 -0.00190357 -0.00980858 0.00339653 0.0109845 0.000161491 0.0106886 0.00236641 -0.00871411 -0.0296878 -4.76395e-05 -0.000159376 -0.00492839 -0.000511679 -0.0131315 0.000255041 -0.00888983 0.000480591 -0.00894853 0.00833415
internal_weight=1540.4 46.8796 41.3197 25.611 15.3887 15.7087 1493.52 29.0922 22.4127 17.7212 10.2222 1464.43 1455.59 116.375 75.6456 40.729 1339.21 32.2354 1306.98 10.5327 11.1596
internal_count=6648 208 184 115 67 69 6440 130 99 77 48 6310 6271 503 322 181 5768 148 5620 46 49
is_linear=0
shrinkage=0.05


Tree=167
num_leaves=15
num_cat=0
split_feature=13 5 5 5 13 5 6 6 13 13 6 10 6 13
split_gain=0.51298 1.34009 3.99938 2.31786 0.643369 1.78499 0.608855 1.68764 1.77716 3.773 1.28673 2.4481 1.01172 0.570522
threshold=61.604533345418311 0.0018792857142856947 0.0012764285714285675 0.0009535714285714347 58.079314237152538 0.0015549999999999891 1.0000000180025095e-35 0.019139191383070967 31.10983679836135 20.309796363840341 0.037617918624470219 1.0000000180025095e-35 0.072178726226313883 25.118424175187716
decision_type=2 2 2 2 2 2 2 2 2 2 2 2 2 2
left_child=4 2 3 -2 6 -6 13 8 9 -8 11 -9 -12 -1
right_child=1 -3 -4 -5 5 -7 7 10 -10 -11 12 -13 -14 -15
leaf_value=0.023112256688780312 0.021166386931471985 -0.014548518559509754 0.051537579118267209 -0.024480628074982289 0.0044606423017667894 -0.034762053668322315 -0.0034466298119667027 0.02155511364473052 0.0060891665904693072 -0.053589239943438643 -0.006895116238541105 -0.0085239804429801409 0.00015823726786596805 0.00040729636629965827
leaf_weight=5.4892476797103864 5.4744490161538177 5.1390378251671782 5.0751729533076277 5.6524412706494331 7.0635910257697088 4.9218555241823196 9.597555339336397 18.432533271610737 7.8367439508438101 6.1590795367956153 52.770262762904167 10.686358004808428 1390.1101306416094 5.5784922651946545
leaf_count=28 29 25 24 26 31 21 41 82 34 27 231 46 5975 28
internal_value=4.97333e-07 0.00769856 0.014755 -0.00202222 -0.000107681 -0.0116463 -1.58922e-05 -0.000102358 -0.013369 -0.0230468 0.000110282 0.0105164 -9.9724e-05 0.0116682
internal_weight=1539.99 21.3411 16.2021 11.1269 1518.65 11.9854 1506.66 1495.59 23.5934 15.7566 1472 29.1189 1442.88 11.0677
internal_count=6648 104 79 55 6544 52 6492 6436 102 68 6334 128 6206 56
is_linear=0
shrinkage=0.05


Tree=168
num_leaves=29
num_cat=0
split_feature=3 9 13 4 2 3 4 6 3 6 2 9 6 13 2 6 9 2 3 13 6 6 6 4 9 4 2 6
split_gain=0.497952 2.08213 1.64676 1.81194 2.95052 5.29147 2.72629 1.51361 0.928793 3.19599 4.30992 4.11712 4.05045 5.89106 3.70362 3.67409 3.21859 4.91478 2.92087 2.91086 2.67574 1.04506 4.6826 7.46739 3.85874 3.45998 1.82049 1.81392
threshold=4.0974613660682895 0.47320023520845639 20.194978166607225 1.3614564748030651 35.097370535132647 2.6315789473667439 1.7655300801931866 0.048734810296070033 10.962380573248932 0.29463019311432725 39.927605001044988 0.92817963524749292 0.17832676609080458 28.659473259622892 31.479511867442699 0.22085470665572285 1.8971923455530406 30.400437340961712 11.620405101273603 15.980896701307509 0.29837650736348226 0.059831420691032249 0.092807916651631364 1.2766009831646465 0.58522589786147061 1.2766009831646465 39.927605001044988 0.14285710544201308
decision_type=2 2 2 2 2 2 2 2 2 2 2 2 2 2 2 2 2 2 2 2 2 2 2 2 2 2 2 2
left_child=1 -1 7 4 5 -4 -5 -3 9 12 11 19 16 15 -15 -14 17 -2 20 -11 -10 24 23 -23 26 -26 -20 -24
right_child=8 2 3 6 -6 -7 -8 -9 18 10 -12 -13 13 14 -16 -17 -18 -19 21 -21 -22 22 27 -25 25 -27 -28 -29
leaf_value=0.039639519385535608 -0.044003896815218851 0.040473575569986597 -0.0073609216329007772 -0.049314636926157292 -0.025359699335669412 0.060588604861921649 0.0051555502591694117 0.0031130951836801412 0.05687178051083755 0.039748411931120976 -0.059880227968041815 -0.037099739633947991 0.061549237709134057 0.017799830084753852 -0.041408664204548418 0.014723254668166184 0.01823712055608424 -0.0012816448465427751 0.044293349756270695 -0.0070710342093580712 0.0073365276213253859 0.026848857024128387 -0.0085530032076960444 -0.026411465629714526 -0.02043198847549673 0.0080650868434230024 0.0057363433927787319 0.00017387928308037166
leaf_weight=4.0068301782011977 10.689065404236318 4.452639698982237 7.6169921308755928 4.7500173449516279 5.7040938436985007 4.5926480442285538 4.4485776349902153 6.9308210015296936 4.210593104362486 4.2957607358694139 5.073542207479476 9.2782525271177274 7.1139451414346757 5.0175223574042302 5.5767328292131424 10.188660182058809 8.2963999286293966 18.183927625417709 3.8616441860795048 14.611785832792519 7.73297119140625 34.293416067957878 62.627415828406811 8.1440410465002042 39.135981269180775 14.634635329246519 14.773123908787964 1209.4620081111789
leaf_count=21 46 20 35 20 26 25 21 30 19 18 21 39 31 23 25 45 36 78 19 70 35 145 269 34 170 65 67 5195
internal_value=5.34929e-07 0.00533729 0.00176695 -0.00493394 0.00432852 0.0181982 -0.022972 0.0177266 -0.000150965 -0.00484824 -0.0174566 -0.00982025 0.00159669 0.0159966 -0.0133671 0.0339757 -0.0092109 -0.0170978 0.000179201 0.00356626 0.0247997 -3.28182e-05 0.000289299 0.0166278 -0.00588088 -0.012676 0.0137264 -0.000255762
internal_weight=1539.7 42.5026 38.4958 27.1123 17.9137 12.2096 9.19859 11.3835 1497.2 98.3256 33.2593 28.1858 65.0663 27.8969 10.5943 17.3026 37.1694 28.873 1398.88 18.9075 11.9436 1386.93 1314.53 42.4375 72.4054 53.7706 18.6348 1272.09
internal_count=6648 198 177 127 86 60 41 50 6450 432 148 127 284 124 48 76 160 124 6018 88 54 5964 5643 179 321 235 86 5464
is_linear=0
shrinkage=0.05


Tree=169
num_leaves=22
num_cat=0
split_feature=9 4 5 5 4 6 9 9 3 3 2 5 4 6 8 3 6 9 6 4 9
split_gain=0.510657 2.70344 2.78708 3.38127 5.33911 2.90488 2.39629 3.34483 2.63889 1.99553 1.61154 2.31215 1.59836 1.3215 0.830442 4.30377 4.02031 3.53399 2.58281 4.44148 3.10564
threshold=0.395001010371207 0.51466873500240795 0.00090285714285716562 0.0012896428571428527 0.32334784093442387 0.91982132618268075 0.41517091693453978 0.42228260869561923 70.366150915066143 7.3964671081377631 55.657443573981446 0.001717499999999991 0.37419691433334024 0.53403568954012248 -1.0000000180025095e-35 84.075815076764357 0.095238090136033945 0.46352577630386732 0.6246386126246396 0.28199255103375426 2.3776002952323263
decision_type=2 2 2 2 2 2 2 2 2 2 2 2 2 2 2 2 2 2 2 2 2
left_child=1 2 -1 4 13 9 8 -8 12 -5 11 -3 -2 -4 15 17 -17 -9 20 -20 -16
right_child=6 10 3 5 -6 -7 7 14 -10 -11 -12 -13 -14 -15 18 16 -18 -19 19 -21 -22
leaf_value=-0.045458015442927019 0.034111356053048658 0.016629692778872048 -0.02281889555263502 -0.038746961827105207 0.053555236983051029 -0.041720041216288833 -0.037567956441563806 0.021025430428364494 0.048694170763383005 0.0030594140389792247 -0.039331402361647422 -0.030356829929105423 -0.0049479956403076057 0.014272805545063889 0.0050245751843447199 0.024974927569336808 -0.021844643739000684 -0.00069779048676824843 -0.020184587348269792 0.00053280821603528576 0.043538567189317708
leaf_weight=3.1147317960858336 3.6718641743063953 4.8646685183048266 4.398626312613489 3.0687447637319556 7.5322167873382559 4.5763771533966056 5.9017175585031501 19.283368661999702 5.1283697709441176 40.863475009799004 7.2157146632671347 5.669831782579422 9.1359039545059186 5.2884329259395599 204.95836388319731 5.2051390260457984 38.48809390515089 643.35033486783504 27.328359559178352 484.81029650568962 5.37141578644514
leaf_count=14 20 22 20 16 33 22 27 85 22 196 33 25 39 24 881 22 165 2771 125 2062 24
internal_value=8.27898e-07 -0.00372927 0.000756744 0.00294678 0.0219811 -0.0038099 0.000223183 -3.88034e-06 0.0183858 0.000139163 -0.0211279 -0.00865918 0.00624995 -0.00256951 0.00015128 -0.00106784 -0.0162671 -6.56209e-05 0.00134316 -0.000572698 0.00600815
internal_weight=1539.23 86.5928 68.8426 65.7279 17.2193 48.5086 1452.63 1434.7 17.9361 43.9322 17.7502 10.5345 12.8078 9.68706 1428.8 706.327 43.6932 662.634 722.468 512.139 210.33
internal_count=6648 405 325 311 77 234 6243 6162 81 212 80 47 59 44 6135 3043 187 2856 3092 2187 905
is_linear=0
shrinkage=0.05


Tree=170
num_leaves=31
num_cat=0
split_feature=2 6 13 13 5 13 13 0 5 6 5 2 2 13 13 6 5 5 13 5 12 13 2 13 13 5 5 6 13 13
split_gain=0.497688 0.985755 1.04189 1.17427 2.68857 0.912771 2.15545 0.682964 1.41384 3.12058 2.53629 2.08039 3.64326 1.53981 4.03667 4.14534 3.46858 3.17834 6.0582 2.32945 1.06365 3.11435 3.85237 10.4199 4.64079 3.57681 5.47335 3.12297 2.40147 5.49991
threshold=20.771590506259731 0.79838440557663748 29.908590165360081 33.208788725496213 0.0016025000000000147 23.76383470226753 20.531219930560322 1.0000000180025095e-35 0.00078214285714285831 0.30661797323320888 0.00073571428571429201 38.243116471933035 43.929209601524889 25.118424175187716 26.865044720153154 0.63308037617335688 0.0010321428571428229 0.0014464285714285948 20.194978166607225 0.0014039285714285701 1.0000000180025095e-35 23.76383470226753 73.570351185546897 17.899294874847275 12.136741443167184 0.00089142857142859074 0.001015714285714255 0.52479499484279835 28.058248195434938 26.411509967460415
decision_type=2 2 2 2 2 2 2 2 2 2 2 2 2 2 2 2 2 2 2 2 2 2 2 2 2 2 2 2 2 2
left_child=1 2 5 -4 -5 6 -1 8 9 10 -2 -11 -13 17 15 -15 -16 19 -19 -10 28 22 24 -24 -22 27 -27 -23 29 -9
right_child=7 -3 3 4 -6 -7 -8 20 13 11 -12 12 -14 14 16 -17 -18 18 -20 -21 21 25 23 -25 -26 26 -28 -29 -30 -31
leaf_value=0.023425457619494518 0.026421043211329903 -0.014385232574365274 -0.023815897406701467 0.034869650983574293 -0.013532981845653925 0.031336122637877051 -0.020231069096916642 0.00072411428392320579 -0.0067494286391731042 -0.052208258397208912 -0.021960443782966917 0.026503222713449417 -0.032579553368333215 0.026917859328430594 0.01036610799891686 -0.0069991697137287536 -0.0030921021331925371 0.010796575072203558 -0.012118373983743259 -0.033842062097447535 0.04162983399463125 0.067926925412513814 -0.065628907561231409 0.014407125683360129 -0.0019873887132219738 -0.026865435200328715 0.01415163904827404 0.016541053345246973 -0.004208591446306701 0.024010220339208188
leaf_weight=8.2306009382009524 7.1318545490503329 5.4141927212476721 4.14510454237461 5.0088519304990751 6.7153387516736984 6.657879225909709 4.3068154826760283 434.59290376678109 155.69420962780714 5.1449264436960247 4.3678067699074745 3.7777617424726477 8.4351604506373388 28.095563590526581 58.899258889257908 13.260781094431875 255.80740342289209 79.300516933202744 45.331421673297882 8.3599819093942624 7.0521719455718985 4.8557990193366987 7.8073281943798092 8.4874712973833066 45.091594606637955 9.8514707088470441 46.631937772035599 7.5605546832084656 225.93061425536871 26.928408920764923
leaf_count=39 31 24 18 24 31 33 20 1840 675 27 22 17 49 120 260 56 1101 342 195 37 30 22 33 35 186 42 201 34 986 118
internal_value=7.83772e-07 0.00547153 0.00853754 -0.000941505 0.00714577 0.0163741 0.0084287 -0.000147007 -0.00132821 -0.0121558 0.00804476 -0.0255388 -0.0143038 -0.00084359 0.00135659 0.0160425 -0.000573317 -0.00355727 0.0024619 -0.00813003 0.000817681 0.00483487 -0.00271981 -0.0239405 0.00391161 0.012339 0.00699771 0.0366371 1.51317e-05 0.00208279
internal_weight=1538.88 40.4788 35.0646 15.8693 11.7242 19.1953 12.5374 1498.4 673.607 28.8575 11.4997 17.3578 12.2129 644.749 356.063 41.3563 314.707 288.686 124.632 164.054 824.79 137.338 68.4386 16.2948 52.1438 68.8998 56.4834 12.4164 687.452 461.521
internal_count=6648 189 165 73 55 92 59 6459 2932 146 53 93 66 2786 1537 176 1361 1249 537 712 3527 583 284 68 216 299 243 56 2944 1958
is_linear=0
shrinkage=0.05


Tree=171
num_leaves=19
num_cat=0
split_feature=4 13 3 13 13 5 5 4 9 5 5 5 9 9 13 13 9 13
split_gain=0.506986 1.57927 2.02572 2.11395 2.9672 2.43018 2.0616 1.15078 2.52533 2.54182 3.832 2.59116 1.05049 1.01187 4.80821 2.65549 1.92729 1.27325
threshold=2.3863032303732026 14.387077108834228 10.038123668999178 32.848648225342039 42.355539803264094 0.0019160714285714278 0.0014135714285714192 2.1663111332385236 1.1927501356715566 0.0016689285714285695 0.0013632142857142712 0.0011982142857142532 2.6108585094717642 1.966952209926941 41.758680655529268 14.505228769273698 1.8971923455530406 65.086856919310236
decision_type=2 2 2 2 2 2 2 2 2 2 2 2 2 2 2 2 2 2
left_child=7 -2 -3 5 -5 6 -4 12 -9 10 11 -10 13 16 15 -15 17 -1
right_child=1 2 3 4 -6 -7 -8 8 9 -11 -12 -13 -14 14 -16 -17 -18 -19
leaf_value=-0.00017901295033218045 -0.031164638416321357 -0.032966059601027553 0.0047303231625471197 -0.035980971500652652 0.013720329670935861 -0.021619607839210533 0.037436807165662465 0.048213515144014625 0.016770799641028289 -0.025302938068849357 0.04734788968389729 -0.027166892305931663 0.017193806680751544 0.017819994407002378 0.031532900344414132 -0.017518644827163688 0.023782698401336615 0.014988660577307262
leaf_weight=1377.7123310379684 5.1778523325920096 4.6558565497398368 11.751580700278287 7.0825863331556302 5.2134489119052887 4.7621151804924002 8.1662376224994642 3.7674938142299679 8.1306398585438782 5.6232677251100531 5.7000218145549288 5.713484212756156 8.7954741865396482 6.1336967498064032 7.0508891195058814 39.876734152436256 8.5516960769891721 13.976479731500147
leaf_count=5938 24 20 52 33 23 21 35 17 37 24 27 25 39 26 32 169 37 69
internal_value=7.13027e-07 -0.00512304 -0.00188418 0.00202952 -0.0149079 0.0104681 0.0181399 0.000161569 0.0100357 0.00432061 0.0128439 -0.00136233 -3.38407e-05 -0.000138104 -0.00691556 -0.0128076 0.000118724 -2.66867e-05
internal_weight=1537.84 46.8097 41.6318 36.976 12.296 24.6799 19.9178 1491.03 28.9349 25.1674 19.5441 13.8441 1462.1 1453.3 53.0613 46.0104 1400.24 1391.69
internal_count=6648 208 184 164 56 108 87 6440 130 113 89 62 6310 6271 227 195 6044 6007
is_linear=0
shrinkage=0.05


Tree=172
num_leaves=16
num_cat=0
split_feature=4 6 3 6 3 4 3 5 13 5 5 5 4 5 5
split_gain=0.504885 1.42345 1.36581 1.22376 1.14352 0.680515 1.54144 3.94969 1.78888 2.67854 0.706938 1.16449 4.26319 4.14598 1.09401
threshold=0.10985849801372735 0.79838440557663748 27.884250779266281 0.93417104199219869 73.234200743495151 0.19259771359776109 34.881154063349975 0.0015549999999999891 18.644810385095337 0.0015549999999999891 0.005075714285714311 0.0041625000000000221 0.98055906170960649 0.0038596428571428614 0.002559285714285701
decision_type=2 2 2 2 2 2 2 2 2 2 2 2 2 2 2
left_child=1 2 -1 -3 -4 6 7 -2 -8 -10 11 13 -13 14 -7
right_child=5 3 4 -5 -6 10 8 -9 9 -11 -12 12 -14 -15 -16
leaf_value=-0.0021227514856653317 -0.047888425901708304 -0.022568598665257691 0.048965696529814064 0.010411068571574936 0.0098303757084779557 -0.00014266679835484415 -0.025067219815729902 0.011543422207917422 0.029328905145380686 -0.015301630288314822 -0.018418659265499439 0.048988949478847042 -0.014314568151358988 -0.044443212032124396 0.0067074337485661705
leaf_weight=4.7258617952466029 6.4341862946748751 5.4655250832438451 4.3309929147362709 5.7954963147640228 3.2803594991564751 1402.0587109848857 4.773433372378352 4.9433037489652634 7.9480680972337705 5.8260895907878876 5.1700270622968665 5.195063039660452 5.4494792819023132 5.2328056991100302 60.814539387822151
leaf_count=31 29 28 30 27 19 6024 21 24 35 26 22 23 23 23 263
internal_value=7.18195e-07 0.00725789 0.0189901 -0.00559558 0.0320991 -0.000112409 -0.00757751 -0.0220664 0.00131029 0.0104514 3.81343e-05 0.000102663 0.0165807 -1.68111e-05 0.000142105
internal_weight=1537.44 23.5982 12.3372 11.261 7.61135 1513.85 29.9251 11.3775 18.5476 13.7742 1483.92 1478.75 10.6445 1468.11 1462.87
internal_count=6648 135 80 55 49 6513 135 53 82 61 6378 6356 46 6310 6287
is_linear=0
shrinkage=0.05


Tree=173
num_leaves=20
num_cat=0
split_feature=4 4 13 9 3 9 6 13 13 4 13 9 9 6 3 4 9 13 9
split_gain=0.474179 2.15805 3.3091 2.14597 2.1697 2.82191 1.87407 1.41486 1.38958 2.43755 1.26051 0.955594 0.971703 4.74807 4.42192 3.22689 1.93706 3.31494 1.72422
threshold=2.2935236122243388 2.1663111332385236 20.365129341605734 1.2279113823711374 88.203236271563085 1.6127926195125244 0.40694476248151251 32.603845701809185 20.531219930560322 2.5782148243391547 38.849620600288127 2.6108585094717642 1.7152393320225425 0.33928567389464648 35.389828670567461 1.4825225312708314 1.4873064229500306 29.087082019616577 1.4754079524807595
decision_type=2 2 2 2 2 2 2 2 2 2 2 2 2 2 2 2 2 2 2
left_child=1 11 -3 -2 5 6 -5 -4 9 -7 -10 12 16 14 -14 -15 18 -18 -1
right_child=3 2 7 4 -6 8 -8 -9 10 -11 -12 -13 13 15 -16 -17 17 -19 -20
leaf_value=-0.00015036395989145607 0.03017336616992668 0.052408289485560956 -0.0089269844040549984 -0.0087948207785134066 0.01677810299886932 -0.015394834697334809 -0.049742553640822071 0.02624291453159824 -0.018345435679298559 0.031318943314168263 0.0076973031919130297 0.016414328392311089 -0.0093840515137303196 0.016117736492996106 -0.049479494507760395 -0.0066759097367847841 -0.00050911667364961525 0.019450485044002128 -0.028072287438677058
leaf_weight=1258.8601916357875 4.1617639958858481 4.9231667220592525 7.8284714967012388 4.7802710682153684 8.0982823520898801 5.0845696777105314 6.7256411761045456 4.5054059214890003 16.776208177208904 6.1950385421514511 6.4261556714773169 8.7787891477346403 30.186422079801559 28.479941755533218 8.9049043804407102 34.141101613640785 52.168496325612068 34.598659992218018 5.5533262789249411
leaf_count=5447 19 22 34 22 35 22 31 22 75 27 29 39 130 121 39 143 220 147 24
internal_value=7.86835e-07 0.000175066 0.017753 -0.0044242 -0.00708638 -0.0112888 -0.0327303 0.00392012 -0.00413424 0.0102615 -0.0111326 -3.24661e-05 -0.000131842 -0.00484476 -0.0185177 0.0036906 0.00022293 0.00744983 -0.000272998
internal_weight=1537.18 1478.93 17.257 58.2479 54.0862 45.9879 11.5059 12.3339 34.482 11.2796 23.2024 1461.67 1452.89 101.712 39.0913 62.621 1351.18 86.7672 1264.41
internal_count=6648 6388 78 260 241 206 53 56 153 49 104 6310 6271 433 169 264 5838 367 5471
is_linear=0
shrinkage=0.05


Tree=174
num_leaves=24
num_cat=0
split_feature=3 6 9 13 9 5 3 5 13 13 6 3 13 3 2 5 6 2 13 10 6 9 9
split_gain=0.4715 1.96969 1.56647 1.33077 1.50148 3.04396 0.820505 3.62561 2.6569 7.45305 5.20475 4.04097 2.82439 2.61101 2.57313 2.15791 0.947451 3.5123 1.97977 1.84081 1.38669 5.43884 1.68543
threshold=4.0974613660682895 0.18100522587629961 0.74924996600622018 20.309796363840341 1.7152393320225425 0.0014996428571428324 10.962380573248932 0.00084642857142855756 26.865044720153154 24.952972541462977 0.35686594587642601 6.3137132772748545 33.053312861683573 11.620405101273603 29.509298133258095 0.0014646428571428729 0.022222218930103902 61.321104901177982 20.919111308444545 1.0000000180025095e-35 0.092807916651631364 1.1972535018571235 0.43365440794883309
decision_type=2 2 2 2 2 2 2 2 2 2 2 2 2 2 2 2 2 2 2 2 2 2 2
left_child=1 2 -1 -4 5 -5 7 -2 9 10 -9 15 -13 14 -8 -10 17 19 -19 -15 21 -18 -22
right_child=6 -3 3 4 -6 -7 13 8 11 -11 -12 12 -14 16 -16 -17 20 18 -20 -21 22 -23 -24
leaf_value=-0.018572142096249928 0.026849152719459153 0.034124860760800908 0.023162093122648775 0.033005305914945646 -0.018202460482162362 -0.015112758443305938 0.051854609395992859 0.0029027832308587825 0.027008205753194143 0.05523116335634573 -0.0346384432239739 -0.054072812939502002 -0.016882185082736444 -0.011243492594644987 0.0043844465588513031 -0.012698300502778101 0.01329705532846037 0.03810314765856939 -0.0062461797830679223 -0.044487385329134044 -0.0064533161984411712 -0.017188526309992236 0.00028592930769735342
leaf_weight=7.899831846356391 8.3965922370552999 5.169084057211875 8.5137734264135378 6.8266961798071879 7.4896322712302199 6.338296614587307 4.7825852483510953 36.082411617040634 5.4608351290225974 5.3982775658369055 12.407288782298563 8.6247727833688277 12.50930170714855 15.224773027002817 7.081771582365036 9.1638560369610769 64.669661730527878 4.958572104573248 5.1092819422483444 5.7318853363394728 100.76951862871647 18.908055320382118 1169.3470786362886
leaf_count=38 39 27 37 34 34 28 23 154 24 24 54 38 59 69 31 40 280 21 23 26 462 81 5002
internal_value=6.98184e-07 0.00521038 0.00117832 0.00652745 -0.000329306 0.00983882 -0.000146525 -0.00456801 -0.00751064 -0.000498749 -0.00670307 -0.0180775 -0.0320596 0.000163874 0.0235199 0.00212804 -3.6242e-05 -0.00867548 0.0155965 -0.0203361 0.000161755 0.0064002 -0.000248754
internal_weight=1536.86 42.2373 37.0682 29.1684 20.6546 13.165 1494.63 98.0433 89.6467 53.888 48.4897 35.7588 21.1341 1396.58 11.8644 14.6247 1384.72 31.0245 10.0679 20.9567 1353.69 83.5777 1270.12
internal_count=6648 198 171 133 96 62 6450 432 393 232 208 161 97 6018 54 64 5964 139 44 95 5825 361 5464
is_linear=0
shrinkage=0.05


Tree=175
num_leaves=24
num_cat=0
split_feature=4 6 6 6 9 9 6 4 6 2 2 6 9 3 9 6 9 6 3 6 4 8 4
split_gain=0.481746 1.30672 1.39327 1.11581 0.719961 3.04909 2.47982 3.34213 4.57361 1.78792 3.41959 1.53473 1.13991 2.84141 2.26965 5.36125 4.13527 2.54953 1.85638 3.22182 1.52058 0.828423 0.621109
threshold=0.10985849801372735 0.79838440557663748 0.52043651742340735 0.95017870500260104 0.38886128910642276 0.3506579463282678 0.15384614550836759 0.47778924280537621 0.27272724837660445 36.709711171497666 56.330556298645966 0.51630623243286122 0.41517091693453978 78.090496965562238 0.43365440794883309 0.35686594587642601 0.44442588827936857 0.65744898110230288 42.024264740593559 0.32718772811078184 0.34523843209145494 -1.0000000180025095e-35 0.076844693090041619
decision_type=2 2 2 2 2 2 2 2 2 2 2 2 2 2 2 2 2 2 2 2 2 2 2
left_child=1 2 -1 -3 5 6 -2 8 -8 -7 11 -11 13 18 15 -14 17 -16 19 -6 -17 -18 -4
right_child=4 3 22 -5 12 9 7 -9 -10 10 -12 -13 14 -15 16 20 21 -19 -20 -21 -22 -23 -24
leaf_value=0.00039721751011297535 0.027784078244446443 -0.017848487366563925 0.048680731477024536 0.014322140917087389 0.051271092985878577 -0.037833504898630271 -0.041753720668742771 -0.033430214380209551 0.013233706919513434 -0.0088494920434872126 -0.035930306534487616 0.027485423712659031 0.026901779059480647 0.044740365549164857 0.050649287573522821 -0.057737864719313706 -0.0012964347363954281 0.0036211293397455831 -0.018858732298337982 -0.0049454620881716205 -0.021839506689317403 0.0011461734783832762 0.017762515175396485
leaf_weight=5.7179789692163485 8.2782170325517637 6.8394368551671487 3.469773780554533 4.4483357816934586 3.8786350488662773 8.0830831825733203 4.4580395966768291 7.0566674321889868 24.921178191900253 6.6641593053936976 7.6380922496318808 5.1536366492509842 4.8385409414768246 4.9491811990737906 6.5030986070632917 4.6419776380062094 690.98625509813428 5.1755517870187759 6.7136497199535361 7.4327387064695358 8.0923110097646695 697.53985676169395 3.0540997609496117
leaf_count=32 38 34 28 21 20 36 21 33 113 29 34 23 21 21 28 21 2977 22 29 32 35 2980 20
internal_value=9.02409e-07 0.00710028 0.0184148 -0.00517054 -0.000109504 -0.00497997 0.00308083 -0.00253174 0.00488985 -0.018068 -0.00985632 0.00699584 0.000134748 0.011183 -4.42826e-05 -0.0179018 0.000179832 0.0298081 0.00196907 0.014331 -0.0349254 -6.93663e-05 0.0342066
internal_weight=1536.53 23.5296 12.2419 11.2878 1513 72.2531 44.7141 36.4359 29.3792 27.539 19.4559 11.8178 1440.75 22.9742 1417.78 17.5728 1400.2 11.6787 18.025 11.3114 12.7343 1388.53 6.52387
internal_count=6648 135 80 55 6513 327 205 167 134 122 86 52 6186 102 6084 77 6007 50 81 52 56 5957 48
is_linear=0
shrinkage=0.05


Tree=176
num_leaves=29
num_cat=0
split_feature=4 4 9 4 13 6 13 9 9 9 13 4 2 4 4 4 9 9 4 9 6 13 2 6 13 13 9 2
split_gain=0.461919 3.63237 8.79373 3.52453 3.22822 4.97409 4.7897 3.20051 2.93569 4.90899 2.90162 2.74927 2.15755 4.71855 5.1088 5.41842 4.62572 3.04421 6.34082 3.94266 5.61169 2.96569 2.77094 2.41108 2.15114 2.667 1.94951 1.61892
threshold=0.87880653236279194 0.90968708537999909 1.094492077152198 0.8724442330091543 49.478744507525484 0.33333326593130913 65.086856919310236 0.71432144643752971 0.62626286515760043 0.79449165320710535 48.463030255421259 0.75830410621076316 59.822046351636864 0.94339945800773617 1.2161533718392104 1.2345941728054923 0.92817963524749292 0.6165287918040826 1.0032424998643632 0.66989493746191864 0.39810317219321045 17.678110132520768 56.185784048923729 0.49999995612694859 47.654456075094451 26.030456173963827 0.90376367340330288 43.768267035240747
decision_type=2 2 2 2 2 2 2 2 2 2 2 2 2 2 2 2 2 2 2 2 2 2 2 2 2 2 2 2
left_child=3 2 8 4 10 7 11 27 -2 -10 24 -7 17 21 16 -16 -15 18 -3 20 -19 -14 -21 -20 25 -1 -11 -6
right_child=1 12 -4 -5 5 6 -8 -9 9 26 -12 -13 13 14 15 -17 -18 19 23 22 -22 -23 -24 -25 -26 -27 -28 -29
leaf_value=-0.001122534925960392 -0.063292091127092207 -0.020828628978253577 0.034993432198791509 0.038974871655592901 0.017138559858721029 -0.024163780708752792 0.015812789637836441 0.046515614413045192 0.0083568093209746789 -0.067995385570010031 0.033741539391587548 -0.066060928546679151 0.06494850675287836 0.0075671226512796681 0.051375722263152401 0.0053357917191479091 -0.017454417975431548 0.007698011853093609 0.062927887800196688 -0.00079318753152326474 -0.060612024100327781 0.012911920497488103 -0.013368099519415311 0.018363703429594386 -0.027047795227852934 0.0054668429343420095 -0.025057993327812063 -0.025181081304353439
leaf_weight=389.57253982871771 5.5792878866195741 6.8397022038698223 6.265551656484603 6.0376307964324942 4.5065960809588415 22.77182196453214 6.6873216032981864 4.7767102718353263 7.770599544048312 4.6932281702756864 6.9153021089732638 4.7285733222961417 4.8273129463195783 29.234853535890579 6.6595398336648932 158.26100380718708 50.167938522994518 5.3439268022775632 5.7312728837132436 459.94678443297744 6.8737218976020813 6.3265774846076965 48.420185334980488 6.4519370198249817 6.679112881422042 253.46890202537179 6.0532654225826263 4.5328976213932037
leaf_count=1688 24 29 27 26 24 106 33 21 33 20 32 20 20 121 28 669 215 22 25 1981 29 27 212 28 30 1112 26 20
internal_value=9.60075e-07 -0.00080355 -0.0177767 0.000935392 0.000609455 -0.0119073 -0.022139 0.0134107 -0.031498 -0.0219183 0.0015245 -0.0313678 -0.000155396 0.00362996 0.00217809 0.0071949 -0.00824188 -0.00194757 0.0176985 -0.00266547 -0.0307336 0.0354329 -0.0019909 0.0393278 0.0011816 0.00147481 -0.0438097 -0.00408283
internal_weight=1536.12 825.447 30.3619 710.677 704.64 48.0039 34.1877 13.8162 24.0964 18.5171 656.636 27.5004 795.085 255.477 244.323 164.921 79.4028 539.608 19.0229 520.585 12.2176 11.1539 508.367 12.1832 649.721 643.041 10.7465 9.03949
internal_count=6648 3536 130 3112 3086 224 159 65 103 79 2862 126 3406 1080 1033 697 336 2326 82 2244 51 47 2193 53 2830 2800 46 44
is_linear=0
shrinkage=0.05


Tree=177
num_leaves=30
num_cat=0
split_feature=3 6 6 13 2 5 5 6 5 5 6 3 2 2 6 3 2 5 5 6 10 5 3 6 3 3 3 5 2
split_gain=0.467452 4.38699 2.25183 1.90955 1.72388 2.79 2.74248 3.2047 2.17001 2.06272 0.580173 3.07129 6.91714 3.63083 1.86252 4.68521 5.28503 4.58722 4.1025 4.01013 3.99029 3.35126 3.08267 2.96214 1.49582 5.28157 1.82203 1.32149 0.333328
threshold=94.986228911905371 0.77653307947505212 0.68235286089963731 42.973049884527725 70.449770880109767 0.0011882142857142749 0.0013471428571428725 0.92925161871448925 0.001717499999999991 0.0015164285714286015 0.98843883420594836 38.691971763580717 44.396306677457552 57.979524660788776 0.9473682340718711 47.267036562811292 40.131840219747865 0.0014646428571428729 0.0016828571428571528 0.93417104199219869 1.0000000180025095e-35 0.0013432142857142989 37.088928227049578 0.96338489229943003 91.823769972907442 92.113724826536995 90.901280849732601 0.0015350000000000088 63.987772395423725
decision_type=2 2 2 2 2 2 2 2 2 2 2 2 2 2 2 2 2 2 2 2 2 2 2 2 2 2 2 2 2
left_child=10 2 -2 4 5 28 7 -6 -7 -8 14 -12 -13 -14 19 16 18 23 -16 24 -19 -18 -21 -17 26 -26 -1 -24 -3
right_child=1 3 -4 -5 6 8 9 -9 -10 -11 11 12 13 -15 15 17 21 20 -20 22 -22 -23 27 -25 25 -27 -28 -29 -30
leaf_value=0.00016354527377952018 -0.010631441593537766 0.025322473225417565 -0.061290526496186694 -0.024980085995480003 -0.0019755303360462356 -0.014170828929340754 0.030246761856242328 -0.049734579779514482 0.023345644984224471 -0.0029565423058268234 -0.03879760430147746 0.054102563194659919 -0.04524233711841058 0.011149933798711211 -0.021284431575920859 0.04142583235058913 0.078478980348811955 -0.00078127346445896236 0.039486443226100981 0.011522848971604611 -0.058650385555151799 0.025103184062899093 -0.024459243991446986 -0.0034880233670283194 0.05536756358553066 0.003125338023801905 -0.016208990466831195 -0.058435501349350299 0.044145662835125846
leaf_weight=1300.4635794386268 4.2077241241931898 4.6691478490829486 4.5827555507421494 6.653721645474433 9.145858518779276 9.818632125854494 6.8595218658447292 5.7026087939739218 6.3453247994184485 14.704844892024992 5.8785425052046802 4.7512671202421215 5.8410362601280195 5.5822219550609589 7.170819357037546 5.925220966339114 5.4410685300827009 6.4393322020769101 4.53250552713871 4.3463299125432995 5.5431598275899887 6.3995497822761536 7.4082204550504667 9.6492933630943281 5.414831966161727 45.409110531210899 17.217771947383881 4.6634379029273987 4.7391125112771988
leaf_count=5633 20 20 21 30 39 42 29 25 27 63 26 20 25 24 31 26 24 28 20 20 24 28 32 41 23 194 73 20 20
internal_value=8.22533e-07 -0.00378491 -0.0370416 0.000474232 0.0032066 0.0131566 -0.00378114 -0.0203176 0.000556642 0.00760527 0.000201859 -0.00784645 0.00340257 -0.017685 0.000325457 0.00969973 0.0260791 -0.00429434 0.00225113 -2.0435e-05 -0.0275518 0.0496307 -0.0245845 0.0135992 0.00027426 0.00869128 -5.03901e-05 -0.0375847 0.0348041
internal_weight=1535.51 77.4293 8.79048 68.6388 61.9851 25.5722 36.4128 14.8485 16.164 21.5644 1458.08 22.0531 16.1745 11.4233 1436.02 51.1009 23.5439 27.557 11.7033 1384.92 11.9825 11.8406 16.418 15.5745 1368.51 50.8239 1317.68 12.0717 9.40826
internal_count=6648 336 41 295 265 109 156 64 69 92 6312 95 69 49 6217 222 103 119 51 5995 52 52 72 67 5923 217 5706 52 40
is_linear=0
shrinkage=0.05


Tree=178
num_leaves=22
num_cat=0
split_feature=4 3 3 3 5 9 5 5 5 6 6 3 6 9 3 9 3 6 9 6 9
split_gain=0.464717 1.22887 4.18325 1.7766 1.28883 0.669872 2.72794 5.20313 3.5029 4.34046 3.22428 1.94753 1.63693 1.00434 2.51028 2.0292 1.69654 2.93033 0.922606 7.62184 1.84804
threshold=0.10985849801372735 55.239847615206997 84.659759715938691 39.101455061663493 0.0016828571428571528 0.38886128910642276 0.0012896428571428527 0.00099464285714286277 0.0011228571428571401 0.39810317219321045 0.092807916651631364 86.944176450506376 0.47499996041664455 0.41517091693453978 78.090496965562238 0.42228260869561923 42.024264740593559 0.32718772811078184 0.45290740760895137 0.35686594587642601 0.4771741579361834
decision_type=2 2 2 2 2 2 2 2 2 2 2 2 2 2 2 2 2 2 2 2 2
left_child=1 3 -3 4 -1 6 7 -2 -9 -10 -8 12 -12 14 16 -15 17 -7 19 -17 -20
right_child=5 2 -4 -5 -6 13 10 8 9 -11 11 -13 -14 15 -16 18 -18 -19 20 -21 -22
leaf_value=-0.00897884647969731 -0.034309440776501832 0.048447481250892765 -0.016267982076995393 -0.031457766103728212 0.028121505166428529 0.049302965731756854 0.025457735057874711 0.063806595819969572 -0.027276270246648804 0.035070011730009204 -0.023464283454531182 -0.041599835564922638 -0.0028227792431592806 -0.031346852126262113 0.042091570227990711 0.042796807613710929 -0.018092281873112969 -0.0045886074839628982 -0.012612884187247337 -0.0070904109256564379 0.00013570084003125139
leaf_weight=4.8989321105182189 4.9446882009506252 5.6992224454879743 4.4444375038146973 3.8852174133062354 4.4830427579581738 3.8172279298305565 5.4200848937034598 4.1654841229319564 4.6197648495435697 7.0544048845767975 16.271301552653313 6.1111814081668845 23.442802116274834 5.157067507505416 4.9373225420713416 10.955815419554709 6.6968793123960486 7.4361917674541473 29.040022611618042 25.42261791229248 1346.1468018405139
leaf_count=27 23 32 23 22 31 20 25 19 20 32 73 29 106 24 21 48 29 32 128 108 5776
internal_value=7.03097e-07 0.00699137 0.0200924 -0.00302529 0.00874903 -0.000107562 -0.00481309 0.0104658 0.0244433 0.010398 -0.01101 -0.0153233 -0.0112798 0.000127875 0.0105182 -3.99838e-05 0.00183379 0.0136917 7.4394e-05 0.00793374 -0.000133513
internal_weight=1535.05 23.4109 10.1437 13.2672 9.38197 1511.64 72.0297 20.7843 15.8397 11.6742 51.2454 45.8253 39.7141 1439.61 22.8876 1416.72 17.9503 11.2534 1411.57 36.3784 1375.19
internal_count=6648 135 55 80 58 6513 327 94 71 52 233 208 179 6186 102 6084 81 52 6060 156 5904
is_linear=0
shrinkage=0.05


Tree=179
num_leaves=20
num_cat=0
split_feature=5 5 6 6 4 9 0 6 6 5 13 4 9 9 4 9 6 13 9
split_gain=0.445158 2.13626 3.15591 6.01873 2.49435 3.65841 2.28613 2.02436 1.45148 1.00326 0.69376 1.62609 0.777402 3.10118 2.9496 2.78077 4.45226 2.59618 2.32144
threshold=0.00078214285714285831 0.00077321428571428398 0.30661797323320888 0.38038112218008729 0.8724442330091543 1.4873064229500306 1.0000000180025095e-35 0.687184255033082 0.80519470062407061 0.00079214285714285248 69.025114522140868 0.50601771900464143 0.66989493746191864 0.66231136499269283 1.0790746604262256 0.7108925724841525 0.34741300022162619 25.118424175187716 0.72365158525108808
decision_type=2 2 2 2 2 2 2 2 2 2 2 2 2 2 2 2 2 2 2
left_child=1 2 4 -4 -1 -6 8 -8 -5 -2 12 -12 13 14 -11 16 -14 -15 -17
right_child=9 -3 3 6 5 -7 7 -9 -10 10 11 -13 15 17 -16 18 -18 -19 -20
leaf_value=0.049711766736918822 0.02074920307228403 -0.032851785810308849 -0.067278973071355622 -0.0057084920650260747 -0.020251364338666814 0.037027592816070751 0.031571481410157122 -0.0039029864176797408 -0.039315508733079582 -0.0018595433938294326 0.042004626001304869 -0.0035425616787248468 -0.0096181624185323299 -0.049899691879899399 0.019916257420315837 -0.017748437624932695 0.022021537218332814 -0.0023070610079190092 0.00050130867007491667
leaf_weight=4.372732773423194 5.8978096693754187 5.8883649557828894 3.9741311371326438 10.382249638438227 6.2660716995596868 5.0217955410480499 6.8750523030757931 9.6894057393074018 4.6526562124490729 420.74289985373616 3.25820594280958 4.9164671450853348 16.213573299348354 6.0518996864557248 16.147723138332367 17.752557650208473 35.383790463209152 5.4422875344753265 945.66342781111598
leaf_count=20 27 27 19 55 29 22 31 41 26 1853 19 23 70 25 69 75 154 24 4039
internal_value=9.06966e-07 -0.00433008 -0.00105206 -0.00928573 0.017651 0.00523115 -0.00199215 0.0108206 -0.0161084 0.000168353 8.58684e-05 0.0146113 4.72783e-06 -0.00172916 -0.0010547 0.000770679 0.0120793 -0.0273655 0.000165026
internal_weight=1534.59 57.1225 51.2341 35.5735 15.6606 11.2879 31.5994 16.5645 15.0349 1477.47 1471.57 8.17467 1463.4 448.385 436.891 1015.01 51.5974 11.4942 963.416
internal_count=6648 270 243 172 71 51 153 72 81 6378 6351 42 6309 1971 1922 4338 224 49 4114
is_linear=0
shrinkage=0.05


Tree=180
num_leaves=21
num_cat=0
split_feature=2 2 9 9 4 6 4 2 9 9 9 3 3 9 3 2 3 9 2 9
split_gain=0.458308 2.09172 1.75277 2.64154 1.65715 1.66099 2.28694 2.20205 1.79465 4.87844 2.22551 1.37571 1.74238 1.09897 1.1721 0.954672 3.0277 3.18609 1.4059 1.0501
threshold=23.638381596206177 25.165525846926077 0.77642876261011684 1.4179792887625218 0.30293398235416563 0.40694476248151251 1.726704471343117 14.553099185831551 0.72365158525108808 0.9176820035474994 0.50502490391922106 2.6315789473667439 10.962380573248932 2.8378985066241929 75.048077098181224 31.479511867442699 2.6315789473667439 1.1054440424049206 31.885572027046823 2.525446239205333
decision_type=2 2 2 2 2 2 2 2 2 2 2 2 2 2 2 2 2 2 2 2
left_child=4 2 -2 -4 -1 7 8 -6 10 -10 -7 -9 -13 15 -15 16 -3 -18 -17 -20
right_child=1 13 3 -5 5 6 -8 11 9 -11 -12 12 -14 14 -16 18 17 -19 19 -21
leaf_value=-0.024734305949711755 0.0062861432246776455 -0.033449583179469361 -0.047087572131868795 0.00012659829181074409 -0.012940173182371027 0.015117937960641887 -0.031858327612453517 0.042597530469153815 0.056434496240929583 -0.007826257523217325 -0.033432048494251999 0.0052897265380030889 0.037768011953673297 -0.024975444067854957 0.0049166077524652593 -0.024465654412971525 0.00062741355879100409 0.019775198900155815 -0.00021327033955626025 0.01600087656395283
leaf_weight=4.6099263429641715 5.4675365909934071 4.9517126232385626 7.2365233302116376 5.0158267840743065 6.0836689770221737 4.2565535306930595 5.3840399086475363 5.5328675061464336 4.8127173036336881 7.6449929177761078 5.2988713532686234 14.593527048826219 5.7591607719659796 8.83941952139139 5.2136433720588675 5.9420000389218322 69.741535320878029 31.554492361843586 1316.2351532056928 10.062080338597296
leaf_count=26 27 21 32 22 28 20 24 27 22 33 23 66 28 39 23 27 318 139 5659 44
internal_value=8.10586e-07 -0.000179456 -0.0172544 -0.0277592 0.00414357 0.006386 -0.00264833 0.0141283 0.00449594 0.0169992 -0.011805 0.02049 0.01448 2.88451e-05 -0.0138856 0.00016478 0.00472594 0.0065921 -0.000198978 -9.02602e-05
internal_weight=1534.24 1470.26 17.7199 12.2524 63.9763 59.3664 27.3972 31.9692 22.0131 12.4577 9.55542 25.8856 20.3527 1452.54 14.0531 1438.49 106.248 101.296 1332.24 1326.3
internal_count=6648 6351 81 54 297 271 122 149 98 55 43 121 94 6270 62 6208 478 457 5730 5703
is_linear=0
shrinkage=0.05


Tree=181
num_leaves=17
num_cat=0
split_feature=2 9 9 12 13 9 13 2 3 2 2 3 8 9 3 2
split_gain=0.442776 1.20624 2.28143 1.52474 1.50381 0.738004 1.20149 0.634244 3.14457 1.92671 1.31783 1.99242 3.40656 0.993618 1.06079 0.921439
threshold=20.771590506259731 0.75623708792975453 0.49117353775202849 1.0000000180025095e-35 31.886411171424363 1.0201119578135704 20.919111308444545 22.398262720724258 12.810744382022298 23.0969549924415 25.165525846926077 21.068739205526178 1.0000000180025095e-35 2.8378985066241929 75.048077098181224 25.665422430408565
decision_type=2 2 2 2 2 2 2 2 2 2 2 2 2 2 2 2
left_child=1 2 -1 4 5 -3 -7 8 -2 -9 11 12 -11 15 -15 -12
right_child=7 3 -4 -5 -6 6 -8 9 -10 10 13 -13 -14 14 -16 -17
leaf_value=0.020142754422664815 0.0092445651336216499 0.044694542239073057 -0.024337855859950151 -0.0077230633828729361 -0.0018596078811939937 0.037813375139561678 0.0017698248890217743 0.027945042920376119 -0.043029525033812188 -0.017171715091947464 0.019930342817767528 -0.035635643358962403 0.032608636016806573 -0.023781659534672438 0.0046745395075456992 7.5577401445632865e-05
leaf_weight=4.5870866701006872 7.2197119593620283 4.3433548212051454 7.7586443796753883 7.8220013082027426 6.2998282313346854 4.6030647158622724 4.6454891264438629 6.1226067692041388 4.7827812433242798 12.002871256321674 5.8674914836883536 6.4334570169448844 4.8154527097940436 8.8194943666458112 5.2095547765493384 1432.5058670826256
leaf_count=26 33 22 35 35 28 22 21 27 21 55 26 29 24 39 23 6182
internal_value=8.8423e-07 0.00518844 -0.00781098 0.0109793 0.0183337 0.0276932 0.0197089 -0.000138233 -0.0115857 -4.55076e-05 -0.000161643 -0.0119709 -0.00291852 2.74141e-05 -0.0132147 0.00015657
internal_weight=1533.84 40.0595 12.3457 27.7137 19.8917 13.5919 9.24855 1493.78 12.0025 1481.78 1475.65 23.2518 16.8183 1452.4 14.029 1438.37
internal_count=6648 189 61 128 93 65 43 6459 54 6405 6378 108 79 6270 62 6208
is_linear=0
shrinkage=0.05


Tree=182
num_leaves=27
num_cat=0
split_feature=4 4 4 0 3 3 2 3 2 4 2 2 3 2 3 4 2 4 3 5 5 4 4 4 4 5
split_gain=0.452356 3.2525 3.12336 2.44655 2.3463 7.09655 5.26257 3.81969 5.11867 4.4557 3.05302 3.74557 3.12854 1.94772 3.66994 3.10299 2.76881 4.00222 2.68473 2.47211 5.47151 4.79932 2.11653 4.39242 3.46781 1.39818
threshold=0.87880653236279194 0.89022920235918079 0.8724442330091543 1.0000000180025095e-35 71.661358811042518 72.756347247936432 12.365593154439134 53.612953895292911 59.56939115326152 0.8326544461603208 68.106586887074471 49.771916200322352 81.164951875208033 59.822046351636864 47.267036562811292 0.92417438744397595 60.841802487591224 1.1554577010525606 46.490595143312746 0.0010575000000000131 0.0010857142857142773 1.2161533718392104 1.0507788737760106 1.2345941728054923 1.0180192257528058 0.0012764285714285675
decision_type=2 2 2 2 2 2 2 2 2 2 2 2 2 2 2 2 2 2 2 2 2 2 2 2 2 2
left_child=2 3 4 -2 6 -6 -1 8 -8 -9 11 -7 -12 14 15 25 17 -15 -17 21 -21 -18 24 -24 -16 -3
right_child=1 13 -4 -5 5 10 7 9 -10 -11 12 -13 -14 16 22 18 19 -19 -20 20 -22 -23 23 -25 -26 -27
leaf_value=-0.081452100643439718 -0.0023987283057315353 9.8900705213106327e-05 0.036748311502288106 -0.047430373202162646 -0.049693955974980962 -0.023138518532949997 0.0015655756432168808 0.0082753216342274834 -0.028611834725057069 0.049294492675404609 -0.026877022434025472 0.0066143528477647113 -0.0040421083977337817 -0.01151446106422783 -0.0054592370789467281 0.0010052684799637468 -0.02489647507190669 0.045066855353699697 0.033889776462381969 0.055651217677841772 0.0032317374698383576 0.0049417727971126464 -0.025691788256765838 -0.0055634023577296101 0.03449186696594244 -0.033194629019558955
leaf_weight=1.8580443710088719 5.6353617012500745 4.7079800218343726 6.0333833247423163 6.4895941764116287 8.0832210034131986 11.797792837023733 355.60391807183623 109.2242282256484 14.629957087337969 7.0475318729877463 18.820126622915268 102.30345921218395 73.891436956822872 4.8359998911619178 23.06240072846413 356.37624164298177 22.904955662786961 8.8351505100727064 6.3166644722223273 5.1146624237298957 186.41904346644878 32.738359197974205 36.180205971002579 108.03635329008102 7.1051381528377524 9.5502980202436429
leaf_count=8 25 21 26 27 34 50 1594 467 62 29 80 438 324 21 97 1541 101 37 27 21 781 143 157 466 30 41
internal_value=9.27541e-07 -0.000795639 0.000926661 -0.0265008 0.000619341 -0.00373439 0.00253513 0.00285589 0.000373102 0.0107616 -0.00193807 0.00353798 -0.00867752 -0.00041189 -0.00209609 0.000678526 0.00314787 0.0250519 0.00157799 0.00193638 0.00463153 -0.00734081 -0.00809373 -0.0106131 0.00395015 -0.0222013
internal_weight=1533.6 824.308 709.293 12.125 703.26 214.896 488.364 486.506 370.234 116.272 206.813 114.101 92.7116 812.183 551.335 376.951 260.848 13.6712 362.693 247.177 191.534 55.6433 174.384 144.217 30.1675 14.2583
internal_count=6648 3536 3112 52 3086 926 2160 2152 1656 496 892 488 404 3484 2380 1630 1104 58 1568 1046 802 244 750 623 127 62
is_linear=0
shrinkage=0.05


Tree=183
num_leaves=16
num_cat=0
split_feature=5 13 5 13 2 9 0 13 3 5 13 5 9 9 9
split_gain=0.452575 2.57501 1.8112 1.636 1.67863 3.97754 3.07953 1.05882 1.65753 0.907458 0.63456 1.57477 0.686986 2.80773 2.69478
threshold=0.00070892857142855297 23.910888005342581 0.00078214285714285831 34.638060998438313 34.644832520271315 0.94954550099812463 1.0000000180025095e-35 46.491731937417683 41.326986170522538 0.00079214285714285248 69.025114522140868 0.0016025000000000147 0.66989493746191864 0.66231136499269283 0.81953953953942016
decision_type=2 2 2 2 2 2 2 2 2 2 2 2 2 2 2
left_child=1 -1 3 4 -2 -6 -7 8 -3 -4 12 -12 13 -11 -14
right_child=2 7 9 -5 5 6 -8 -9 -10 10 11 -13 14 -15 -16
leaf_value=0.029282111803845837 -0.043877515977465545 0.010178912822026653 0.019757937298940306 0.0089831043397987868 0.019854229335551598 -0.057289156058192153 -0.0093075841198343792 0.016310480671653558 -0.030265756662151724 -0.00098612858522343304 0.039664376004863271 -0.0049031215941932257 0.0061711991427453282 -0.026038965723489904 -0.00049627006961542783
leaf_weight=8.2599914371967333 4.8714381456375149 4.2398086339235288 5.8821822106838217 7.5783713832497588 6.9246781915426281 5.1460598111152622 9.5498917102813721 3.9708951562643042 6.2937094569206238 436.64507841691375 3.4454031959176046 4.6668238565325737 185.45780037343502 11.477582499384878 828.74718864262104
leaf_count=38 22 20 27 37 32 31 40 20 30 1922 18 24 799 49 3539
internal_value=7.72614e-07 0.0069982 -0.000104692 -0.0115022 -0.0173623 -0.011388 -0.0261092 -0.00569206 -0.0139865 0.000158339 7.99351e-05 0.0140255 2.57263e-06 -0.0016278 0.000722945
internal_weight=1533.16 22.7644 1510.39 34.0704 26.4921 21.6206 14.696 14.5044 10.5335 1476.32 1470.44 8.11223 1462.33 448.123 1014.2
internal_count=6648 108 6540 162 125 103 71 70 50 6378 6351 42 6309 1971 4338
is_linear=0
shrinkage=0.05


Tree=184
num_leaves=17
num_cat=0
split_feature=2 12 3 13 3 5 3 2 3 2 2 4 5 2 13 2
split_gain=0.434883 0.919885 1.05801 2.61824 2.84921 2.28155 1.57695 0.567373 2.8601 1.74835 1.20401 1.9448 2.75474 0.705938 2.45483 1.27247
threshold=20.771590506259731 1.0000000180025095e-35 8.2692271164542692 35.440875335509652 5.1632212280157272 0.0011832142857142816 13.874624821861408 22.398262720724258 12.810744382022298 23.0969549924415 25.165525846926077 1.6405942876552888 0.0013521428571428575 31.479511867442699 18.805163807690935 31.885572027046823
decision_type=2 2 2 2 2 2 2 2 2 2 2 2 2 2 2 2
left_child=1 2 3 4 -1 -4 -7 8 -2 -9 11 12 -11 14 -12 -15
right_child=7 -3 5 -5 -6 6 -8 9 -10 10 13 -13 -14 15 -16 -17
leaf_value=0.03676560152035506 0.008879614910811939 -0.0099230498351899881 -0.015047649909890055 -0.03264378242264928 -0.014412645790971516 0.050552068597394265 0.014102345314743348 0.026675085136237137 -0.041024869179755896 0.0039544465792651388 -0.010034087822681358 0.016734703686494434 -0.035314905049681281 -0.023450426187322283 0.0079840546004820434 -0.00018976413746758789
leaf_weight=5.7952998727560061 7.2173360884189588 8.077688202261923 4.007838279008868 4.4799073785543433 5.1240663751959801 4.8642834946513158 7.6091713905334473 6.0947506576776496 4.7676109075546265 7.675064414739615 24.427500769495964 4.8395469412207595 10.680932089686392 5.9055098667740813 83.591185830533504 1337.7433486618102
leaf_count=30 33 36 18 20 24 24 37 27 21 35 105 22 51 27 381 5757
internal_value=5.75407e-07 0.00514833 0.00896701 -0.000456177 0.0127495 0.0177716 0.0283167 -0.000137203 -0.0109724 -4.9517e-05 -0.000159954 -0.0114616 -0.0188955 2.0629e-05 0.00390941 -0.000291998
internal_weight=1532.9 39.9583 31.8806 15.3993 10.9194 16.4813 12.4735 1492.94 11.9849 1480.96 1474.86 23.1955 18.356 1451.67 108.019 1343.65
internal_count=6648 189 153 74 54 79 61 6459 54 6405 6378 108 86 6270 486 5784
is_linear=0
shrinkage=0.05


Tree=185
num_leaves=21
num_cat=0
split_feature=4 5 4 5 2 3 6 3 5 5 5 9 9 9 2 6 6 9 2 9
split_gain=0.428654 2.56741 1.90272 2.92532 3.02227 1.57764 1.81333 2.3467 1.98015 3.07302 1.82422 1.33829 1.27228 0.889442 0.923051 1.62778 5.67139 1.02697 1.95149 1.54055
threshold=2.2935236122243388 0.0009749999999999799 2.1663111332385236 0.0011982142857142532 36.893203883495651 75.685017168067247 0.40322575767439661 60.809196716689719 0.0012764285714285675 0.0017614285714285568 0.0015103571428571568 2.3067170130210291 1.6452530309053042 2.6108585094717642 75.903347251829857 0.96666655388901557 0.90120730326000187 0.28101926805378474 53.356649922539326 0.29535469071299952
decision_type=2 2 2 2 2 2 2 2 2 2 2 2 2 2 2 2 2 2 2 2
left_child=2 -2 13 -4 -5 6 8 10 -3 -10 -8 12 -7 14 17 16 -16 18 -1 -19
right_child=1 5 3 4 -6 11 7 -9 9 -11 -12 -13 -14 -15 15 -17 -18 19 -20 -21
leaf_value=0.02793959894661633 -0.038402540734323504 0.032723590603539111 0.048247871307159886 0.037958781955015355 -0.014970508802510758 0.0066307617796941363 0.011909917938683026 -0.047174305787560829 -0.022313448886714809 0.021325245993457708 -0.0275498756785761 -0.0085406737640152559 0.042417958911294268 0.015906239638139596 -0.0067379229947025958 -0.026859839357693784 0.030820918416697186 -0.026214977504327653 -0.010678137934340928 0.00021545253269105772
leaf_weight=8.8679523095488531 5.0168828815221778 4.5137758180499103 5.1500898450613048 4.1046145111322385 7.8644897788763046 5.3197084665298444 6.3064184933900851 5.0446384847164145 9.9358404874801654 6.7920042127370825 5.4688265323638916 4.9133848994970313 4.6582134515047073 8.7052465453743917 96.886597968637943 7.5467602461576453 11.214252322912214 5.5364952683448783 5.1836376488208762 1313.5499981567264
leaf_count=48 23 20 24 20 34 23 29 24 44 30 26 21 20 39 420 35 48 26 24 5670
internal_value=6.32948e-07 -0.00421682 0.000166429 0.0167386 0.00318075 -0.000977977 -0.00637622 -0.0186407 0.00333521 -0.00459484 -0.00641656 0.0128197 0.0233381 -2.82224e-05 -0.000123967 -0.00440896 -0.00284161 0.000247749 0.0136935 0.000104518
internal_weight=1532.58 57.9697 1474.61 17.1192 11.9691 52.9528 38.0615 16.8199 21.2416 16.7278 11.7752 14.8913 9.97792 1457.49 1448.79 115.648 108.101 1333.14 14.0516 1319.09
internal_count=6648 260 6388 78 54 237 173 79 94 74 55 64 43 6310 6271 503 468 5768 72 5696
is_linear=0
shrinkage=0.05


Tree=186
num_leaves=30
num_cat=0
split_feature=3 9 10 2 9 9 4 3 2 4 4 2 2 2 5 4 4 3 2 4 9 4 9 4 2 4 2 9 3
split_gain=0.418163 3.02284 2.69236 4.54211 4.31469 3.23771 2.94929 5.01694 2.32697 2.10733 0.893783 2.65163 2.98251 2.44083 1.9408 1.88016 1.21259 1.26062 3.2927 1.0618 0.785528 5.16941 6.20623 2.90156 4.59643 3.57562 2.50706 0.650713 0.245765
threshold=94.986228911905371 0.43937847031713528 1.0000000180025095e-35 72.135489024729921 0.81045476906369152 0.79016831552529765 1.6262275958685766 97.65854661321724 81.318163635203078 1.1192648157382934 0.14225519663849576 51.583021038603157 62.20006057852472 35.69498069498092 0.001459642857142856 0.088714290825969447 0.19259771359776109 60.390187077577828 44.046856898969601 0.10985849801372735 0.81953953953942016 1.3183753498828483 0.75623708792975453 1.4067166236182447 58.241185101407744 1.3984610878940853 40.429166868608654 0.62206535371084326 27.884250779266281
decision_type=2 2 2 2 2 2 2 2 2 2 2 2 2 2 2 2 2 2 2 2 2 2 2 2 2 2 2 2 2
left_child=10 -2 4 5 27 -4 9 -8 -5 -6 11 13 -13 14 -1 -14 17 18 -12 28 21 22 -18 25 -25 -22 -23 -3 -15
right_child=1 2 3 8 6 -7 7 -9 -10 -11 16 12 15 19 -16 -17 20 -19 -20 -21 23 26 -24 24 -26 -27 -28 -29 -30
leaf_value=-0.007968115383271298 -0.043222139713033896 -0.025426615777352213 0.011007940334596508 -0.030283907980081105 -0.0090303654990969897 0.065165681376811654 -0.06128712476765287 0.0025539297355622933 0.012562930917109397 0.020268523654657162 -0.0020803071862928986 0.053449726738638272 -0.016978795204096044 -0.016576549490602398 0.042961809034923006 0.02973648673229953 0.00052898877571690595 0.0063223972040818907 -0.055668262881804903 -0.035619813081966295 -0.0027936237349957291 -0.050596832662556629 0.016623700907904378 -0.0011744144518258059 0.011617134041871813 -0.044387072521126579 -0.012069177100356075 -0.052090553899474493 0.0024426613889388304
leaf_weight=3.5813699513673809 4.5281341746449462 4.5674631297588331 5.9725278317928332 6.0231634825468046 9.8912974148988742 5.1300670504570007 4.7111755907535544 8.8737257570028287 6.6866003274917603 16.17034612596035 7.7384600862860697 5.5145698077976695 4.3114154413342458 2.8682774938642961 3.9158497303724289 4.3040125370025635 490.56131187826395 5.8163984119892111 4.5531443804502487 4.9063538014888763 492.03118716180325 5.8298451453447369 68.226913951337337 223.89531734585762 102.32443773001432 5.2218719869852057 15.313741117715834 4.5850970298051834 4.1649208664894104
leaf_count=17 23 21 25 27 43 21 20 38 29 69 34 33 22 18 28 20 2124 26 21 22 2112 27 293 971 435 22 64 20 23
internal_value=6.15713e-07 -0.00358684 -0.00111514 0.0126677 -0.00784072 0.0360321 -0.000697274 -0.0195858 -0.00774221 0.00914858 0.000190801 0.00825504 0.0247371 -0.003727 0.0186329 0.00635878 3.77101e-07 -0.0128557 -0.0219307 -0.0177675 0.000166257 0.00157586 0.00249412 -0.000826454 0.00283787 -0.00323041 -0.0226923 -0.0387843 -0.00531375
internal_weight=1532.22 77.1396 72.6115 23.8124 48.7991 11.1026 39.6465 13.5849 12.7098 26.0616 1455.08 33.5668 14.13 19.4368 7.49722 8.61543 1421.51 18.108 12.2916 11.9396 1403.4 579.932 558.788 823.473 326.22 497.253 21.1436 9.15256 7.0332
internal_count=6648 336 313 102 211 46 170 58 56 112 6312 183 75 108 45 42 6129 81 55 63 6048 2508 2417 3540 1406 2134 91 41 41
is_linear=0
shrinkage=0.05


Tree=187
num_leaves=23
num_cat=0
split_feature=4 9 2 9 9 6 6 4 13 2 11 6 2 6 11 6 9 9 4 6 10 2
split_gain=0.400142 1.85451 1.88709 2.61651 2.81017 1.8478 3.42386 1.72252 3.05566 1.81733 1.11808 3.39651 3.29028 0.888679 3.26588 2.58454 2.47117 1.47665 1.22198 1.17345 2.46621 1.15346
threshold=2.2935236122243388 1.2279113823711374 58.241185101407744 1.6452530309053042 1.4255991410642628 0.66949329572381677 0.86535214257470938 2.1663111332385236 20.365129341605734 42.217030114226496 1.0000000180025095e-35 0.20896311153055327 35.904838041096937 0.019139191383070967 1.0000000180025095e-35 0.010641006933299143 0.71432144643752971 2.6108585094717642 1.2096122491924906 0.037617918624470219 1.0000000180025095e-35 74.714772333465888
decision_type=2 2 2 2 2 2 2 2 2 2 2 2 2 2 2 2 2 2 2 2 2 2
left_child=7 -2 3 4 -3 -4 -7 13 -9 -10 11 -5 -12 14 15 16 -1 19 -16 20 -15 -21
right_child=1 2 5 10 -6 6 -8 8 9 -11 12 -13 -14 17 18 -17 -18 -19 -20 21 -22 -23
leaf_value=-0.0058198414735245252 0.028232640808453127 -0.0092837096593668383 -0.011109039384213712 -0.036612870070565871 -0.066145528590042885 0.049441580571905189 -0.0072816960234753205 0.049747317624664132 0.024688696582462411 -0.014194427807482807 0.010996236943476734 0.015199934633934884 -0.04985716118573584 0.021997105646708724 -0.013588012819557127 -0.02334134437625987 0.033055294364713515 0.021328597052044929 -0.047949571256025642 0.00030304396935821909 -0.0086873733631998139 -0.0046454870903642935
leaf_weight=8.3712045662105137 4.124140352010726 4.4078173041343671 8.7712501883506793 4.238000966608527 4.2853496670722961 5.1037476658821088 5.5567882061004639 4.8060186505317715 5.3123193308711034 6.9188707172870636 4.3760049641132372 12.469537138938902 4.5111673548817635 17.080041781067848 4.9904248267412168 6.8906263262033454 7.9892592877149573 8.1951382830739004 5.373210072517395 1257.2961135990918 10.619956389069559 129.92720583081245
leaf_count=42 19 20 38 19 21 22 24 22 25 31 19 57 21 77 22 30 38 37 24 5431 46 563
internal_value=5.62878e-07 -0.00407877 -0.00655937 -0.0136142 -0.0373141 0.00588903 0.0198747 0.000160672 0.0159669 0.00269351 -0.00556457 0.0020572 -0.0198932 -2.41895e-05 -0.0080596 0.00234534 0.0131639 0.000165611 -0.0314034 4.30361e-05 0.0102329 -0.000160435
internal_weight=1531.61 57.8438 53.7197 34.2879 8.69317 19.4318 10.6605 1473.77 17.0372 12.2312 25.5947 16.7075 8.88717 1456.73 33.6147 23.2511 16.3605 1423.12 10.3636 1414.92 27.7 1387.22
internal_count=6648 260 241 157 41 84 46 6388 78 56 116 76 40 6310 156 110 80 6154 46 6117 123 5994
is_linear=0
shrinkage=0.05


Tree=188
num_leaves=15
num_cat=0
split_feature=5 2 5 4 6 6 3 5 5 13 5 2 2 2
split_gain=0.420008 2.82989 0.938733 1.78357 2.45549 2.74908 2.15255 1.22613 0.829062 0.588258 1.47043 0.551526 2.15167 2.08023
threshold=0.00066250000000001041 40.301925487068466 0.00078214285714285831 1.5188780896353586 0.16208664123398012 0.77653307947505212 54.925928628766009 0.00073571428571429201 0.00079214285714285248 69.025114522140868 0.0016025000000000147 44.046856898969601 43.124205505003985 47.459828289244591
decision_type=2 2 2 2 2 2 2 2 2 2 2 2 2 2
left_child=1 -1 3 4 -2 6 -6 -7 -4 11 -11 12 -10 -13
right_child=2 -3 8 -5 5 7 -8 -9 9 10 -12 13 -14 -15
leaf_value=-0.024404782888634201 0.02184815136368834 0.027781686780635646 0.018899182377655404 -0.032002484233464377 -0.0091028372941242379 -0.0053831765610270858 -0.043638410672867445 0.0308725542855488 0.00045764016485940568 0.038476621490423517 -0.0046941564946646414 -0.0072234642693593046 0.013553523180365252 0.00012512389298595904
leaf_weight=3.9925480261445028 7.8214907422661772 7.4357506632804871 5.8702209144830695 6.2336064502596846 15.4044750481844 4.5465267151594144 6.3808086887001982 4.7876022532582283 493.47105141170323 3.4118926897644979 4.675223134458065 109.04023770242929 33.494015008211136 824.48376627638936
leaf_count=20 36 34 27 31 73 21 32 23 2183 18 24 467 148 3511
internal_value=5.06394e-07 0.00955002 -7.13106e-05 -0.00717103 -0.00319605 -0.0094906 -0.0192181 0.0132129 0.000146213 7.12529e-05 0.0135193 -3.21232e-06 0.00129002 -0.000733228
internal_weight=1531.05 11.4283 1519.62 45.1745 38.9409 31.1194 21.7853 9.33413 1474.45 1468.58 8.08712 1460.49 526.965 933.524
internal_count=6648 54 6594 216 185 149 105 44 6378 6351 42 6309 2331 3978
is_linear=0
shrinkage=0.05


Tree=189
num_leaves=22
num_cat=0
split_feature=5 13 5 13 2 9 0 13 6 5 13 5 9 5 6 9 9 5 6 2 13
split_gain=0.421171 2.36129 1.51846 1.47961 1.53075 3.5833 2.99254 0.918852 1.61148 0.775317 2.81878 2.50582 3.68738 3.01125 0.758253 4.13161 7.22399 2.61602 2.40632 6.70225 0.882695
threshold=0.00070892857142855297 23.910888005342581 0.00078214285714285831 34.638060998438313 34.644832520271315 0.94954550099812463 1.0000000180025095e-35 46.491731937417683 0.52941169463668392 0.0009749999999999799 54.149228771336276 0.00092071428571428274 0.52591657846889517 0.00090928571428569203 0.91696975115866641 1.3581964938670541 1.966952209926941 0.0014850000000000143 0.90120730326000187 50.299526547094821 38.083818324639346
decision_type=2 2 2 2 2 2 2 2 2 2 2 2 2 2 2 2 2 2 2 2 2
left_child=1 -1 3 4 -2 -6 -7 8 -3 10 11 13 -13 -4 18 17 -17 -16 20 -20 -11
right_child=2 7 9 -5 5 6 -8 -9 -10 14 -12 12 -14 -15 15 16 -18 -19 19 -21 -22
leaf_value=0.028090090067245339 -0.04164954851048213 -0.036667338754676503 0.00026686247765805968 0.0089077264635732036 0.019148705517067953 -0.056040225403969052 -0.0081938902541618709 0.014989012559118354 0.0032090752545896259 -0.00088262900017612106 0.033132198846594046 0.047624718958323264 0.006011784882146559 -0.025699555491709276 0.00019481030894419956 0.028562037240749266 -0.020824255954083864 -0.016852503937719799 -0.027582710284863306 0.034998498701490965 0.0026963335559648553
leaf_weight=8.2563345879316348 4.8204543888568905 4.3082070499658567 106.7004391849041 7.5633687600493422 6.9174600243568447 4.9703765958547566 9.5415426194667816 3.9885283112525931 6.1506317257881165 924.86882603541017 7.5068120285868636 5.8402961790561667 60.166212901473045 12.469937413930891 39.755039468407631 21.162691503763199 11.389868363738058 51.862919136881828 6.0147417485713985 14.819489002227781 211.71858788281679
leaf_count=38 22 20 466 37 32 31 40 20 30 3973 38 27 259 54 171 90 49 227 26 62 936
internal_value=4.4054e-07 0.00675981 -0.000101319 -0.0105775 -0.0161918 -0.0104652 -0.0245814 -0.00542995 -0.0132168 0.000138958 0.0030961 0.00187848 0.00969372 -0.00245025 -0.00030564 -0.00401876 0.0112822 -0.0094553 9.27103e-05 0.0169316 -0.000215955
internal_weight=1530.79 22.7037 1508.09 33.8132 26.2498 21.4294 14.5119 14.4474 10.4588 1474.28 192.684 185.177 66.0065 119.17 1281.59 124.171 32.5526 91.618 1157.42 20.8342 1136.59
internal_count=6648 108 6540 162 125 103 71 70 50 6378 844 806 286 520 5534 537 139 398 4997 88 4909
is_linear=0
shrinkage=0.05


Tree=190
num_leaves=17
num_cat=0
split_feature=3 2 2 3 3 2 6 2 13 13 3 13 13 2 13 2
split_gain=0.42086 5.11883 5.61446 3.44326 2.9419 3.81413 3.29111 2.73946 2.5826 1.62057 1.43935 1.26102 2.13038 1.154 4.42936 1.86564
threshold=32.121883917831035 53.124639474116684 52.176281140475986 32.873783824870394 29.153062557136408 47.284513029014853 0.14516864487383138 51.182631380585555 7.5089675806157308 19.1191654387322 32.51431273707653 7.5089675806157308 7.930723070909333 39.122312336847735 18.914283285494438 44.046856898969601
decision_type=2 2 2 2 2 2 2 2 2 2 2 2 2 2 2 2
left_child=1 2 4 10 7 6 -6 8 -1 -3 -2 -5 -13 14 -14 -15
right_child=3 9 -4 11 5 -7 -8 -9 -10 -11 -12 12 13 15 -16 -17
leaf_value=0.062756384219448444 -0.009743343634878698 -0.015987952578240899 0.04770398402544683 -0.027365328390605688 -0.032311163418534704 0.05260893371807418 0.013758636579692299 -0.03430175326912089 0.00037278389638700836 -0.053066760697360438 -0.044773720888541618 0.033562440372967899 0.019580504592096655 0.0073031161796411215 -0.011492155460368064 -0.00051133675342798996
leaf_weight=1.6655629873275746 5.7835026383399946 7.4871390759944898 6.6337814182043067 4.2738270163536063 4.4159102216362944 5.5616781562566748 31.741511588916183 5.6919248253107062 423.38844637945294 4.8594468012452126 5.9482118934392929 4.6650290787219992 13.888505809009073 83.873995557427406 65.833540827035904 854.66565491259098
leaf_count=7 26 32 30 19 20 23 139 24 1879 22 26 20 61 366 295 3659
internal_value=2.99633e-07 0.00120588 0.00202506 -0.000569975 0.00138369 0.0140614 0.00813213 0.000155809 0.000617232 -0.0305817 -0.0275044 -0.000262354 -0.000149117 -0.000303562 -0.00607894 0.000187013
internal_weight=1530.38 491.445 479.099 1038.93 472.465 41.7191 36.1574 430.746 425.054 12.3466 11.7317 1027.2 1022.93 1018.26 79.722 938.54
internal_count=6648 2176 2122 4472 2092 182 159 1910 1886 54 52 4420 4401 4381 356 4025
is_linear=0
shrinkage=0.05


Tree=191
num_leaves=21
num_cat=0
split_feature=3 3 12 6 3 2 4 9 6 9 2 2 9 4 9 6 3 9 2 4
split_gain=0.410805 2.72232 2.63271 1.53037 1.39137 2.0946 0.505767 1.79736 2.04736 2.78817 3.10306 2.27747 0.958288 4.12314 1.94118 4.93393 3.86836 1.92499 1.34433 0.729225
threshold=97.202660406885641 97.65854661321724 1.0000000180025095e-35 0.98502227613638416 97.966520228560981 82.015003354446293 2.4394013952695239 1.5725244996981365 0.20896311153055327 2.3776002952323263 57.142857142857423 65.432139232606374 2.525446239205333 1.5815304545144475 2.1927297751329795 0.33525082333611544 70.366150915066143 2.1111783595098794 42.217030114226496 2.1663111332385236
decision_type=2 2 2 2 2 2 2 2 2 2 2 2 2 2 2 2 2 2 2 2
left_child=6 -2 3 4 -3 -6 12 -8 -9 10 -10 -11 14 -14 17 18 -17 19 -16 -1
right_child=1 2 -4 -5 5 -7 7 8 9 11 -12 -13 13 -15 15 16 -18 -19 -20 -21
leaf_value=0.00010801714567255706 -0.036610018844208045 0.013128865843848451 0.031830846960419157 0.020679837844841602 -0.026665588797750567 0.0097563448144155282 -0.026353030164801439 -0.025541619992151349 0.0028094474667458317 0.0071090660372275273 0.05403116429709455 -0.038603451767354538 0.052391278735860775 -0.0066270940915009284 -0.021532331381511897 0.032926514192321309 -0.017147289393738021 0.023927171188555786 -0.058479613419007342 0.0085259274862300293
leaf_weight=1377.6993880774826 5.8208500966429702 4.9299525767564836 5.5720026493072501 4.6383840441703788 14.243168890476229 5.4609024897217742 8.1601007506251317 6.1658218652009991 7.3984778895974177 6.8617655634880048 4.925133004784584 4.519283726811409 4.5201164186000815 8.5703758969902974 4.6333160102367419 6.6422506421804419 9.1979780495166761 8.6483620032668096 5.2533947825431824 26.216811534017324
leaf_count=5970 26 22 24 20 63 25 39 27 35 31 21 20 20 38 20 28 38 38 23 120
internal_value=2.35442e-07 -0.004958 0.000329558 -0.00566671 -0.0106276 -0.0165714 0.000135609 -0.00555635 0.00012494 0.00680107 0.0232802 -0.0110428 0.000284756 0.0137518 0.000162187 -0.0134488 0.00385006 0.000410083 -0.0411646 0.000265214
internal_weight=1530.08 40.6653 34.8444 29.2724 24.634 19.7041 1489.41 38.0306 29.8705 23.7047 12.3236 11.381 1451.38 13.0905 1438.29 25.7269 15.8402 1412.56 9.88671 1403.92
internal_count=6648 180 154 130 110 88 6468 173 134 107 56 51 6295 58 6237 109 66 6128 43 6090
is_linear=0
shrinkage=0.05


Tree=192
num_leaves=30
num_cat=0
split_feature=5 3 3 4 3 6 5 13 13 3 13 3 6 5 6 4 2 13 3 3 2 4 2 5 3 4 2 3 2
split_gain=0.43833 2.34113 3.2921 3.97007 5.50328 5.21751 4.55882 3.4539 5.41423 3.11667 2.41363 2.08474 4.57065 2.05317 1.99483 4.60345 1.80926 1.80774 1.58271 1.04465 5.92926 4.88527 6.45918 4.51415 2.55922 1.94035 1.18671 4.36965 1.46121
threshold=0.002224999999999993 86.287315815011354 35.928724796730613 0.42615854593080221 24.523890083862483 0.33928567389464648 0.0023696428571428545 13.672439286579486 10.788879671861201 80.023918612073459 24.173599975423382 94.685897492870794 0.89698293093576409 0.0021735714285714019 0.38533124829051268 1.4213432252566731 40.429166868608654 21.690021148978222 66.320604271278256 89.649780732707725 56.330556298645966 0.68173281739009417 74.212215763705203 0.0017946428571428777 89.365552683193343 0.66613616639502715 81.318163635203078 81.164951875208033 65.432139232606374
decision_type=2 2 2 2 2 2 2 2 2 2 2 2 2 2 2 2 2 2 2 2 2 2 2 2 2 2 2 2 2
left_child=13 2 3 17 6 -6 -5 8 -4 10 -9 14 -13 19 -3 -16 -15 -2 -18 24 25 22 -22 -23 26 -21 28 -28 -1
right_child=1 11 7 4 5 -7 -8 9 -10 -11 -12 12 -14 16 15 -17 18 -19 -20 20 21 23 -24 -25 -26 -27 27 -29 -30
leaf_value=-0.00022016432308721008 0.01808683998968396 -0.00019814465740779246 -0.026648305992488026 0.029529151519331484 -0.013676964096993436 0.051310350374120989 -0.018025982261713199 -0.022175594427788731 0.040894587847476613 -0.043461092222960518 0.00023961327561110649 -0.03733258356109688 0.028123975992481055 -0.044469834405215403 0.05937845463155407 -0.0030622324970224963 0.006584569196813439 0.06373500259133906 -0.030252665573342375 -0.05633190768088181 0.030095196642606282 -0.0032787308407454781 -0.010036296188150051 -0.038677399240361156 0.034850039795404616 -0.018919800038591214 -0.051939421324152912 0.0035818234587459037 0.0049965112361889871
leaf_weight=1030.1478335279971 4.5566496849060041 5.2131856530904832 4.6946267411112776 6.2919130623340633 4.6707903891801825 9.1169260591268522 25.320642039179802 19.445949822664261 8.0624557435512525 7.2091743052005759 31.404178351163864 4.9417721182107908 5.7935296595096588 4.57262606173754 8.0653318762779218 4.6557498425245276 7.5540101379156095 4.1388295590877533 4.7489848434925079 6.0026792511343947 24.349753700196743 86.810302138328552 17.045034058392048 10.048738181591032 5.3748666495084754 8.2002846300601941 5.0322129428386715 11.981265544891356 154.34658832848072
leaf_count=4492 21 22 21 27 20 40 110 81 35 31 136 22 26 21 34 20 33 26 21 27 104 371 77 43 23 35 22 53 654
internal_value=1.79841e-07 0.00253371 -0.00042376 0.00886353 0.00293557 0.0292949 -0.00856098 -0.00751821 0.0160387 -0.0126942 -0.00833234 0.0154193 -0.00200759 -0.000282555 0.0258509 0.036526 -0.0176156 0.0398142 -0.00763469 -6.73736e-05 -0.00396726 -0.000806814 0.0135703 -0.0069512 0.00042527 -0.0347315 0.000271273 -0.0128401 0.000459599
internal_weight=1529.8 153.582 124.912 54.0958 45.4003 13.7877 31.6126 70.8164 12.7571 58.0593 50.8501 28.6696 10.7353 1376.22 17.9343 12.7211 16.8756 8.69548 12.303 1359.34 152.457 138.254 41.3948 96.859 1206.88 14.203 1201.51 17.0135 1184.49
internal_count=6648 672 548 244 197 60 137 304 56 248 217 124 48 5976 76 54 75 47 54 5901 657 595 181 414 5244 62 5221 75 5146
is_linear=0
shrinkage=0.05


Tree=193
num_leaves=31
num_cat=0
split_feature=13 9 13 13 2 5 5 6 5 4 9 13 5 2 2 5 11 2 5 10 2 4 4 6 6 2 6 9 9 4
split_gain=0.423776 4.56184 2.78407 3.44358 3.24531 3.06568 3.44113 2.80665 2.84856 2.46038 2.17444 1.5182 6.28169 3.21137 4.5588 5.20891 2.40618 1.85361 3.31151 1.85645 1.46382 1.38586 3.16934 3.9969 2.86108 4.52336 4.24925 2.73582 1.244 1.01856
threshold=14.505228769273698 2.1111783595098794 13.534763452008784 13.07740509245672 45.641319170598742 0.0016407142857142573 0.0010985714285713934 0.02603048842711753 0.0011700000000000204 1.1498766301071133 0.81045476906369152 15.551960528452133 0.00091500000000003091 66.433430027785221 49.102437677023083 0.0017028571428571015 1.0000000180025095e-35 85.799635147461387 0.0012128571428571585 1.0000000180025095e-35 43.929209601524889 0.64319559953600736 0.66254195454710363 0.42902927801876661 0.030288632989825356 39.391737138828582 0.15742089528754372 0.395001010371207 1.1972535018571235 1.0865486976633869
decision_type=2 2 2 2 2 2 2 2 2 2 2 2 2 2 2 2 2 2 2 2 2 2 2 2 2 2 2 2 2 2
left_child=1 2 3 7 -5 6 28 -1 -9 -7 -6 12 -2 14 16 -16 -14 21 -19 -20 -8 24 23 -23 25 -13 -26 -24 -4 -15
right_child=11 -3 5 4 10 9 20 8 -10 -11 -12 17 13 29 15 -17 -18 18 19 -21 -22 22 27 -25 26 -27 -28 -29 -30 -31
leaf_value=0.032539886632788027 -0.032658640656635755 0.037758299214396135 -0.040717788382896768 -0.009611560668224689 0.010614456038741435 -0.017088436736077194 -0.015547381680378163 -0.014778876644350035 0.00017894759144801735 -0.062239454308180446 0.052771179375667554 0.028961573942627813 0.048746572125816699 0.022994869167529207 -0.026341083254548533 0.029233871059662183 0.0043467931331795818 0.012834176450162917 -0.043948297614252674 -0.0062062110663830836 0.015934564380358396 -0.053575447024861646 -0.036167114530973508 -0.004301232497027299 0.017709722464440386 -0.034010598483989657 0.0015879177552119818 -0.00015404034847903278 -0.0077473790280021661 0.05340664779948448
leaf_weight=5.4151418060064307 7.7149263918399802 7.0039968490600577 6.9725629687309283 6.2449533641338375 5.3877129405736905 7.3867438435554487 5.0839002728462246 44.476272493600845 111.93649391084909 5.1006437242031097 7.0763028860092163 3.7983605600893489 7.751602418720724 5.0705593675374967 12.395829357206823 6.3896049931645384 5.032526507973671 7.1320631057024029 8.3311747014522535 5.3507177978754035 13.489823460578917 6.3261736482381847 5.306653529405593 11.777209818363188 47.457767818123102 11.442119635641573 294.52378493174911 846.87793958559632 4.8516973704099655 6.024343267083168
leaf_count=24 33 31 30 28 23 31 21 194 486 22 30 22 34 21 54 27 21 31 37 24 58 28 26 52 211 52 1315 3636 21 25
internal_value=2.05854e-07 -0.00197588 -0.00322149 -0.000501181 0.0198081 -0.0146733 -0.00610508 -0.00284914 -0.00407434 -0.035531 0.0345485 0.000350818 0.00886058 0.0163684 0.00823618 -0.00743803 0.0312684 7.38456e-06 -0.0147889 -0.0291881 0.00731749 0.000258273 -0.000818078 -0.02152 0.00288055 -0.0183161 0.00382519 -0.000378298 -0.0271895 0.0395079
internal_weight=1529.13 230.426 223.422 180.537 18.709 42.8854 30.398 161.828 156.413 12.4874 12.464 1298.7 50.3794 42.6645 31.5696 18.7854 12.7841 1248.32 20.814 13.6819 18.5737 1227.51 870.288 18.1034 357.222 15.2405 341.982 852.185 11.8243 11.0949
internal_count=6648 999 968 785 81 183 130 704 680 53 53 5649 215 182 136 81 55 5434 92 61 79 5342 3742 80 1600 74 1526 3662 51 46
is_linear=0
shrinkage=0.05


Tree=194
num_leaves=30
num_cat=0
split_feature=3 3 5 5 5 5 5 12 3 6 4 4 3 5 6 2 3 2 2 2 4 2 3 5 3 5 5 4 4
split_gain=0.407069 2.94233 2.11845 3.55199 2.08363 4.43548 3.93727 4.73549 4.01758 2.26289 5.77689 3.48321 1.94009 8.84618 4.36051 4.82039 4.07813 3.41068 4.26124 2.72649 1.80982 1.75147 2.78057 1.81798 1.6297 1.41379 2.84887 1.96127 1.13518
threshold=26.730871649209671 25.55578238236108 0.0014935714285714199 0.0011121428571428556 0.0012285714285714202 0.0012610714285714111 0.001131071428571416 1.0000000180025095e-35 19.697864606998369 0.15384614550836759 1.188030558115315 1.4398751671571217 29.153062557136408 0.0014414285714285699 0.24813171309754872 35.33877443867236 29.508313888712987 36.709711171497666 45.16573908815257 28.577634355220507 0.89764457153422517 39.122312336847735 52.137419109250295 0.00066250000000001041 33.967433445336553 0.0026653571428571269 0.0023696428571428545 0.47302651954503222 0.91603283617038123
decision_type=2 2 2 2 2 2 2 2 2 2 2 2 2 2 2 2 2 2 2 2 2 2 2 2 2 2 2 2 2
left_child=1 4 3 -3 6 20 9 8 -8 10 -1 -11 13 17 -15 -16 -14 -2 -19 24 -6 22 -21 -23 -18 26 -7 -27 -17
right_child=12 2 -4 -5 5 25 7 -9 -10 11 -12 -13 16 14 15 28 19 18 -20 21 -22 23 -24 -25 -26 27 -28 -29 -30
leaf_value=0.034838904649684498 -0.069194299324972355 0.031554277283196819 0.040936206932932026 -0.015303189383590028 -0.057980025175121755 -0.00074248924184691992 0.01749261743600097 -0.013223074782136905 0.060985963761057617 -0.0080588412148501435 -0.0089395321422950751 0.016765659503680027 0.041324243265190422 -0.034786400760543339 -0.022139958599748908 0.028521948551064547 0.047444723121069593 0.0058714385628137848 -0.051556895056607877 -0.0045916026430013399 -0.01565008053560973 0.025865423258282512 -0.036351176798134301 -0.00014470211883311996 0.0067037929405208366 0.045690587648135467 -0.023894576355911648 0.0038821337679770121 0.062682958848258447
leaf_weight=14.774032831192018 5.455242112278941 8.2068863958120399 7.2826566174626342 7.9740591347217551 4.6474469751119596 188.81947296857834 17.209284126758579 8.0415949225425702 7.6786501854658118 73.600529417395592 15.380259320139883 17.4880351126194 5.9043455123901358 3.599335283041003 3.6066854149103156 4.8826117366552335 4.6278394013643247 6.6434028297662717 6.2870329692959785 84.275294067338109 5.5294388830661774 6.7648562639951697 7.5054360628128043 970.93272422999144 5.2270958125591278 3.5544127821922329 14.292965203523634 13.306215673685072 4.8451130092144012
leaf_count=70 24 37 33 34 20 845 75 35 32 322 68 76 26 16 17 23 21 28 28 377 24 31 34 4168 23 20 64 57 20
internal_value=1.75165e-07 0.00135285 0.0185418 0.00846266 0.000303434 -0.00270978 0.00480159 0.0201336 0.0309116 0.000637417 0.0125096 -0.0032928 -0.000492083 -0.0120245 0.0140493 0.0272315 -0.000116758 -0.0360392 -0.0220514 -0.000343455 -0.0349808 -0.000584687 -0.00718876 3.52664e-05 0.0258356 -0.00121679 -0.0023717 0.0126958 0.0455366
internal_weight=1528.34 407.786 23.4636 16.1809 384.322 230.15 154.172 32.9295 24.8879 121.243 30.1543 91.0886 1120.56 35.3194 16.9337 13.3344 1085.24 18.3857 12.9304 1079.33 10.1769 1069.48 91.7807 977.698 9.85494 219.973 203.112 16.8606 9.72772
internal_count=6648 1812 104 71 1708 1030 678 142 107 536 138 398 4836 156 76 60 4680 80 56 4654 44 4610 411 4199 44 986 909 77 43
is_linear=0
shrinkage=0.05


Tree=195
num_leaves=12
num_cat=0
split_feature=5 5 9 5 5 6 6 6 5 5 6
split_gain=0.418064 0.767514 4.19612 3.34963 0.835974 2.75122 3.3317 3.24731 1.70711 2.46517 2.21959
threshold=0.005075714285714311 0.0041625000000000221 0.97918253137422351 0.0038596428571428614 0.0022449999999999974 0.34741300022162619 0.50695096305495424 0.095238090136033945 0.0019010714285714566 0.001833928571428556 0.23734908852492875
decision_type=2 2 2 2 2 2 2 2 2 2 2
left_child=1 3 -3 4 8 7 -7 -6 9 -1 -10
right_child=-2 2 -4 -5 5 6 -8 -9 10 -11 -12
leaf_value=-7.6612681086255771e-05 -0.013943333041439835 0.042971530588325112 -0.019401837301161549 -0.039415207150570071 0.014434390322148553 0.028445976618473753 0.0040632198107909993 -0.015220032829885172 0.0042764014257053928 0.012344992863723503 -0.0094192344808806516
leaf_weight=1196.1385172884911 5.3567608669400206 5.6727817654609662 5.1392761021852493 5.383484110236167 13.292361304163931 17.928921401500702 64.096579398959875 30.220323279500008 41.753324255347252 41.322079449892044 101.49679161608219
leaf_count=5189 24 26 22 24 60 78 284 129 183 184 445
internal_value=3.56562e-07 4.94178e-05 0.0133237 -4.55275e-05 9.51837e-05 0.00400163 0.00939274 -0.00616113 -0.000260001 0.000338178 -0.00542735
internal_weight=1527.8 1522.44 10.8121 1511.63 1506.25 125.538 82.0255 43.5127 1380.71 1237.46 143.25
internal_count=6648 6624 48 6576 6552 551 362 189 6001 5373 628
is_linear=0
shrinkage=0.05


Tree=196
num_leaves=28
num_cat=0
split_feature=0 3 3 4 5 5 5 10 6 6 9 4 4 3 5 9 4 6 3 9 3 9 4 6 6 5 4
split_gain=0.39881 1.46424 2.2888 1.11157 2.9561 1.93202 3.28352 1.5646 5.64226 6.43577 4.75351 4.37579 3.73138 3.63455 1.46352 2.13321 1.09141 2.65261 2.13179 2.08833 2.39212 2.06701 1.75003 1.26409 5.25815 3.41059 0.950958
threshold=1.0000000180025095e-35 92.113724826536995 95.696876278938205 0.28199255103375426 0.0014996428571428324 0.001833928571428556 0.0021289285714285781 1.0000000180025095e-35 0.55637910040136074 0.60960057558086944 0.71932638568012963 0.47302651954503222 0.4941797448345942 42.024264740593559 0.0010671428571428381 0.55368696409035667 0.24512304115904363 0.91325246159197548 86.023180458622036 0.58522589786147061 69.131239993973296 0.25932563341979137 0.26821116747565005 0.90120730326000187 0.89408501601896895 0.002224999999999993 0.17504366606913632
decision_type=2 2 2 2 2 2 2 2 2 2 2 2 2 2 2 2 2 2 2 2 2 2 2 2 2 2 2
left_child=1 3 -3 4 14 26 -7 11 10 -10 -9 13 -13 -5 -1 -16 17 18 19 20 -2 -18 -23 24 -24 -25 -6
right_child=16 2 -4 7 5 6 -8 8 9 -11 -12 12 -14 -15 15 -17 21 -19 -20 -21 -22 22 23 25 -26 -27 -28
leaf_value=-0.046903542879067145 0.013698979790776318 -0.038013318184287548 0.0017850559178001408 0.0062121030781031759 0.031623647664508717 -0.040209127254910937 0.017495585908664391 -0.013817144910423892 0.063323999007014325 0.010007622955755658 0.0078321597674865257 -0.052867281895712659 -0.0023229442904652855 0.045908502425711199 -0.027370526414648506 0.0084160509674597317 0.043404628985558753 -0.020229928934339215 0.037136880371926605 0.03131936588583141 -0.021117057335609906 -0.026817436149679831 -5.0651879401578752e-06 0.0020491136534459727 -0.051247861279886689 0.029627614807244365 0.001416455407428466
leaf_weight=4.3502350524067905 12.092191928997641 6.7064367234706861 7.8308629393577576 20.190697006881241 6.6416253224015254 4.8285184279084188 5.036789558827877 54.148618809878826 6.1665886268019667 68.903394691646099 47.682705834507942 3.6820212900638571 439.73462364077568 8.0712202936410886 11.682159245014192 6.4707978516817084 2.7748302072286597 6.6936970502138129 7.8171052783727637 6.8944463841617099 8.3337850123643857 5.9594264030456534 667.89670994877815 84.702651374042034 5.0439959764480582 12.92065519094467 4.2872968763113022
leaf_count=21 70 33 37 93 35 24 27 236 27 297 205 16 1924 35 54 28 13 30 36 39 36 26 2851 357 21 57 20
internal_value=3.63466e-07 -0.000870665 -0.016575 -0.000540696 -0.00829734 0.0052936 -0.0107477 -2.28833e-05 0.00398715 0.0143873 -0.00367982 -0.00152683 -0.00274265 0.0175489 -0.0208561 -0.0146141 0.000749706 0.00861761 0.0141131 0.00752534 -0.00050594 0.000327372 0.00017344 0.000382183 -0.000389153 0.00569919 0.0197737
internal_weight=1527.54 706.415 14.5373 691.877 43.2974 20.7942 9.86531 648.58 176.901 75.07 101.831 471.679 443.417 28.2619 22.5032 18.153 821.129 41.8312 35.1375 27.3204 20.426 779.298 776.523 770.564 672.941 97.6233 10.9289
internal_count=6648 3112 70 3042 209 106 51 2833 765 324 441 2068 1940 128 103 82 3536 211 181 145 106 3325 3312 3286 2872 414 55
is_linear=0
shrinkage=0.05


Tree=197
num_leaves=31
num_cat=0
split_feature=5 5 9 4 5 13 13 9 5 9 9 13 4 6 13 9 0 4 13 5 5 13 5 5 13 5 13 6 13 13
split_gain=0.399654 4.17131 7.59968 4.31669 3.15239 2.90195 3.90971 4.03322 4.66686 4.45006 4.10939 3.80417 3.63239 4.89014 3.23049 3.2045 2.89865 5.3376 2.46981 3.2025 2.79782 5.86892 2.84067 2.22527 2.21233 3.99237 2.71563 4.55946 2.46608 2.17058
threshold=0.0015549999999999891 0.0015803571428571635 1.1125827814569955 0.54974220706552224 0.0015875000000000038 20.531219930560322 18.206751715242728 1.6640713143623937 0.00082321428571428639 0.53036897959010376 1.9417268953226279 17.59014636671402 0.74536827781621195 0.072178726226313883 17.162319941798142 2.8378985066241929 1.0000000180025095e-35 0.76463552850662231 21.135016910087256 0.0011882142857142749 0.0012896428571428527 55.350958684613666 0.0011882142857142749 0.001015714285714255 50.959672548933433 0.0016889285714285578 48.463030255421259 0.36916470451565014 44.222246798515663 25.202006248139416
decision_type=2 2 2 2 2 2 2 2 2 2 2 2 2 2 2 2 2 2 2 2 2 2 2 2 2 2 2 2 2 2
left_child=5 2 3 -2 -3 6 11 8 -8 -10 -9 12 14 -14 -1 18 -13 -18 19 23 22 -22 -20 -7 26 -26 28 -28 -6 -5
right_child=1 4 -4 29 24 15 7 10 9 -11 -12 16 13 -15 -16 -17 17 -19 20 -21 21 -23 -24 -25 25 -27 27 -29 -30 -31
leaf_value=-0.00705898975312711 -0.009088310396924924 0.034801091101273489 0.026773101992247812 -0.035440599961385245 0.00043215089761150603 0.012464493841446466 0.026120738180979482 0.044264476657023079 0.0096308381838996274 -0.025345704646076855 -0.015712539936319898 -0.001903395434665274 -0.027994294098372532 0.0060226400660046454 -0.048728155003908785 -0.02641087825511795 0.07765235754764313 0.010098899126180411 0.0022300448458342599 -0.0016555773817942211 0.0059619130494475321 0.053092642381122802 -0.0085587889081101733 0.058743104646970058 -0.057470539133949151 -0.006003723218383228 0.064271768938093485 -0.0031494047753031894 -0.016682347361862606 -0.081322665198832467
leaf_weight=94.103301025927067 7.4871918037533822 6.3738655894994727 6.0758681148290625 5.0282614976167661 466.1566569916904 4.5098909363150614 5.959015265107154 5.9525499492883664 10.744154617190359 59.208493039011955 5.489889919757843 8.5614293068647385 11.477868214249609 132.8441374078393 4.8932033628225318 9.3268547579646093 4.735025443136692 7.6455806493759155 337.34443706274033 8.7997770309448224 171.05434453114867 6.8705719374120227 74.482231572270393 6.1257763206958771 4.4865958541631725 23.527557451277971 4.379634276032446 5.8666306436061859 22.043705180287361 5.289061464369297
leaf_count=410 34 27 26 22 2023 20 26 26 48 249 23 37 50 569 21 42 21 32 1483 37 744 33 320 26 19 110 21 28 98 23
internal_value=4.08702e-07 -0.00106745 -0.0215114 -0.0379887 -0.000151197 0.000613205 -0.00301374 -0.012184 -0.0163552 -0.0199736 0.0154885 1.75912e-05 -0.00174238 0.00331729 -0.00911861 0.00267507 0.0204661 0.0359351 0.00312038 0.0206577 0.00254243 0.00778187 0.000278796 0.0391194 -0.000574364 -0.0142464 0.000194042 0.0256689 -0.00034062 -0.0589615
internal_weight=1526.84 556.715 23.8804 17.8045 532.835 970.129 351.615 87.3541 75.9117 69.9526 11.4424 264.261 243.319 144.322 98.9965 618.514 20.942 12.3806 609.187 19.4354 589.752 177.925 411.827 10.6357 526.461 28.0142 498.447 10.2463 488.2 10.3173
internal_count=6648 2431 105 79 2326 4217 1512 372 323 297 49 1140 1050 619 431 2705 90 53 2663 83 2580 777 1803 46 2299 129 2170 49 2121 45
is_linear=0
shrinkage=0.05


Tree=198
num_leaves=23
num_cat=0
split_feature=2 9 9 3 3 6 13 6 10 9 9 6 3 2 13 6 6 3 6 5 13 5
split_gain=0.406284 1.84824 2.54457 1.75138 2.97114 0.545986 4.17437 4.50059 1.93031 2.96905 2.27931 1.32479 5.29883 5.34875 3.4575 3.87395 0.978209 3.80674 3.12978 5.20748 2.19388 1.83641
threshold=18.862488243129608 0.91381707818982683 0.49117353775202849 5.6486676016837274 14.212724509565232 0.97626085094535364 43.829083677689368 0.97941296588189053 1.0000000180025095e-35 0.87577098733461489 1.289803389324061 0.93417104199219869 32.51431273707653 35.545473095972589 12.945671252935965 0.9473682340718711 0.77653307947505212 95.372962452357356 0.78844747727294018 0.0012714285714285744 38.083818324639346 0.00104428571428572
decision_type=2 2 2 2 2 2 2 2 2 2 2 2 2 2 2 2 2 2 2 2 2 2
left_child=1 2 -1 -3 -5 11 7 -7 10 -10 -9 16 13 -13 -14 -16 17 20 19 -18 -2 -20
right_child=5 3 -4 4 -6 6 -8 8 9 -11 -12 12 14 -15 15 -17 18 -19 21 -21 -22 -23
leaf_value=0.02404702287912561 -0.0013975327653408219 0.038511642307026132 -0.024992056362336569 -0.020091189832731338 0.03242128306143751 0.057113694626117678 -0.037059566910139063 -0.023126335378677098 -0.00035017716272390902 0.044545799259770827 0.010613702016985027 -0.013743266860864176 -0.045855369762260352 0.055009868340447167 -0.027482798661677878 0.00089157913562345689 0.05696025423203227 -0.037742340673277579 -0.006593725017335148 0.00090072715300823904 0.0043485511771564232 0.0037364044772282921
leaf_weight=3.9204532057046917 908.8114649951458 5.9161883071064976 8.1326552778482419 5.7121326178312284 5.0973569750785828 4.6318268030881873 5.1492276340723029 9.5776032730937022 8.9478053301572782 6.2580155730247489 10.485686615109442 5.1015366166830045 6.9578083753585807 6.3498832881450653 17.912892654538155 36.624193489551544 6.9226034283638027 6.847468525171279 55.827690184116364 10.315390929579733 203.26867243275046 187.57290745154023
leaf_count=22 3930 29 36 25 23 20 22 42 40 26 46 24 30 28 78 162 29 33 241 47 910 805
internal_value=4.84457e-07 0.00588506 -0.00904136 0.0166416 0.00467176 -0.0001126 0.00530841 0.010776 0.00469057 0.0181269 -0.00549276 -0.000280734 -0.00684752 0.0243808 -0.0126628 -0.00842808 6.64929e-05 -0.000576095 0.00282514 0.0234137 -0.00034725 0.00136703
internal_weight=1526.34 28.7788 12.0531 16.7257 10.8095 1497.56 45.0502 39.9009 35.2691 15.2058 20.0633 1452.51 72.9463 11.4514 61.4949 54.5371 1379.57 1118.93 260.639 17.238 1112.08 243.401
internal_count=6648 135 58 77 48 6513 196 174 154 66 88 6317 322 52 270 240 5995 4873 1122 76 4840 1046
is_linear=0
shrinkage=0.05


Tree=199
num_leaves=11
num_cat=0
split_feature=5 5 9 5 5 5 9 9 13 2
split_gain=0.389891 0.681182 3.83669 3.0314 0.740784 4.79062 3.75863 4.57259 2.852 1.57601
threshold=0.005075714285714311 0.0041625000000000221 0.97918253137422351 0.0038596428571428614 0.002559285714285701 0.0025239285714285563 1.1125827814569955 0.8992631636092393 25.897451489141421 91.19101668521968
decision_type=2 2 2 2 2 2 2 2 2 2
left_child=1 3 -3 4 5 9 7 -6 -8 -1
right_child=-2 2 -4 -5 6 -7 8 -9 -10 -11
leaf_value=-9.570070738656646e-05 -0.013486672708106438 0.041117086048627162 -0.01870693292036666 -0.037553048630698152 0.0049198652067029211 -0.046527232797129087 0.012415081492724203 -0.037492709070312318 0.056940646119714972 0.020258815552425424
leaf_weight=1426.565556731075 5.33975726366043 5.6210234053432924 5.1223814636468887 5.3666737526655188 37.082348868250847 5.5442718565464011 13.022388681769373 7.6692873537540427 4.9686178714036933 9.5737506598234159
leaf_count=6209 24 26 22 24 166 25 56 33 21 42
internal_value=4.61081e-07 4.78246e-05 0.0125934 -4.14474e-05 9.23661e-05 -0.000139094 0.0054108 -0.00234857 0.0247118 3.99888e-05
internal_weight=1525.88 1520.54 10.7434 1509.79 1504.43 1441.68 62.7426 44.7516 17.991 1436.14
internal_count=6648 6624 48 6576 6552 6276 276 199 77 6251
is_linear=0
shrinkage=0.05


end of trees

feature_importances:
Column_5=801
Column_13=759
Column_2=707
Column_4=698
Column_6=627
Column_9=588
Column_3=541
Column_0=89
Column_10=46
Column_8=39
Column_11=30
Column_12=30
Column_1=5

parameters:
[boosting: gbdt]
[objective: binary]
[metric: binary_logloss]
[tree_learner: serial]
[device_type: cpu]
[data_sample_strategy: bagging]
[data: ]
[valid: ]
[num_iterations: 200]
[learning_rate: 0.05]
[num_leaves: 31]
[num_threads: 4]
[seed: 42]
[deterministic: 0]
[force_col_wise: 0]
[force_row_wise: 0]
[histogram_pool_size: -1]
[max_depth: 6]
[min_data_in_leaf: 20]
[min_sum_hessian_in_leaf: 0.001]
[bagging_fraction: 0.8]
[pos_bagging_fraction: 1]
[neg_bagging_fraction: 1]
[bagging_freq: 0]
[bagging_seed: 400]
[bagging_by_query: 0]
[feature_fraction: 0.8]
[feature_fraction_bynode: 1]
[feature_fraction_seed: 30056]
[extra_trees: 0]
[extra_seed: 12879]
[early_stopping_round: 0]
[early_stopping_min_delta: 0]
[first_metric_only: 0]
[max_delta_step: 0]
[lambda_l1: 0]
[lambda_l2: 0]
[linear_lambda: 0]
[min_gain_to_split: 0]
[drop_rate: 0.1]
[max_drop: 50]
[skip_drop: 0.5]
[xgboost_dart_mode: 0]
[uniform_drop: 0]
[drop_seed: 17869]
[top_rate: 0.2]
[other_rate: 0.1]
[min_data_per_group: 100]
[max_cat_threshold: 32]
[cat_l2: 10]
[cat_smooth: 10]
[max_cat_to_onehot: 4]
[top_k: 20]
[monotone_constraints: ]
[monotone_constraints_method: basic]
[monotone_penalty: 0]
[feature_contri: ]
[forcedsplits_filename: ]
[refit_decay_rate: 0.9]
[cegb_tradeoff: 1]
[cegb_penalty_split: 0]
[cegb_penalty_feature_lazy: ]
[cegb_penalty_feature_coupled: ]
[path_smooth: 0]
[interaction_constraints: ]
[verbosity: -1]
[saved_feature_importance_type: 0]
[use_quantized_grad: 0]
[num_grad_quant_bins: 4]
[quant_train_renew_leaf: 0]
[stochastic_rounding: 1]
[linear_tree: 0]
[max_bin: 255]
[max_bin_by_feature: ]
[min_data_in_bin: 3]
[bin_construct_sample_cnt: 200000]
[data_random_seed: 175]
[is_enable_sparse: 1]
[enable_bundle: 1]
[use_missing: 1]
[zero_as_missing: 0]
[feature_pre_filter: 1]
[pre_partition: 0]
[two_round: 0]
[header: 0]
[label_column: ]
[weight_column: ]
[group_column: ]
[ignore_column: ]
[categorical_feature: ]
[forcedbins_filename: ]
[precise_float_parser: 0]
[parser_config_file: ]
[objective_seed: 16083]
[num_class: 1]
[is_unbalance: 0]
[scale_pos_weight: 1]
[sigmoid: 1]
[boost_from_average: 1]
[reg_sqrt: 0]
[alpha: 0.9]
[fair_c: 1]
[poisson_max_delta_step: 0.7]
[tweedie_variance_power: 1.5]
[lambdarank_truncation_level: 30]
[lambdarank_norm: 1]
[label_gain: ]
[lambdarank_position_bias_regularization: 0]
[eval_at: ]
[multi_error_top_k: 1]
[auc_mu_weights: ]
[num_machines: 1]
[local_listen_port: 12400]
[time_out: 120]
[machine_list_filename: ]
[machines: ]
[gpu_platform_id: -1]
[gpu_device_id: -1]
[gpu_use_dp: 0]
[num_gpu: 1]

end of parameters

pandas_categorical:null
